"Spring LDAP는 어떤 목적으로 사용되나요?","Spring LDAP는 Lightweight Directory Access Protocol을 사용하는 Spring 기반 애플리케이션을 보다 쉽게 구축할 수 있도록 도와줍니다. (출처: https://docs.spring.io/spring-ldap/reference/3.2/index.html)"
"Spring LDAP Reference 문서는 어떤 라이선스로 배포되나요?","Spring LDAP Reference 문서는 Creative Commons Attribution-NoDerivatives 4.0 International License에 따라 배포됩니다. 문서의 복사본은 개인 사용 및 배포에 사용될 수 있으며, 각 복사본에는 이 저작권 고지가 포함되어야 합니다. (출처: https://docs.spring.io/spring-ldap/reference/3.2/index.html)"
"Spring LDAP Reference 문서를 배포할 때 어떤 조건을 준수해야 하나요?","Spring LDAP Reference 문서를 배포할 때는 각 복사본에 이 저작권 고지가 포함되어야 하며, 문서의 변경은 허용되지 않습니다. (출처: https://docs.spring.io/spring-ldap/reference/3.2/index.html)"
"Spring Framework에서 Java LDAP 프로그래밍을 단순화하는 데 어떤 역할을 하는가?","Spring JDBC는 Java LDAP 프로그래밍을 단순화하는 데 중요한 역할을 합니다. 이는 JNDI/LDAP 프로그래밍의 반복적이고 지루한 작업을 단순화하고 코드 중복을 줄이기 위한 JDBC와 유사한 프레임워크를 제공합니다. (출처: https://docs.spring.io/spring-ldap/reference/3.2/preface.html)"
"JDBC와 JNDI/LDAP 프로그래밍의 단점은 무엇인가요?","JDBC와 JNDI/LDAP 프로그래밍은 모두 간단한 작업을 수행하는 데 많은 배관 코드가 필요하며, 예외 처리가 어렵고, 모든 리소스를 올바르게 닫아야 하며, 일반적인 사용 사례에서 코드 중복을 유발할 수 있습니다. 이러한 요인들은 Java LDAP 프로그래밍을 반복적이고 지루하게 만들 수 있습니다. (출처: https://docs.spring.io/spring-ldap/reference/3.2/preface.html)"
"JDBC와 JNDI/LDAP 프로그래밍에서 코드 중복이 발생하는 이유는 무엇인가요?","JDBC와 JNDI/LDAP 프로그래밍에서 코드 중복이 발생하는 이유는 API의 특성과 관련된 다양한 이유로 인해 발생할 수 있습니다. 이러한 이유로는 간단한 작업을 수행하기 위해 많은 배관 코드가 필요하고, 예외 처리가 어렵고, 모든 리소스를 올바르게 닫아야 하며, 일반적인 사용 사례에서 반복적인 작업이 많아지기 때문입니다. (출처: https://docs.spring.io/spring-ldap/reference/3.2/preface.html)"
"Spring LDAP가 Java에서 LDAP 프로그래밍을 단순화하는 데 제공하는 기능은 무엇인가요?","LDAP 프로그래밍에 대한 JdbcTemplate과 같은 템플릿 단순화, JPA 또는 Hibernate 스타일의 어노테이션 기반 객체 및 디렉터리 매핑, Spring Data 저장소 지원, LDAP 쿼리 및 구별된 이름 구축을 단순화하는 유틸리티, 적절한 LDAP 연결 풀링, 클라이언트 측 LDAP 보상 트랜잭션 지원"
"Spring LDAP를 사용할 때 필요한 종속성은 무엇인가요?","spring-ldap-core: Spring LDAP 라이브러리, spring-core: 프레임워크 내에서 사용되는 다양한 유틸리티 클래스, spring-beans: Java 빈을 조작하기 위한 인터페이스 및 클래스, slf4j: 프레임워크 내에서 사용되는 간단한 로깅 패사드"
"Spring LDAP를 사용하여 LDAP 프로그래밍을 단순화하는 방법은 무엇인가요?","Spring LDAP AttributesMapper 및 LdapClient 클래스를 사용하여 동일한 기능을 구현하면, 전통적인 예제보다 보일러플레이트 코드가 크게 줄어듭니다. LdapClient search 메서드는 DirContext 인스턴스를 만들고 검색을 수행하며, 주어진 AttributesMapper를 사용하여 속성을 문자열로 매핑하고, 내부 목록에 문자열을 수집하고, 마지막으로 목록을 반환합니다. 또한 NamingEnumeration 및 DirContext가 올바르게 닫히도록 하고 발생할 수 있는 모든 예외를 처리합니다."
"Spring LDAP의 기본 사용법 섹션에서 다루는 내용은 무엇인가요?","Spring LDAP의 기본 사용법 섹션에서는 AttributesMapper를 사용한 검색 및 조회, LDAP 쿼리 작성, 동적으로 디렉토리 이름(DN) 구성, 예제 및 바인딩 및 언바인딩에 대한 기본 사용법을 다룹니다."
"AttributesMapper가 무엇인가요?","AttributesMapper는 LDAP 검색에서 각 항목에 대해 호출되는 콜백 인터페이스로, 결과를 사용자 정의 객체로 매핑할 수 있습니다. 또한 Attributes 객체에서 원하는 속성 값을 가져와 반환할 수 있습니다."
"Java LDAP에서 데이터를 수정하는 방법은 무엇인가요?","Java LDAP에서 데이터를 수정하는 방법은 두 가지가 있습니다. 재결합(rebind)을 사용하여 데이터를 수정하는 방법과 modifyAttributes를 사용하여 데이터를 수정하는 방법입니다."
"Spring LDAP에서 DirContextAdapter를 사용하는 이유는 무엇인가요?","Spring LDAP에서 DirContextAdapter를 사용하는 이유는 LDAP 인터페이스를 단순화하고 LDAP 속성에 대한 액세스 및 조작을 단순화하기 위해서입니다. DirContextAdapter를 사용하면 Attributes 및 Attribute 클래스를 거치지 않고 이름별로 직접 속성 값을 검색할 수 있습니다. 또한, DirContextAdapter를 사용하여 LDAP 항목을 생성, 업데이트 및 삭제할 때 세부 사항을 처리할 수 있습니다. (출처: https://docs.spring.io/spring-ldap/docs/current/reference/htmlsingle/#attribute-access-and-manipulation)"
"Spring LDAP에서 ContextMapper와 AttributesMapper의 차이점은 무엇인가요?","Spring LDAP에서 ContextMapper는 찾은 값을 변환하는 데 사용되는 반면, AttributesMapper는 속성 개체를 변환하는 데 사용됩니다. ContextMapper는 DirContextAdapter를 사용하여 찾은 값을 변환하는 데 사용되는 인터페이스입니다. AttributesMapper는 Attributes 개체를 개체로 변환하는 데 사용되는 인터페이스입니다. (출처: https://docs.spring.io/spring-ldap/docs/current/reference/htmlsingle/#attribute-access-and-manipulation)"
"Spring LDAP에서 AbstractContextMapper를 사용하는 이유는 무엇인가요?","Spring LDAP에서 AbstractContextMapper를 사용하는 이유는 제공된 Object 매개 변수를 DirContexOperations로 캐스팅하는 작업을 자동으로 처리하기 때문입니다. 이를 통해 ContextMapper 구현을 단순화하고 DirContextAdapter의 기능을 활용할 수 있습니다. (출처: https://docs.spring.io/spring-ldap/docs/current/reference/htmlsingle/#attribute-access-and-manipulation)"
"스프링 LDAP의 객체-LDAP 디렉토리 매핑(ODM)은 어떻게 동작하며, 어떤 장점을 제공하나요?","스프링 LDAP의 객체-LDAP 디렉토리 매핑(ODM)은 JPA와 Hibernate와 같은 객체-관계 매핑 프레임워크와 유사한 방식으로 객체 클래스 정의와 관계형 데이터베이스 테이블을 Java 객체에 매핑할 수 있는 기능을 제공합니다. 이를 통해 개발자는 LDAP 디렉토리를 관리하기 위한 객체 지향적인 인터페이스를 사용할 수 있습니다. ODM은 LdapOperations 인터페이스를 통해 LDAP 디렉토리에 대한 객체 매핑 작업을 수행할 수 있으며, 엔티티를 관리하기 위해 특정 클래스를 사용하고, 엔티티 DN을 나타내는 필드를 선언하고, 디렉토리 속성을 객체 클래스 필드에 매핑하는 등의 기능을 제공합니다. 또한, ODM은 특정 속성에 대한 매핑을 제어하고, 지속되지 않을 필드를 무시하도록 지정하며, 엔티티 필드를 엔트리의 DN 구성 요소에 매핑하는 등의 작업을 수행할 수 있습니다. 이러한 기능을 통해 개발자는 LDAP 디렉토리를 더 쉽게 관리하고, 코드를 더 효율적으로 작성할 수 있습니다. (출처: <https://docs.spring.io/spring-ldap/reference/3.2/odm.html>)"
"스프링 LDAP의 ODM을 사용할 때, 어떻게 엔티티 필드를 디렉토리 속성에 매핑하나요?","스프링 LDAP의 ODM을 사용할 때, 엔티티 필드는 기본적으로 필드 이름으로 LDAP 속성에 매핑됩니다. 그러나 @Attribute, @Id, @Transient, @DnAttribute 등의 어노테이션을 사용하여 매핑을 관리할 수 있습니다. @Attribute 어노테이션은 필드를 디렉토리 속성에 매핑하고, 필드 이름과 다른 속성 이름을 선언할 수 있습니다. @Id 어노테이션은 엔트리의 구분 이름을 필드에 매핑하고, @Transient 어노테이션은 필드가 지속되지 않도록 지정합니다. @DnAttribute 어노테이션은 엔티티 필드를 엔트리의 DN 구성 요소에 매핑합니다. 이러한 어노테이션을 사용하여 엔티티 필드를 디렉토리 속성에 매핑할 수 있습니다. (출처: <https://docs.spring.io/spring-ldap/reference/3.2/odm.html>)"
"스프링 LDAP의 ODM을 사용할 때, 어떻게 LDAP 엔트리를 생성하고 업데이트할 수 있나요?","스프링 LDAP의 ODM을 사용할 때, LdapTemplate 클래스의 객체 매핑 메서드를 사용하여 LDAP 엔트리를 생성하고 업데이트할 수 있습니다. 예를 들어, create() 메서드를 사용하여 새로운 엔트리를 생성하고, update() 메서드를 사용하여 기존 엔트리를 업데이트할 수 있습니다. 엔트리를 생성하거나 업데이트할 때, 객체 클래스 정의와 디렉토리 루트를 나타내는 @Entry 어노테이션과 엔트리의 DN을 나타내는 @Id 어노테이션을 사용하여 엔티티 클래스를 주석 처리해야 합니다. 또한, @Attribute, @Transient, @DnAttribute 등의 어노테이션을 사용하여 필드를 디렉토리 속성에 매핑하거나 지속되지 않도록 지정할 수 있습니다. 엔티티를 주석 처리한 후, 객체 매핑 메서드를 사용하여 엔트리를 생성하고 업데이트할 수 있습니다. (출처: <https://docs.spring.io/spring-ldap/reference/3.2/odm.html>)"
"스프링 LDAP에서 LDAP 쿼리를 사용하는 방법은 무엇인가요?","스프링 LDAP에서는 LdapQueryBuilder와 관련된 클래스를 사용하여 LDAP 검색에 대한 모든 매개변수를 지원합니다. base, searchScope, attributes, countLimit, timeLimit, search filter 등의 매개변수를 사용하여 LDAP 검색을 수행할 수 있습니다. (출처: https://docs.spring.io/spring-ldap/reference/3.2/query-builder-advanced.html)"
"스프링 LDAP에서 LdapQueryBuilder를 사용하여 LDAP 쿼리를 생성하는 방법은 무엇인가요?","LdapQueryBuilder는 base 매개변수를 먼저 정의한 다음 필터 지정 호출을 통해 플루언트 빌더 API로 사용됩니다. base 검색 매개변수는 선택 사항이지만 적어도 하나의 필터 지정 호출이 필요합니다. where 메서드를 사용하여 필터 조건을 정의하기 시작하면 나중에 base를 호출하는 등의 시도는 거부됩니다. (출처: https://docs.spring.io/spring-ldap/reference/3.2/query-builder-advanced.html)"
"스프링 LDAP에서 LdapQueryBuilder를 사용하여 LDAP 쿼리에서 어떤 필터 기준을 사용할 수 있나요?","LdapQueryBuilder는 is, gte, lte, like, whitespaceWildcardsLike, isPresent, not 등의 필터 기준을 지원합니다. is는 등호(=) 조건을 지정하고, gte는 이상(>=) 조건을 지정하며, lte는 이하(⇐) 조건을 지정합니다. like는 와일드카드를 포함한 'like' 조건을 지정하고, whitespaceWildcardsLike는 모든 공백을 와일드카드로 대체합니다. isPresent는 속성의 존재를 확인하고, not은 현재 조건을 부정합니다. (출처: https://docs.spring.io/spring-ldap/reference/3.2/query-builder-advanced.html)"
"Spring LDAP를 구성하는 권장 방법은 무엇인가요?","Spring LDAP를 구성하는 권장 방법은 사용자 정의 XML 구성 네임스페이스를 사용하는 것입니다."
"ContextSource를 구성하는 방법은 무엇인가요?","ContextSource는 <ldap:context-source> 태그를 사용하여 정의됩니다."
"ContextSource의 필수 속성은 무엇인가요?","ContextSource의 필수 속성은 username, password, url입니다."
"Spring LDAP에서 Repository를 사용하려면 어떻게 해야 하나요?","XML 구성에서 <ldap:repositories> 요소를 사용하거나, 구성 클래스에 @EnableLdapRepositories 어노테이션을 사용하여 Spring LDAP Repository를 활성화할 수 있습니다. (출처: https://docs.spring.io/spring-ldap/reference/3.2/repositories.html)"
"Spring LDAP에서 LdapQuery 매개변수를 지원하려면 어떻게 해야 하나요?","자동 생성된 리포지토리에서 LdapQuery 매개변수를 지원하려면 인터페이스가 CrudRepository 대신 LdapRepository를 확장해야 합니다. (출처: https://docs.spring.io/spring-ldap/reference/3.2/repositories.html)"
"Spring LDAP 리포지토리에서 엔티티는 어떤 ODM 어노테이션을 사용해야 하나요?","모든 Spring LDAP 리포지토리는 Object-Directory Mapping (ODM)에서 설명한 대로 ODM 어노테이션이 지정된 엔티티와 함께 작동해야 합니다. (출처: https://docs.spring.io/spring-ldap/reference/3.2/repositories.html)"
"스프링 LDAP에서 연결 풀링을 통해 어떤 이점이 있나요?","LDAP 연결 풀링을 통해 각 LDAP 상호작용마다 새로운 연결을 생성하는 오버헤드를 완화할 수 있습니다. 스프링 LDAP은 ContextSource 당 상세한 풀 구성을 지원하며, Jakarta Commons-Pool을 사용하여 기본 풀 구현을 제공합니다. 또한, 연결 풀링을 통해 연결 검증 기능을 제공하여 DirContext 연결이 여전히 올바르게 연결되어 있는지 확인할 수 있습니다. 연결 검증은 DirContext.search(String, String, SearchControls)를 사용하여 수행되며, DirContext가 통과하려면 결과를 반환해야 합니다. 기본적으로 javax.naming.CommunicationException과 같은 예외는 일시적이지 않은 오류로 간주되어 연결이 자동으로 무효화됩니다."
"PoolingContextSource에서 어떤 예외가 자동으로 무효화되나요?","PoolingContextSource에서 javax.naming.CommunicationException이 자동으로 무효화됩니다."
"PoolingContextSource에서 제공되는 다른 예외를 자동으로 무효화하려면 어떻게 해야 하나요?","PoolingContextSource에서 제공되는 다른 예외를 자동으로 무효화하려면 <ldap:pooling> 요소의 nonTransientExceptions 속성을 사용하여 쉼표로 구분된 Exception 클래스 목록을 지정하면 됩니다. 지정된 예외(또는 해당 예외의 하위 클래스)가 풀에서 반환된 DirContext 인스턴스에 대해 throw되면 해당 객체는 추가적인 testOnReturn 작업 없이 자동으로 무효화됩니다."
"LdapTemplate에서 제공되지 않는 DirContext 메서드를 호출하려면 어떻게 해야 하나요?","LdapTemplate에서 제공되지 않는 DirContext 메서드를 호출하려면 Custom SearchExecutor를 사용하여 DirContext 객체에 액세스하고 원하는 메서드를 호출할 수 있습니다. 그런 다음 속성을 매핑하고 결과를 수집하는 역할을 담당하는 핸들러를 제공해야 합니다. 마지막으로 LdapTemplate의 executeSearch 메서드를 호출하여 핸들러가 수집한 결과를 반환합니다. (출처: {https://docs.spring.io/spring-ldap/reference/3.2/adding-missing-overloaded-api-methods.html})"
"LdapTemplate에서 제공하는 executeSearch 메서드의 사용 방법은 무엇인가요?","LdapTemplate에서 제공하는 executeSearch 메서드를 사용하려면 SearchExecutor와 CallbackHandler를 구현해야 합니다. SearchExecutor는 DirContext 객체에 액세스하고 원하는 DirContext 메서드를 호출하는 역할을 담당하며, CallbackHandler는 속성을 매핑하고 결과를 수집하는 역할을 담당합니다. 마지막으로 LdapTemplate의 executeSearch 메서드를 호출하여 SearchExecutor와 CallbackHandler를 전달하고 CallbackHandler가 수집한 결과를 반환합니다. (출처: {https://docs.spring.io/spring-ldap/reference/3.2/adding-missing-overloaded-api-methods.html})"
"LdapTemplate에서 제공하는 executeReadOnly 메서드의 사용 방법은 무엇인가요?","LdapTemplate에서 제공하는 executeReadOnly 메서드를 사용하려면 ContextExecutor를 구현해야 합니다. ContextExecutor는 DirContext 객체에 액세스하고 원하는 DirContext 메서드를 호출하는 역할을 담당합니다. executeReadOnly 메서드는 읽기 전용 작업에 사용되며, 마지막으로 executeReadOnly 메서드를 호출하여 ContextExecutor를 전달하고 ContextExecutor가 반환한 결과를 반환합니다. (출처: {https://docs.spring.io/spring-ldap/reference/3.2/adding-missing-overloaded-api-methods.html})"
"DirContextProcessor란 무엇인가요?","DirContextProcessor는 LDAP 검색 전에 DirContext에 작업을 수행하고 검색 후에 작업을 수행하는 데 사용되는 인터페이스입니다. 이 인터페이스를 사용하여 검색 작업 전후에 DirContext에 작업을 수행할 수 있습니다. DirContextProcessor 인터페이스에는 preProcess 메서드와 postProcess 메서드가 포함되어 있습니다. LdapTemplate 클래스에는 DirContextProcessor를 사용하는 search 메서드가 있습니다. before the search operation, the preProcess method is called on the given DirContextProcessor instance. After the search has run and the resulting NamingEnumeration has been processed, the postProcess method is called. This lets you perform operations on the DirContext to be used in the search and to check the DirContext when the search has been performed. This can be very useful (for example, when handling request and response controls)."
"AbstractRequestControlDirContextProcessor는 무엇인가요?","AbstractRequestControlDirContextProcessor는 request control DirContextProcessor의 구현을 단순화하는 base class입니다. 이 클래스는 현재 request controls를 LdapContext에서 검색하고, request control을 생성하기 위한 template 메서드를 호출하고, LdapContext에 추가합니다. 하위 클래스에서 구현해야 하는 것은 createRequestControl 메서드와 search 후에 수행해야 하는 작업을 수행하는 postProcess 메서드뿐입니다. AbstractRequestControlDirContextProcessor 하위 클래스를 호출할 때 LdapContext가 아닌 인수를 사용하면 IllegalArgumentException이 발생합니다."
"PagedResultsDirContextProcessor는 무엇인가요?","PagedResultsDirContextProcessor는 paged results 쿠키를 계속 유효하게 유지하기 위해 사용되는 클래스입니다. 이 클래스는 요청된 페이지 크기로 PagedResultsControl을 생성하고 LdapContext에 추가합니다. 검색 후에 PagedResultsResponseControl을 가져와 paged results 쿠키를 검색하고, 이는 연속적인 paged results 요청 사이의 컨텍스트를 유지하는 데 필요합니다. PagedResultsDirContextProcessor 클래스는 이전 섹션에서 논의된 LdapContext의 사전 및 사후 처리 개념을 사용하여 paged results를 지원합니다. 또한 이 클래스는 LDAP 서버에서 검색 작업의 결과를 지정된 크기의 페이지로 반환하도록 요청합니다. 사용자는 검색이 호출되는 속도를 제어하여 페이지가 반환되는 속도를 제어합니다. 그러나 사용자는 호출 사이에 쿠키를 추적해야 합니다. 서버는 이 쿠키를 사용하여 paged results 요청을 받은 이전 시간에 중단한 위치를 추적합니다."
"Spring LDAP에서 사용자 인증의 핵심 기능은 무엇인가요?","Spring LDAP에서 사용자 인증의 핵심 기능은 ContextSource가 DirContext 인스턴스를 제공하여 LdapClient 및 LdapTemplate에서 사용하는 것입니다. 또한 ContextSource의 getContext(principal, credentials) 메서드를 사용하여 LDAP 서버에 대해 사용자를 인증할 수도 있습니다. (출처: https://docs.spring.io/spring-ldap/reference/3.2/user-authentication.html)"
"Spring LDAP에서 인증된 컨텍스트에 대한 작업을 수행하는 방법은 무엇인가요?","일부 인증 방식 및 LDAP 서버에서는 실제 인증이 발생하려면 생성된 DirContext 인스턴스에 대한 작업이 수행되어야 합니다. 서버 설정 및 인증 방식이 어떻게 동작하는지 테스트하고 확인해야 합니다. 그렇지 않으면 사용자가 제공된 DN 및 자격 증명과 관계없이 시스템에 허용될 수 있습니다. Spring LDAP의 AuthenticatedLdapEntryContextMapper 콜백 인터페이스를 사용하여 인증된 컨텍스트에서 LDAP 작업을 수행할 수 있습니다. (출처: https://docs.spring.io/spring-ldap/reference/3.2/user-authentication.html)"
"Spring LDAP에서 사용자 인증을 위해 사용자 정의 authenticate 메서드를 작성하는 것이 왜 좋지 않은가요?","Spring LDAP에서 사용자 인증을 위해 사용자 정의 authenticate 메서드를 작성하는 것은 좋지 않습니다. 왜냐하면 사용자 DN에 대해 걱정해야 하며, 사용자의 uid로만 검색할 수 있으며, 검색은 항상 트리의 루트(빈 경로)에서 시작되기 때문입니다. Spring LDAP에서 제공하는 authenticate 메서드를 사용하는 것이 좋습니다. (출처: https://docs.spring.io/spring-ldap/reference/3.2/user-authentication.html)"
"스프링 LDAP에서 임베디드 서버를 테스트하기 위해 어떤 라이브러리를 사용하나요?","스프링 LDAP는 ApacheDS와 UnboundID 두 가지 라이브러리를 사용하여 임베디드 서버를 테스트할 수 있습니다. (출처: https://docs.spring.io/spring-ldap/reference/3.2/testing.html)"
"스프링 LDAP 테스트를 사용하여 ApacheDS를 사용하기 위해 필요한 종속성은 무엇인가요?","스프링 LDAP 테스트를 사용하여 ApacheDS를 사용하기 위해서는 다음과 같은 종속성을 포함해야 합니다: <dependency> <groupId>org.apache.directory.server</groupId> <artifactId>apacheds-core</artifactId> <version>1.5.5</version> <scope>test</scope> </dependency> <dependency> <groupId>org.apache.directory.server</groupId> <artifactId>apacheds-core-entry</artifactId> <version>1.5.5</version> <scope>test</scope> </dependency> <dependency> <groupId>org.apache.directory.server</groupId> <artifactId>apacheds-protocol-shared</artifactId> <version>1.5.5</version> <scope>test</scope> </dependency> <dependency> <groupId>org.apache.directory.server</groupId> <artifactId>apacheds-protocol-ldap</artifactId> <version>1.5.5</version> <scope>test</scope> </dependency> <dependency> <groupId>org.apache.directory.server</groupId> <artifactId>apacheds-server-jndi</artifactId> <version>1.5.5</version> <scope>test</scope> </dependency> <dependency> <groupId>org.apache.directory.shared</groupId> <artifactId>shared-ldap</artifactId> <version>0.9.15</version> <scope>test</scope> </dependency> (출처: https://docs.spring.io/spring-ldap/reference/3.2/testing.html)"
"스프링 LDAP 테스트에서 임베디드 LDAP 서버를 채우는 데 사용되는 메커니즘은 무엇인가요?","스프링 LDAP 테스트에서 LDAP 서버를 채우는 데 사용되는 메커니즘은 org.springframework.ldap.test.LdifPopulator입니다. (출처: https://docs.spring.io/spring-ldap/reference/3.2/testing.html)"
"Spring LDAP에서 DirContextAdapter가 운영 속성을 채우지 않는 이유는 무엇인가요?","DirContextAdapter는 기본적으로 가시적인 속성만 읽기 때문입니다. 운영 속성은 서버에서 명시적으로 요청해야 반환되며, Spring LDAP은 어떤 속성을 요청해야 하는지 알 수 없습니다. 따라서 DirContextAdapter는 운영 속성으로 채워지지 않습니다."
"Spring LDAP에서 context.removeAttributeValue()를 사용하여 운영 속성을 제거하는 방법은 무엇인가요?","context.removeAttributeValue()를 사용하여 운영 속성을 제거하려면, 디렉토리 컨텍스트를 수동으로 캐스팅하거나, LdapTemplate#lookup(Name, String[], ContextMapper) 또는 LdapTemplate#modifyAttributes(Name, ModificationItem[])를 사용하여 속성을 제거할 수 있습니다."
"Spring LDAP에서 LdapTemplate#lookup(Name, String[], ContextMapper)를 사용하여 운영 속성을 제거하는 방법은 무엇인가요?","LdapTemplate#lookup(Name, String[], ContextMapper)를 사용하여 운영 속성을 제거하려면, mapFromContext()에서 공급된 DirContextAdapter를 반환하는 ContextMapper 구현을 사용해야 합니다."
