"Spring Cloud Circuit Breaker 프로젝트에는 어떤 구현체가 포함되어 있나요?","Resilience4J와 Spring Retry에 대한 구현체가 포함되어 있습니다. (출처: https://docs.spring.io/spring-cloud-circuitbreaker/reference/3.1/index.html)"
"Spring Cloud CircuitBreaker에서 구현된 API는 어디에 위치하나요?","Spring Cloud Commons에 위치합니다. (출처: https://docs.spring.io/spring-cloud-circuitbreaker/reference/3.1/index.html)"
"Spring Cloud CircuitBreaker API에 대한 사용 설명서는 어디에서 찾을 수 있나요?","Spring Cloud Commons 설명서(https://docs.spring.io/spring-cloud-commons/docs/current/reference/html/#spring-cloud-circuit-breaker)에서 확인할 수 있습니다. (출처: https://docs.spring.io/spring-cloud-circuitbreaker/reference/3.1/index.html)"
"스프링 생태계에서 Resilience4J Circuit Breakers를 구성하는 방법은 무엇인가요?","스프링 생태계에서 Resilience4J Circuit Breakers를 구성하는 방법은 Starter, Default Configuration, Specific Circuit Breaker Configuration, Circuit Breaker Properties Configuration을 통해 가능합니다. (출처: https://docs.spring.io/spring-cloud-circuitbreaker/reference/3.1/spring-cloud-circuitbreaker-resilience4j.html)"
"스프링 생태계에서 Resilience4J Bulkhead를 구성하는 방법은 무엇인가요?","스프링 생태계에서 Resilience4J Bulkhead를 구성하는 방법은 Bulkhead pattern supporting, Specific Bulkhead Configuration, Bulkhead Properties Configuration을 통해 가능합니다. (출처: https://docs.spring.io/spring-cloud-circuitbreaker/reference/3.1/spring-cloud-circuitbreaker-resilience4j.html)"
"스프링 생태계에서 Resilience4J Circuit Breakers의 메트릭을 수집하는 방법은 무엇인가요?","스프링 생태계에서 Resilience4J Circuit Breakers의 메트릭을 수집하는 방법은 Collecting Metrics를 통해 가능합니다. (출처: https://docs.spring.io/spring-cloud-circuitbreaker/reference/3.1/spring-cloud-circuitbreaker-resilience4j.html)"
"Resilience4J를 사용한 서킷 브레이커를 비반응형 애플리케이션에 통합하려면 어떤 스타터를 사용해야 하나요?","org.springframework.cloud:spring-cloud-starter-circuitbreaker-resilience4j를 사용해야 합니다. (출처: https://docs.spring.io/spring-cloud-circuitbreaker/reference/3.1/spring-cloud-circuitbreaker-resilience4j/starters.html)"
"Resilience4J 자동 구성을 비활성화하려면 어떤 속성을 설정해야 하나요?","spring.cloud.circuitbreaker.resilience4j.enabled를 false로 설정해야 합니다. (출처: https://docs.spring.io/spring-cloud-circuitbreaker/reference/3.1/spring-cloud-circuitbreaker-resilience4j/starters.html)"
"Resilience4J를 사용한 서킷 브레이커를 반응형 애플리케이션에 통합하려면 어떤 스타터를 사용해야 하나요?","org.springframework.cloud:spring-cloud-starter-circuitbreaker-reactor-resilience4j를 사용해야 합니다. (출처: https://docs.spring.io/spring-cloud-circuitbreaker/reference/3.1/spring-cloud-circuitbreaker-resilience4j/starters.html)"
"Resilience4J Circuit Breaker를 사용할 때, 모든 서킷 브레이커에 대한 기본 구성을 제공하는 방법은 무엇인가요?","`Resilience4JCircuitBreakerFactory` 또는 `ReactiveResilience4JCircuitBreakerFactory`를 전달하는 `Customizer` 빈을 생성하여 `configureDefault` 메서드를 사용하여 기본 구성을 제공할 수 있습니다. 예를 들어, 다음과 같이 작성할 수 있습니다: @Bean public Customizer<Resilience4JCircuitBreakerFactory> defaultCustomizer() { return factory -> factory.configureDefault(id -> new Resilience4JConfigBuilder(id) .timeLimiterConfig(TimeLimiterConfig.custom().timeoutDuration(Duration.ofSeconds(4)).build()) .circuitBreakerConfig(CircuitBreakerConfig.ofDefaults()) .build()); }"
"Resilience4J Circuit Breaker를 사용할 때, TimeLimiterConfig의 타임아웃 기간을 기본값으로 설정하는 방법은 무엇인가요?","`Customizer` 빈을 생성하여 `configureDefault` 메서드를 사용하여 기본 TimeLimiterConfig를 설정할 수 있습니다. 예를 들어, 다음과 같이 작성할 수 있습니다: @Bean public Customizer<Resilience4JCircuitBreakerFactory> defaultCustomizer() { return factory -> factory.configureDefault(id -> new Resilience4JConfigBuilder(id) .timeLimiterConfig(TimeLimiterConfig.custom().timeoutDuration(Duration.ofSeconds(4)).build()) .circuitBreakerConfig(CircuitBreakerConfig.ofDefaults()) .build()); }"
"Resilience4J Circuit Breaker를 사용할 때, 서킷 브레이커를 실행하는 ExecutorService를 구성하는 방법은 무엇인가요?","`Resilience4JCircuitBreakerFactory`를 사용하여 서킷 브레이커를 실행하는 ExecutorService를 구성할 수 있습니다. 예를 들어, 다음과 같이 작성할 수 있습니다: @Bean public Customizer<ReactiveResilience4JCircuitBreakerFactory> defaultCustomizer() { return factory -> { ContextAwareScheduledThreadPoolExecutor executor = ContextAwareScheduledThreadPoolExecutor.newScheduledThreadPool().corePoolSize(5) .build(); factory.configureExecutorService(executor); }; }"
"CircuitBreakerConfig와 TimeLimiterConfig를 사용자 정의하는 방법은 무엇인가요?","Customizer<Resilience4JCircuitBreakerFactory> 또는 Customizer<ReactiveResilience4JCircuitBreakerFactory> 빈을 생성하여 해당 메서드를 통해 사용자 정의할 수 있습니다. 예를 들어, `configure` 메서드를 사용하여 CircuitBreakerConfig와 TimeLimiterConfig를 사용자 정의할 수 있습니다. (출처: https://docs.spring.io/spring-cloud-circuitbreaker/reference/3.1/spring-cloud-circuitbreaker-resilience4j/specific-circuit-breaker-configuration.html)"
"CircuitBreaker 인스턴스 생성 후 사용자 정의하는 방법은 무엇인가요?","addCircuitBreakerCustomizer 메서드를 사용하여 CircuitBreaker 인스턴스 생성 후 사용자 정의할 수 있습니다. 이를 통해 Resilience4J CircuitBreaker에 이벤트 핸들러를 추가할 수 있습니다. 예를 들어, onError 및 onSuccess 메서드를 사용하여 특정 이벤트를 사용자 정의할 수 있습니다. (출처: https://docs.spring.io/spring-cloud-circuitbreaker/reference/3.1/spring-cloud-circuitbreaker-resilience4j/specific-circuit-breaker-configuration.html)"
"CircuitBreaker에 보안 컨텍스트를 전파하려면 어떻게 해야 하나요?","CircuitBreaker를 구성하여 DelegatingSecurityContextExecutorService를 사용하도록 설정해야 합니다. Customizer<Resilience4JCircuitBreakerFactory> 빈을 생성하고 configureGroupExecutorService 메서드를 사용하여 DelegatingSecurityContextExecutorService를 반환하도록 설정할 수 있습니다. (출처: https://docs.spring.io/spring-cloud-circuitbreaker/reference/3.1/spring-cloud-circuitbreaker-resilience4j/specific-circuit-breaker-configuration.html)"
"Resilience4J Circuit Breaker 및 Time Limiter 구성은 어떻게 할 수 있나요?","Resilience4J CircuitBreaker 및 TimeLimiter 구성 또는 인스턴스는 애플리케이션의 구성 속성 파일에서 구성할 수 있습니다. 속성 구성은 Java Customizer 구성보다 우선순위가 높습니다. 메서드(id) 구성 - 특정 메서드 또는 작업에 대한 구성 서비스(그룹) 구성 - 특정 애플리케이션 서비스 또는 작업에 대한 구성 전역 기본 구성 ReactiveResilience4JCircuitBreakerFactory.create(String id, String groupName) Resilience4JCircuitBreakerFactory.create(String id, String groupName) 전역 기본 속성 구성: resilience4j.circuitbreaker: configs: default: registerHealthIndicator: true slidingWindowSize: 50 resilience4j.timelimiter: configs: default: timeoutDuration: 5s cancelRunningFuture: true"
"Resilience4J Circuit Breaker 및 Time Limiter 속성 구성의 우선 순위는 어떻게 되나요?","우선 순위는 위에서 아래로 내려갑니다. 메서드(id) 구성 - 특정 메서드 또는 작업에 대한 구성 서비스(그룹) 구성 - 특정 애플리케이션 서비스 또는 작업에 대한 구성 전역 기본 구성"
"Resilience4J에서 Time Limiter를 비활성화하는 방법은 무엇인가요?","TimeLimiter는 기본적으로 활성화되어 있으며, 모든 실행은 시간 제한을 받습니다. 이 시간 제한은 명시적으로 정의되거나 기본 시간 제한(io.github.resilience4j.timelimiter.TimeLimiterConfig#ofDefaults에서 제공)이 사용됩니다. TimeLimiter는 전역으로 비활성화할 수 있으며, spring.cloud.circuitbreaker.resilience4j.disable-time-limiter 속성을 true로 설정하여 비활성화할 수 있습니다. 이 유형의 옵션은 spring-cloud-circuitbreaker 내에서 전역 범위에서만 제공되며, 기본 및 반응형 회로 차단기 구현에 적용됩니다."
"Spring Cloud CircuitBreaker에서 Resilience4j의 Bulkhead 패턴을 지원하는 방법은 무엇인가요?","resilience4j-bulkhead가 클래스패스에 있으면 Spring Cloud CircuitBreaker는 모든 메서드를 Resilience4j Bulkhead로 래핑합니다. Resilience4j Bulkhead를 비활성화하려면 spring.cloud.circuitbreaker.bulkhead.resilience4j.enabled를 false로 설정하세요. (출처: https://docs.spring.io/spring-cloud-circuitbreaker/reference/3.1/spring-cloud-circuitbreaker-resilience4j/bulkhead-pattern-supporting.html)"
"Spring Cloud CircuitBreaker Resilience4j에서 Bulkhead 패턴은 어떤 구현체를 제공하나요?","Spring Cloud CircuitBreaker Resilience4j는 SemaphoreBulkhead와 FixedThreadPoolBulkhead 두 가지 구현체를 제공합니다. SemaphoreBulkhead는 세마포어를 사용하고, FixedThreadPoolBulkhead는 경계가 있는 큐와 고정된 스레드 풀을 사용합니다. (출처: https://docs.spring.io/spring-cloud-circuitbreaker/reference/3.1/spring-cloud-circuitbreaker-resilience4j/bulkhead-pattern-supporting.html)"
"Spring Cloud CircuitBreaker Resilience4j에서 Bulkhead의 기본 동작을 수정하려면 어떻게 해야 하나요?","Bulkhead의 기본 동작을 수정하려면 spring.cloud.circuitbreaker.resilience4j.enableSemaphoreDefaultBulkhead 속성을 true로 설정하세요. Customizer<Resilience4jBulkheadProvider>를 사용하여 기본 Bulkhead 및 ThreadPoolBulkhead 구성을 제공할 수도 있습니다. (출처: https://docs.spring.io/spring-cloud-circuitbreaker/reference/3.1/spring-cloud-circuitbreaker-resilience4j/bulkhead-pattern-supporting.html)"
"Resilience4J에서 ThreadPoolBulkhead 및 SemaphoreBulkhead 인스턴스를 어떻게 구성할 수 있나요?","Resilience4J에서 ThreadPoolBulkhead 및 SemaphoreBulkhead 인스턴스를 구성하려면 애플리케이션의 구성 속성 파일에서 resilience4j.thread-pool-bulkhead 및 resilience4j.bulkhead 속성을 사용하세요. 자세한 내용은 Resilience4J Spring Boot 2 Configuration(https://resilience4j.readme.io/docs/getting-started-3#configuration)을 참조하세요."
"어떤 종류의 속성 구성이 우선순위가 높은가요? Java Customizer 구성인가요, 아니면 속성 구성인가요?","Java Customizer 구성보다 속성 구성이 우선순위가 높습니다. 즉, 애플리케이션의 구성 속성 파일에 지정된 속성 값이 Java Customizer를 사용하여 지정한 값보다 우선합니다."
"backendA의 ThreadPoolBulkhead 인스턴스에 대해 어떤 maxThreadPoolSize 및 coreThreadPoolSize를 구성해야 하나요?","backendA의 ThreadPoolBulkhead 인스턴스에 대해 maxThreadPoolSize를 1로, coreThreadPoolSize를 1로 구성해야 합니다. 이는 애플리케이션의 구성 속성 파일에서 resilience4j.thread-pool-bulkhead.instances.backendA.maxThreadPoolSize 및 resilience4j.thread-pool-bulkhead.instances.backendA.coreThreadPoolSize 속성을 통해 설정할 수 있습니다."
