"Spring Cloud Gateway는 어떤 프로젝트인가요?","Spring Cloud Gateway는 Spring Ecosystem을 기반으로 한 API Gateway를 제공하는 프로젝트로, Spring 6, Spring Boot 3, 그리고 Project Reactor를 포함하고 있습니다. 이 프로젝트는 API를 라우팅하고 보안, 모니터링/메트릭, 리질리언스와 같은 공통 관심사를 제공하는 간단하면서도 효과적인 방법을 목표로 합니다. (출처: <https://docs.spring.io/spring-cloud-gateway/reference/index.html>)"
"Spring Cloud Gateway의 두 가지 다른 플레이버는 무엇인가요?","Spring Cloud Gateway의 두 가지 플레이버는 Server와 Proxy Exchange입니다. 각 플레이버는 WebFlux 및 MVC 호환성을 제공합니다. Server 플레이버는 독립 실행형 또는 Spring Boot 애플리케이션에 내장될 수 있는 완전한 기능을 갖춘 API 게이트웨이입니다. Proxy Exchange 플레이버는 어노테이션 기반 WebFlux 또는 MVC 애플리케이션에서만 사용할 수 있으며, 특별한 ProxyExchange 개체를 웹 핸들러 메서드의 매개변수로 사용할 수 있습니다. (출처: <https://docs.spring.io/spring-cloud-gateway/reference/index.html>)"
"Spring Cloud Gateway의 Server 플레이버는 어떤 특징을 가지고 있나요?","Spring Cloud Gateway의 Server 플레이버는 완전한 기능을 갖춘 API 게이트웨이로, 독립 실행형 또는 Spring Boot 애플리케이션에 내장될 수 있습니다. 이는 API를 라우팅하고 보안, 모니터링/메트릭, 리질리언스와 같은 공통 관심사를 제공하는 간단하면서도 효과적인 방법을 목표로 합니다. (출처: <https://docs.spring.io/spring-cloud-gateway/reference/index.html>)"
"Spring Cloud Gateway의 주요 구성 요소는 무엇인가요?","Spring Cloud Gateway의 주요 구성 요소는 Filter, Route, Predicate입니다. Filter는 들어오는 요청이나 나가는 응답을 수정하는 역할을 하며, Route는 요청을 특정 핸들러로 라우팅하는 역할을 합니다. Predicate는 들어오는 요청을 필터링하여 특정 Route로 라우팅할지 여부를 결정하는 역할을 합니다. (Source: https://docs.spring.io/spring-cloud-gateway/reference/spring-cloud-gateway.html)"
"Spring Cloud Gateway에서 Predicate를 어떻게 작성하나요?","Spring Cloud Gateway에서 Predicate는 Spring Expression Language (SpEL)을 사용하여 작성할 수 있습니다. Predicate는 들어오는 요청을 검사하고 특정 조건을 만족하는지 여부를 확인하여 Route로 라우팅할지 여부를 결정합니다. (Source: https://docs.spring.io/spring-cloud-gateway/reference/spring-cloud-gateway.html)"
"Spring Cloud Gateway에서 필터(Filter)를 어떻게 작성하나요?","Spring Cloud Gateway에서 필터(Filter)는 Spring Cloud Gateway의 필터 체인(filter chain)에 추가되어 들어오는 요청이나 나가는 응답을 수정하는 역할을 합니다. 필터는 Spring Cloud Gateway의 필터 팩토리(filter factory)를 사용하여 작성할 수 있으며, 필터 팩토리는 필터 체인에 추가될 필터를 생성하는 역할을 합니다. (Source: https://docs.spring.io/spring-cloud-gateway/reference/spring-cloud-gateway.html)"
"스프링 클라우드 게이트웨이에서 라우트는 무엇인가요?","스프링 클라우드 게이트웨이에서 라우트는 게이트웨이의 기본 구성 요소입니다. 라우트는 ID, 대상 URI, 예측 표현식 모음 및 필터 모음으로 정의됩니다. 라우트는 집계 예측 표현식이 true인 경우 일치합니다. (출처: https://docs.spring.io/spring-cloud-gateway/reference/spring-cloud-gateway/glossary.html)"
"스프링 클라우드 게이트웨이에서 예측 표현식은 무엇인가요?","스프링 클라우드 게이트웨이에서 예측 표현식은 Java 8 Function Predicate입니다. 입력 유형은 Spring Framework ServerWebExchange입니다. 이를 통해 HTTP 요청의 헤더 또는 매개 변수와 같은 모든 항목에 대해 일치시킬 수 있습니다. (출처: https://docs.spring.io/spring-cloud-gateway/reference/spring-cloud-gateway/glossary.html)"
"스프링 클라우드 게이트웨이에서 필터는 무엇인가요?","스프링 클라우드 게이트웨이에서 필터는 GatewayFilter의 인스턴스입니다. 필터는 특정 팩토리로 구성됩니다. 여기서 다운스트림 요청을 보내기 전 또는 후에 요청 및 응답을 수정할 수 있습니다. (출처: https://docs.spring.io/spring-cloud-gateway/reference/spring-cloud-gateway/glossary.html)"
"스프링 클라우드 게이트웨이는 어떤 과정을 통해 클라이언트의 요청을 처리하나요?","스프링 클라우드 게이트웨이는 Gateway Handler Mapping을 통해 요청이 경로와 일치하는지 확인하고, 일치하는 경우 Gateway Web Handler로 전송합니다. 이 핸들러는 요청에 특정한 필터 체인을 실행합니다. 필터는 점선으로 구분되어 있으며, 프록시 요청이 전송되기 전과 후에 로직을 실행할 수 있습니다. 모든 'pre' 필터 로직이 실행되고, 프록시 요청이 전송된 후 'post' 필터 로직이 실행됩니다. (출처: https://docs.spring.io/spring-cloud-gateway/reference/spring-cloud-gateway/how-it-works.html)"
"스프링 클라우드 게이트웨이에서 정의된 경로의 URI에 포트가 정의되어 있지 않을 때 어떤 기본 포트가 사용되나요?","스프링 클라우드 게이트웨이에서 정의된 경로의 URI에 포트가 정의되어 있지 않을 경우, HTTP URI의 경우 80, HTTPS URI의 경우 443의 기본 포트가 사용됩니다. (출처: https://docs.spring.io/spring-cloud-gateway/reference/spring-cloud-gateway/how-it-works.html)"
"스프링 클라우드 게이트웨이에서 필터는 어떤 역할을 하며, 필터는 어떤 순서로 실행되나요?","스프링 클라우드 게이트웨이에서 필터는 들어오는 요청과 나가는 응답에 대한 처리를 담당합니다. 필터는 점선으로 구분되어 있으며, 프록시 요청이 전송되기 전과 후에 로직을 실행할 수 있습니다. 모든 'pre' 필터 로직이 실행되고, 프록시 요청이 전송된 후 'post' 필터 로직이 실행됩니다. (출처: https://docs.spring.io/spring-cloud-gateway/reference/spring-cloud-gateway/how-it-works.html)"
"스프링 클라우드 게이트웨이에서 predicate와 filter를 구성하는 방법은 무엇인가요?","스프링 클라우드 게이트웨이에서 predicate와 filter를 구성하는 방법은 단축키 방식과 완전히 확장된 인수 방식이 있습니다. 단축키 방식은 필터 이름 다음에 등호(=)와 쉼표(,)로 구분된 인수 값을 사용합니다. 완전히 확장된 인수 방식은 표준 yaml 구성과 유사하며, 이름/값 쌍으로 구성됩니다. 일반적으로 이름 키와 인수 키가 있으며, 인수 키는 맵 형식의 키-값 쌍으로 predicate 또는 filter를 구성합니다. (출처: https://docs.spring.io/spring-cloud-gateway/reference/html/configuring-route-predicate-factories-and-gateway-filter-factories.html)"
"쿠키 predicate를 단축키 방식으로 스프링 클라우드 게이트웨이에 구성하는 방법은 무엇인가요?","쿠키 predicate를 단축키 방식으로 스프링 클라우드 게이트웨이에 구성하려면, application.yml에서 Cookie=mycookie,mycookievalue와 같은 구문을 사용합니다. 여기서 mycookie는 쿠키 이름이고, mycookievalue는 일치시킬 값입니다. (출처: https://docs.spring.io/spring-cloud-gateway/reference/html/configuring-route-predicate-factories-and-gateway-filter-factories.html)"
"쿠키 predicate를 완전히 확장된 인수 방식으로 스프링 클라우드 게이트웨이에 구성하는 방법은 무엇인가요?","쿠키 predicate를 완전히 확장된 인수 방식으로 스프링 클라우드 게이트웨이에 구성하려면, application.yml에서 name: Cookie와 args: name: mycookie, regexp: mycookievalue와 같은 구문을 사용합니다. 여기서 name은 쿠키 이름이고, regexp는 일치시킬 값입니다. (출처: https://docs.spring.io/spring-cloud-gateway/reference/html/configuring-route-predicate-factories-and-gateway-filter-factories.html)"
"루트 필터란 무엇이며, 어떤 방식으로 사용되나요?","루트 필터는 Spring Cloud Gateway에서 들어오는 HTTP 요청 또는 나가는 HTTP 응답을 수정하는 기능을 제공합니다. 이러한 필터는 특정 루트에 적용됩니다. (Source: https://docs.spring.io/spring-cloud-gateway/reference/spring-cloud-gateway/gatewayfilter-factories.html)"
"Spring Cloud Gateway에서 내장된 GatewayFilter Factories의 목록과 사용 예제를 어디에서 확인할 수 있나요?","Spring Cloud Gateway에서 내장된 GatewayFilter Factories의 목록과 사용 예제는 공식 Spring Cloud Gateway 문서에서 확인할 수 있습니다. 또한, GitHub의 단위 테스트(https://github.com/spring-cloud/spring-cloud-gateway/tree/master/spring-cloud-gateway-server/src/test/java/org/springframework/cloud/gateway/filter/factory)에서도 자세한 예제를 확인할 수 있습니다. (Source: https://docs.spring.io/spring-cloud-gateway/reference/spring-cloud-gateway/gatewayfilter-factories.html)"
"Spring Cloud Gateway의 GatewayFilter Factories를 사용하는 방법에 대한 자세한 정보는 어디에서 얻을 수 있나요?","Spring Cloud Gateway의 GatewayFilter Factories를 사용하는 방법에 대한 자세한 정보는 공식 Spring Cloud Gateway 문서에서 확인할 수 있습니다. 또한, GitHub의 단위 테스트(https://github.com/spring-cloud/spring-cloud-gateway/tree/master/spring-cloud-gateway-server/src/test/java/org/springframework/cloud/gateway/filter/factory)에서도 각 필터의 사용 예제를 살펴볼 수 있습니다. (Source: https://docs.spring.io/spring-cloud-gateway/reference/spring-cloud-gateway/gatewayfilter-factories.html)"
"Spring Cloud Gateway에서 AddRequestHeader 필터 팩토리를 사용하는 방법은 무엇인가요?","AddRequestHeader 필터 팩토리를 사용하려면 spring.cloud.gateway.routes 섹션에 filters 키 아래에 AddRequestHeader 필터 팩토리를 구성하면 됩니다. 이름과 값 매개변수를 지정하여 다운스트림 요청의 헤더에 추가할 헤더를 정의할 수 있습니다. 값에는 URI 변수를 포함할 수 있으며, 이는 런타임에 확장됩니다. 예를 들어, application.yml에서 다음과 같이 AddRequestHeader 필터 팩토리를 구성할 수 있습니다: spring.cloud.gateway.routes[0].filters[0]=AddRequestHeader=X-Request-red, blue (출처: <https://docs.spring.io/spring-cloud-gateway/reference/spring-cloud-gateway/gatewayfilter-factories/addrequestheader-factory.html>)"
"Spring Cloud Gateway의 AddRequestHeader 필터 팩토리는 URI 변수를 인식하고 사용할 수 있나요?","네, AddRequestHeader 필터 팩토리는 URI 변수를 인식하고 사용할 수 있습니다. 값에 URI 변수를 포함할 수 있으며, 이는 런타임에 확장됩니다. 예를 들어, application.yml에서 다음과 같이 AddRequestHeader 필터 팩토리를 구성할 수 있습니다: spring.cloud.gateway.routes[0].filters[0]=AddRequestHeader=X-Request-Red, Blue-{segment} (출처: <https://docs.spring.io/spring-cloud-gateway/reference/spring-cloud-gateway/gatewayfilter-factories/addrequestheader-factory.html>)"
"Spring Cloud Gateway의 AddRequestHeader 필터 팩토리가 요청에 대한 헤더를 추가하는 순서는 어떻게 되나요?","AddRequestHeader 필터 팩토리는 게이트웨이 필터 체인의 가장 먼저 실행되므로, 다른 헤더를 추가하는 다른 필터보다 먼저 실행됩니다. 따라서, AddRequestHeader 필터 팩토리는 요청에 대한 헤더를 가장 먼저 추가합니다. (출처: <https://docs.spring.io/spring-cloud-gateway/reference/spring-cloud-gateway/gatewayfilter-factories/addrequestheader-factory.html>)"
"AddRequestHeadersIfNotPresent GatewayFilter는 어떤 상황에서 헤더를 추가하나요?","헤더가 이미 있는 경우에는 헤더를 추가하지 않습니다. 대신 클라이언트 요청의 원래 값이 전송됩니다. (출처: <https://docs.spring.io/spring-cloud-gateway/reference/html/spring-cloud-gateway.html#spring-cloud-gateway-filtering-headers-add-request-headers-if-not-present>)"
"AddRequestHeadersIfNotPresent GatewayFilter에서 여러 값을 가진 헤더를 설정하려면 어떻게 해야 하나요?","AddRequestHeadersIfNotPresent=X-Request-Color-1:blue,X-Request-Color-1:green과 같이 헤더 이름을 여러 번 사용하면 됩니다. (출처: <https://docs.spring.io/spring-cloud-gateway/reference/html/spring-cloud-gateway.html#spring-cloud-gateway-filtering-headers-add-request-headers-if-not-present>)"
"AddRequestHeadersIfNotPresent GatewayFilter에서 변수를 사용하려면 어떻게 해야 하나요?","AddRequestHeadersIfNotPresent=X-Request-Red:Blue-{segment}와 같이 헤더 값에 변수를 사용하여 경로 또는 호스트를 일치시키는 데 사용되는 변수를 구성할 수 있습니다. (출처: <https://docs.spring.io/spring-cloud-gateway/reference/html/spring-cloud-gateway.html#spring-cloud-gateway-filtering-headers-add-request-headers-if-not-present>)"
"AddResponseHeader GatewayFilter Factory를 구성하는 방법은 무엇인가요?","AddResponseHeader GatewayFilter Factory를 구성하려면, Spring Cloud Gateway의 application.yml 파일에서 'add_response_header_route'과 같은 id를 가진 route를 정의하고, 'filters' 섹션에 'AddResponseHeader=X-Response-Red, Blue'와 같은 옵션을 추가하면 됩니다. 이를 통해 모든 일치하는 요청에 대해 다운스트림 응답의 헤더에 X-Response-Red:Blue 헤더가 추가됩니다. (출처: https://docs.spring.io/spring-cloud-gateway/reference/spring-cloud-gateway/gatewayfilter-factories/addresponseheader-factory.html)"
"AddResponseHeader GatewayFilter Factory에서 값에 변수를 사용할 수 있나요? 그렇다면 어떻게 사용하나요?","네, AddResponseHeader GatewayFilter Factory에서 값에 변수를 사용할 수 있습니다. 변수는 런타임에 확장되며, 'foo, bar-{segment}'와 같이 값에 포함될 수 있습니다. (출처: https://docs.spring.io/spring-cloud-gateway/reference/spring-cloud-gateway/gatewayfilter-factories/addresponseheader-factory.html)"
"AddResponseHeader GatewayFilter Factory가 URI 변수를 인식하는지 어떻게 확인할 수 있나요?","AddResponseHeader GatewayFilter Factory가 URI 변수를 인식하는지 확인하려면, 'Host: {segment}.myhost.org'와 같이 predicates 섹션에서 URI 변수를 사용해야 합니다. 이를 통해 AddResponseHeader GatewayFilter Factory가 URI 변수를 인식하고 있음을 확인할 수 있습니다. (출처: https://docs.spring.io/spring-cloud-gateway/reference/spring-cloud-gateway/gatewayfilter-factories/addresponseheader-factory.html)"
"스프링 클라우드 서킷브레이커 게이트웨이 필터 팩토리란 무엇인가요?","스프링 클라우드 서킷브레이커 게이트웨이 필터 팩토리는 스프링 클라우드 서킷브레이커 API를 사용하여 게이트웨이 경로를 서킷브레이커로 감싸는 역할을 합니다. 이를 통해 게이트웨이에서 서킷브레이커를 사용할 수 있습니다."
"스프링 클라우드에서 서킷브레이커 게이트웨이 필터를 활성화하려면 어떤 스타터를 사용해야 하나요?","스프링 클라우드에서 서킷브레이커 게이트웨이 필터를 활성화하려면 spring-cloud-starter-circuitbreaker-reactor-resilience4j 스타터를 사용해야 합니다."
"서킷브레이커 게이트웨이 필터의 fallbackUri 매개변수는 무엇을 하는 건가요?","서킷브레이커 게이트웨이 필터의 fallbackUri 매개변수는 서킷브레이커의 fallback이 호출될 때 사용됩니다. 이 매개변수는 요청을 URI와 일치하는 컨트롤러로 전달합니다. 또한, fallbackUri 매개변수는 URI 변수를 지원하여 PathPattern 표현을 사용하여 원래 호스트 또는 경로의 섹션을 전달할 수 있습니다."
"Spring Cloud Gateway에서 CacheRequestBody GatewayFilter Factory는 어떤 상황에서 사용되나요?","CacheRequestBody GatewayFilter Factory는 요청 본문을 읽어야 하는 상황에서 사용됩니다. 요청 본문은 한 번만 읽을 수 있기 때문에, 이를 캐시하여 사용해야 합니다. (Source: https://docs.spring.io/spring-cloud-gateway/reference/spring-cloud-gateway/gatewayfilter-factories/cacherequestbody-factory.html)"
"CacheRequestBody GatewayFilter Factory는 어떤 방식으로 요청 본문을 처리하나요?","CacheRequestBody GatewayFilter Factory는 요청 본문을 캐시하고, 이를 하류로 보내기 전에 교환 속성에서 가져옵니다. (Source: https://docs.spring.io/spring-cloud-gateway/reference/spring-cloud-gateway/gatewayfilter-factories/cacherequestbody-factory.html)"
"CacheRequestBody GatewayFilter Factory는 어떤 종류의 요청에 대해 작동하나요?","CacheRequestBody GatewayFilter Factory는 HTTP(HTTPS 포함) 요청에 대해서만 작동합니다. (Source: https://docs.spring.io/spring-cloud-gateway/reference/spring-cloud-gateway/gatewayfilter-factories/cacherequestbody-factory.html)"
"DedupeResponseHeader GatewayFilter 팩토리는 어떤 매개변수를 사용하나요?","DedupeResponseHeader GatewayFilter 팩토리는 이름 매개변수와 선택적인 전략 매개변수를 사용합니다. (출처: https://docs.spring.io/spring-cloud-gateway/reference/spring-cloud-gateway/gatewayfilter-factories/deduperesponseheader-factory.html)"
"DedupeResponseHeader GatewayFilter를 구성하려면 어떻게 해야 하나요?","DedupeResponseHeader GatewayFilter는 application.yml 파일에 spring.cloud.gateway.routes.filters 아래에 다음 구성을 추가하여 구성할 수 있습니다: - DedupeResponseHeader=Access-Control-Allow-Credentials Access-Control-Allow-Origin. (출처: https://docs.spring.io/spring-cloud-gateway/reference/spring-cloud-gateway/gatewayfilter-factories/deduperesponseheader-factory.html)"
"DedupeResponseHeader GatewayFilter의 전략 매개변수는 어떤 값을 가질 수 있나요?","DedupeResponseHeader GatewayFilter의 전략 매개변수는 RETAIN_FIRST (기본값), RETAIN_LAST 및 RETAIN_UNIQUE 값을 가질 수 있습니다. (출처: https://docs.spring.io/spring-cloud-gateway/reference/spring-cloud-gateway/gatewayfilter-factories/deduperesponseheader-factory.html)"
"JsonToGrpc GatewayFilter Factory는 어떤 역할을 하는가요?","JsonToGrpc GatewayFilter Factory는 JSON 페이로드를 gRPC 요청으로 변환하는 역할을 합니다. (출처: https://docs.spring.io/spring-cloud-gateway/reference/html/#json-to-grpc-factory)"
"JsonToGrpc GatewayFilter Factory의 필수 인수는 무엇인가요?","JsonToGrpc GatewayFilter Factory의 필수 인수는 protoDescriptor, protoFile, service, method입니다. (출처: https://docs.spring.io/spring-cloud-gateway/reference/html/#json-to-grpc-factory)"
"JsonToGrpc GatewayFilter Factory를 사용하여 Spring Cloud Gateway에서 gRPC 서비스를 호출하는 방법은 무엇인가요?","JsonToGrpc GatewayFilter Factory를 사용하여 Spring Cloud Gateway에서 gRPC 서비스를 호출하려면, routes 메서드에서 filters 메서드를 사용하여 protoDescriptor, protoFile, service, method 인수를 JSONToGRPC에 전달하면 됩니다. (출처: https://docs.spring.io/spring-cloud-gateway/reference/html/#json-to-grpc-factory)"
"로컬 응답 캐시 GatewayFilter Factory를 활성화하려면 어떤 속성을 사용해야 하나요?","spring.cloud.gateway.filter.local-response-cache.enabled 속성을 사용하면 로컬 응답 캐시 GatewayFilter Factory를 활성화할 수 있습니다. (출처: https://docs.spring.io/spring-cloud-gateway/reference/spring-cloud-gateway/gatewayfilter-factories/local-cache-response-filter.html)"
"로컬 응답 캐시 GatewayFilter Factory는 어떤 종류의 요청에 대해 응답을 캐시하나요?","로컬 응답 캐시 GatewayFilter Factory는 바디 없는 GET 요청에 대해서만 응답을 캐시합니다. (출처: https://docs.spring.io/spring-cloud-gateway/reference/spring-cloud-gateway/gatewayfilter-factories/local-cache-response-filter.html)"
"로컬 응답 캐시 GatewayFilter Factory는 어떤 상태 코드에 대해 응답을 캐시하나요?","로컬 응답 캐시 GatewayFilter Factory는 HTTP 200 (OK), HTTP 206 (Partial Content), 또는 HTTP 301 (Moved Permanently) 상태 코드에 대해서만 응답을 캐시합니다. (출처: https://docs.spring.io/spring-cloud-gateway/reference/spring-cloud-gateway/gatewayfilter-factories/local-cache-response-filter.html)"
"MapRequestHeader GatewayFilter Factory의 목적은 무엇인가요?","MapRequestHeader GatewayFilter factory는 fromHeader와 toHeader 매개변수를 사용하여 들어오는 HTTP 요청의 기존 명명된 헤더에서 새로운 명명된 헤더(toHeader)를 생성하고 값을 추출합니다. 입력 헤더가 존재하지 않으면 필터는 영향을 미치지 않습니다. 새로운 명명된 헤더가 이미 존재하면 값이 새로운 값으로 추가됩니다. (출처: <https://docs.spring.io/spring-cloud-gateway/reference/spring-cloud-gateway/gatewayfilter-factories/maprequestheader-factory.html>)"
"MapRequestHeader GatewayFilter Factory의 'fromHeader' 매개변수는 어떤 역할을 하나요?","MapRequestHeader GatewayFilter Factory의 'fromHeader' 매개변수는 들어오는 HTTP 요청에서 새로운 명명된 헤더(toHeader)의 값을 추출하는 데 사용되는 기존 명명된 헤더의 이름을 지정합니다. (출처: <https://docs.spring.io/spring-cloud-gateway/reference/spring-cloud-gateway/gatewayfilter-factories/maprequestheader-factory.html>)"
"MapRequestHeader GatewayFilter Factory의 'toHeader' 매개변수는 어떤 역할을 하나요?","MapRequestHeader GatewayFilter Factory의 'toHeader' 매개변수는 들어오는 HTTP 요청의 기존 명명된 헤더에서 추출한 값으로 채울 새로운 명명된 헤더의 이름을 지정합니다. (출처: <https://docs.spring.io/spring-cloud-gateway/reference/spring-cloud-gateway/gatewayfilter-factories/maprequestheader-factory.html>)"
"ModifyResponseBody 게이트웨이 필터 팩토리는 무엇인가요?","ModifyResponseBody 게이트웨이 필터 팩토리는 응답 본문을 클라이언트로 다시 보내기 전에 수정하는 데 사용됩니다. 이 필터는 Java DSL을 통해서만 구성할 수 있습니다."
"Spring Cloud Gateway에서 RouteLocator를 사용하여 응답 본문을 수정하려면 어떻게 해야 하나요?","Spring Cloud Gateway에서 RouteLocator를 사용하여 응답 본문을 수정하려면 Java DSL을 사용하여 ModifyResponseBody 필터를 구성해야 합니다. 다음은 응답 본문을 수정하는 GatewayFilter를 구성하는 예입니다."
"ModifyResponseBody 필터를 사용하여 응답 본문이 없는 경우 어떻게 해야 하나요?","ModifyResponseBody 필터를 사용하여 응답 본문이 없는 경우 RewriteFilter에 null이 전달됩니다. 응답에 누락된 본문을 할당하려면 Mono.empty()를 반환해야 합니다."
"Spring Cloud Gateway에서 PrefixPath GatewayFilter Factory를 어떻게 구성하나요?","PrefixPath GatewayFilter Factory는 단일 접두사 매개변수를 사용합니다. 다음 예제는 prefixpath 게이트웨이 필터를 구성하는 방법을 보여줍니다: application.yml spring: cloud: gateway: routes: - id: prefixpath_route uri: https://example.org filters: - PrefixPath=/mypath"
"PrefixPath GatewayFilter Factory는 어떤 방식으로 요청 경로에 영향을 미치나요?","PrefixPath GatewayFilter Factory는 일치하는 모든 요청의 경로에 /mypath를 접두사로 추가합니다. 따라서 /hello에 대한 요청은 /mypath/hello로 전송됩니다."
"Spring Cloud Gateway에서 PrefixPath GatewayFilter Factory를 사용하는 이유는 무엇인가요?","Spring Cloud Gateway에서 PrefixPath GatewayFilter Factory를 사용하여 특정 경로에 접두사를 추가하고 라우팅 동작을 수정할 수 있습니다."
"PreserveHostHeader GatewayFilter Factory의 역할은 무엇인가요?","PreserveHostHeader GatewayFilter Factory는 원래의 호스트 헤더를 HTTP 클라이언트에 의해 결정된 호스트 헤더 대신에 보내야 하는지 여부를 결정하기 위해 라우팅 필터가 검사하는 요청 속성을 설정합니다. (Source: https://docs.spring.io/spring-cloud-gateway/reference/spring-cloud-gateway/gatewayfilter-factories/preservehostheader-factory.html)"
"PreserveHostHeader GatewayFilter Factory의 구성 예시는 무엇인가요?","PreserveHostHeader GatewayFilter Factory를 구성하는 예시는 다음과 같습니다: spring: cloud: gateway: routes: - id: preserve_host_route uri: https://example.org filters: - PreserveHostHeader (Source: https://docs.spring.io/spring-cloud-gateway/reference/spring-cloud-gateway/gatewayfilter-factories/preservehostheader-factory.html)"
"PreserveHostHeader GatewayFilter Factory에는 어떤 매개변수가 필요한가요?","PreserveHostHeader GatewayFilter Factory에는 매개변수가 없습니다. (Source: https://docs.spring.io/spring-cloud-gateway/reference/spring-cloud-gateway/gatewayfilter-factories/preservehostheader-factory.html)"
"RedirectTo GatewayFilter 팩토리의 includeRequestParams 매개변수는 어떤 역할을 하나요?","includeRequestParams 매개변수는 요청 쿼리 매개변수가 https://docs.spring.io/spring-cloud-gateway/reference/spring-cloud-gateway/gatewayfilter-factories/redirectto-factory.html에 포함되어야 하는지 여부를 나타냅니다. 설정되지 않은 경우 false로 처리됩니다. (출처: https://docs.spring.io/spring-cloud-gateway/reference/spring-cloud-gateway/gatewayfilter-factories/redirectto-factory.html)"
"RedirectTo GatewayFilter 팩토리의 status 매개변수는 어떤 값이어야 하나요?","status 매개변수는 300 시리즈 리다이렉트 HTTP 코드, 예를 들어 301과 같은 값이어야 합니다. (출처: https://docs.spring.io/spring-cloud-gateway/reference/spring-cloud-gateway/gatewayfilter-factories/redirectto-factory.html)"
"상대적 리다이렉트를 위해 RedirectTo GatewayFilter 팩토리에서 route 정의의 uri에 어떤 값을 사용해야 하나요?","상대적 리다이렉트를 위해 uri: no://op을 route 정의의 uri로 사용해야 합니다. (출처: <https://docs.spring.io/spring-cloud-gateway/reference/spring-cloud-gateway/gatewayfilter-factories/redirectto-factory.html>)"
"RemoveJsonAttributesResponseBody GatewayFilter는 무엇인가요?","RemoveJsonAttributesResponseBody GatewayFilter는 Spring Cloud Gateway에서 JSON body content에서 attribute를 삭제하여 transformation을 적용하는 편리한 방법을 제공하는 factory입니다. 이 filter는 검색할 attribute 이름의 collection을 취하며, 선택적인 마지막 매개변수로 boolean 값을 전달하여 attribute를 root level에서만 제거할지 (default 값, false) 또는 재귀적으로 (true) 제거할지 결정할 수 있습니다."
"RemoveJsonAttributesResponseBody GatewayFilter를 어떻게 구성하나요?","RemoveJsonAttributesResponseBody GatewayFilter는 Spring Cloud Gateway의 application.yml 또는 application.properties 파일에서 다음과 같은 형식으로 구성할 수 있습니다: spring.cloud.gateway.routes.<route_id>.filters=RemoveJsonAttributesResponseBody=<attribute_name>,<attribute_name>,<optional_last_parameter_boolean_value> 예를 들어, 다음과 같이 'id'와 'color' attribute를 root level에서 제거하는 RemoveJsonAttributesResponseBody GatewayFilter를 구성할 수 있습니다: spring.cloud.gateway.routes.removejsonattributes_route.filters=RemoveJsonAttributesResponseBody=id,color"
"RemoveJsonAttributesResponseBody GatewayFilter의 마지막 매개변수는 어떤 역할을 하나요?","RemoveJsonAttributesResponseBody GatewayFilter의 마지막 매개변수는 attribute를 root level에서만 제거할지 (default 값, false) 또는 재귀적으로 (true) 제거할지 결정하는 boolean 값입니다. 이 매개변수는 attribute를 root level에서만 제거할지, JSON body의 모든 수준에서 제거할지 여부를 제어합니다."
"RemoveRequestHeader GatewayFilter Factory에서 어떤 매개변수를 사용하나요?","RemoveRequestHeader GatewayFilter factory takes a name parameter. It is the name of the header to be removed. (Source: <https://docs.spring.io/spring-cloud-gateway/reference/spring-cloud-gateway/gatewayfilter-factories/removerequestheader-factory.html>)"
"RemoveRequestHeader GatewayFilter를 어떻게 구성하나요?","The following listing configures a RemoveRequestHeader GatewayFilter: application.yml spring: cloud: gateway: routes: - id: removerequestheader_route uri: https://example.org filters: - RemoveRequestHeader=X-Request-Foo This removes the X-Request-Foo header before it is sent downstream. (Source: <https://docs.spring.io/spring-cloud-gateway/reference/spring-cloud-gateway/gatewayfilter-factories/removerequestheader-factory.html>)"
"RemoveRequestHeader GatewayFilter를 적용한 후 어떤 헤더가 제거되나요?","This removes the X-Request-Foo header before it is sent downstream. (Source: <https://docs.spring.io/spring-cloud-gateway/reference/spring-cloud-gateway/gatewayfilter-factories/removerequestheader-factory.html>)"
"RemoveRequestParameter GatewayFilter factory의 이름 매개변수는 무엇인가요?","RemoveRequestParameter GatewayFilter factory의 이름 매개변수는 제거할 쿼리 매개변수의 이름입니다. (출처: https://docs.spring.io/spring-cloud-gateway/reference/spring-cloud-gateway/gatewayfilter-factories/removerequestparameter-factory.html)"
"RemoveRequestParameter GatewayFilter를 구성하기 위한 예시 구성을 알려주세요.","RemoveRequestParameter GatewayFilter를 구성하기 위한 예시 구성은 다음과 같습니다: application.yml spring: cloud: gateway: routes: - id: removerequestparameter_route uri: https://example.org filters: - RemoveRequestParameter=red 이렇게 하면 red 매개변수가 하류로 전송되기 전에 제거됩니다. (출처: https://docs.spring.io/spring-cloud-gateway/reference/spring-cloud-gateway/gatewayfilter-factories/removerequestparameter-factory.html)"
"RemoveRequestParameter GatewayFilter는 어떻게 동작하나요?","RemoveRequestParameter GatewayFilter는 요청에서 지정된 매개변수를 제거한 후 하류로 전송합니다. 매개변수를 제거하기 위해 name 매개변수를 사용합니다. (출처: https://docs.spring.io/spring-cloud-gateway/reference/spring-cloud-gateway/gatewayfilter-factories/removerequestparameter-factory.html)"
"RequestRateLimiter GatewayFilter Factory는 어떤 역할을 하며, 어떻게 동작하나요?","RequestRateLimiter GatewayFilter Factory는 RateLimiter 구현체를 사용하여 현재 요청이 진행될 수 있는지 여부를 판단합니다. RateLimiter 구현체는 Token Bucket Algorithm을 사용하여 요청 속도를 제한합니다. 이 필터는 선택적으로 keyResolver 매개변수와 속도 제한기에 대한 특정 매개변수를 사용합니다. KeyResolver 인터페이스를 사용하여 요청 속도 제한을 위한 키를 유도하는 플러그 가능한 전략을 사용할 수 있습니다. 이 구현체는 replenishRate, burstCapacity 및 requestedTokens 속성을 통해 구성할 수 있습니다. (출처: https://docs.spring.io/spring-cloud-gateway/reference/html/#gatewayfilter-factories-requestratelimiter-factory)"
"RequestRateLimiter GatewayFilter Factory의 KeyResolver 구성 요소는 어떻게 동작하며, 어떤 역할을 하나요?","KeyResolver 구성 요소는 요청 속도 제한을 위한 키를 유도하는 플러그 가능한 전략을 허용하는 인터페이스입니다. KeyResolver 인터페이스를 사용하면 플러그 가능한 전략을 사용하여 요청 속도 제한을 위한 키를 유도할 수 있습니다. 기본적으로 KeyResolver이 키를 찾지 못하면 요청이 거부됩니다. 이 동작은 spring.cloud.gateway.filter.request-rate-limiter.deny-empty-key 및 spring.cloud.gateway.filter.request-rate-limiter.empty-key-status-code 속성을 설정하여 조정할 수 있습니다. (출처: https://docs.spring.io/spring-cloud-gateway/reference/html/#gatewayfilter-factories-requestratelimiter-factory)"
"Redis RateLimiter 구현체는 어떻게 동작하며, 어떤 속성을 통해 구성할 수 있나요?","Redis 구현체는 Stripe에서 수행한 작업을 기반으로 하며, spring-boot-starter-data-redis-reactive Spring Boot 스타터를 사용해야 합니다. 이 구현체는 Token Bucket Algorithm을 사용합니다. replenishRate 속성은 초당 허용되는 요청 수를 정의하며, burstCapacity 속성은 사용자가 초당 허용되는 최대 요청 수를 정의합니다. requestedTokens 속성은 요청당 비용이 드는 토큰 수를 정의합니다. burstCapacity를 0으로 설정하면 모든 요청이 차단됩니다. 이 구현체는 redis-rate-limiter.replenishRate, redis-rate-limiter.burstCapacity 및 redis-rate-limiter.requestedTokens 속성을 통해 구성할 수 있습니다. (출처: https://docs.spring.io/spring-cloud-gateway/reference/html/#gatewayfilter-factories-requestratelimiter-factory)"
"RewriteLocationResponseHeader GatewayFilter는 어떤 목적으로 사용되나요?","RewriteLocationResponseHeader GatewayFilter는 Location 응답 헤더의 값을 수정하여 백엔드 특정 세부 정보를 제거하는 데 사용됩니다. (출처: https://docs.spring.io/spring-cloud-gateway/reference/html/#gatewayfilter-factories-rewritelocationresponseheader-factory)"
"RewriteLocationResponseHeader GatewayFilter의 Mode 매개변수에 대해 설명해주세요.","RewriteLocationResponseHeader GatewayFilter의 Mode 매개변수는 대상 URL에서 버전을 제거할지 여부를 결정하는 데 사용됩니다. NEVER_STRIP, AS_IN_REQUEST (기본값), ALWAYS_STRIP 세 가지 값이 있습니다. (출처: https://docs.spring.io/spring-cloud-gateway/reference/html/#gatewayfilter-factories-rewritelocationresponseheader-factory)"
"RewriteLocationResponseHeader GatewayFilter에서 protocols 매개변수는 어떤 역할을 하나요?","RewriteLocationResponseHeader GatewayFilter에서 protocols 매개변수는 프로토콜 이름을 일치시키는 데 사용되는 유효한 정규식 문자열이어야 합니다. 일치하지 않으면 필터가 아무 작업도 수행하지 않습니다. 기본값은 https?|ftps?입니다. (출처: https://docs.spring.io/spring-cloud-gateway/reference/html/#gatewayfilter-factories-rewritelocationresponseheader-factory)"
"RewriteRequestParameter GatewayFilter 팩토리는 어떤 역할을 하나요?","RewriteRequestParameter GatewayFilter 팩토리는 주어진 이름의 요청 매개변수 값을 재작성합니다. (출처: {https://docs.spring.io/spring-cloud-gateway/reference/spring-cloud-gateway/gatewayfilter-factories/rewriterequestparameter-factory.html})"
"RewriteRequestParameter GatewayFilter 팩토리가 동일한 이름의 여러 요청 매개변수를 대체할 때 어떻게 되나요?","동일한 이름의 여러 요청 매개변수가 설정되면 단일 값으로 대체됩니다. (출처: {https://docs.spring.io/spring-cloud-gateway/reference/spring-cloud-gateway/gatewayfilter-factories/rewriterequestparameter-factory.html})"
"RewriteRequestParameter GatewayFilter 팩토리의 YAML 구성 예시는 무엇인가요?","RewriteRequestParameter GatewayFilter의 YAML 구성 예시는 다음과 같습니다: Example 1. application.yml spring: cloud: gateway: routes: - id: rewriterequestparameter_route uri: https://example.org predicates: - Path=/products filters: - RewriteRequestParameter=campaign,fall2023 /products?campaign=old 요청에 대해 이 설정은 request parameter를 campaign=fall2023으로 설정합니다. (출처: {https://docs.spring.io/spring-cloud-gateway/reference/spring-cloud-gateway/gatewayfilter-factories/rewriterequestparameter-factory.html})"
"GatewayFilterFactory의 RewriteResponseHeader는 무엇을 하는 역할을 하나요?","GatewayFilterFactory의 RewriteResponseHeader는 Java 정규 표현식을 사용하여 응답 헤더 값을 유연하게 다시 작성하는 역할을 합니다. (출처: https://docs.spring.io/spring-cloud-gateway/reference/spring-cloud-gateway/gatewayfilter-factories/rewriteresponseheader-factory.html)"
"RewriteResponseHeader GatewayFilterFactory를 구성하는 방법은 무엇인가요?","RewriteResponseHeader GatewayFilterFactory를 구성하는 방법은 Spring Cloud Gateway의 application.yml 또는 application.properties 파일에서 name, regexp 및 replacement 매개 변수를 지정하는 것입니다. (출처: https://docs.spring.io/spring-cloud-gateway/reference/spring-cloud-gateway/gatewayfilter-factories/rewriteresponseheader-factory.html)"
"YAML 구문 때문에 RewriteResponseHeader GatewayFilterFactory에서 $ 기호를 어떻게 처리해야 하나요?","YAML 구문 때문에 RewriteResponseHeader GatewayFilterFactory에서 $ 기호를 사용하려면 $를 $로 대체해야 합니다. (출처: https://docs.spring.io/spring-cloud-gateway/reference/spring-cloud-gateway/gatewayfilter-factories/rewriteresponseheader-factory.html)"
"Spring Cloud Gateway에서 SaveSession GatewayFilter Factory의 역할은 무엇인가요?","Spring Cloud Gateway에서 SaveSession GatewayFilter Factory는 WebSession::save 작업을 강제로 수행하여 세션 상태를 저장한 후 하류로 호출하는 역할을 합니다. 이는 Spring Session과 같은 데이터 저장소와 함께 사용할 때 유용하며, 보안 세부 정보가 원격 프로세스로 전달되었는지 확인해야 할 때 중요합니다. (출처: <https://docs.spring.io/spring-cloud-gateway/reference/spring-cloud-gateway/gatewayfilter-factories/savesession-factory.html>)"
"Spring Session과 SaveSession GatewayFilter Factory를 통합하는 방법은 무엇인가요?","Spring Session과 SaveSession GatewayFilter Factory를 통합하려면, application.yml 또는 application.properties 파일에서 'filters' 섹션에 'SaveSession' 필터를 추가하면 됩니다. (출처: <https://docs.spring.io/spring-cloud-gateway/reference/spring-cloud-gateway/gatewayfilter-factories/savesession-factory.html>)"
"Spring Cloud Gateway에서 SaveSession GatewayFilter Factory를 사용하는 것이 어떤 경우에 중요한가요?","Spring Cloud Gateway에서 SaveSession GatewayFilter Factory를 사용하는 것이 중요한 경우는 Spring Security와 Spring Session을 통합하여 원격 프로세스로 보안 세부 정보를 전달해야 할 때입니다. (출처: <https://docs.spring.io/spring-cloud-gateway/reference/spring-cloud-gateway/gatewayfilter-factories/savesession-factory.html>)"
"Spring Cloud Gateway에서 SecureHeaders GatewayFilter Factory는 어떤 역할을 하나요?","Spring Cloud Gateway에서 SecureHeaders GatewayFilter Factory는 애플리케이션의 보안을 강화하기 위해 응답에 여러 헤더를 추가합니다. 이 헤더들은 블로그 포스트(https://blog.appcanary.com/2017/http-security-headers.html)에서 권장하는 사항에 따라 추가됩니다. 이 헤더들은 X-Xss-Protection, Strict-Transport-Security, X-Frame-Options, X-Content-Type-Options, Referrer-Policy, Content-Security-Policy, X-Download-Options, X-Permitted-Cross-Domain-Policies 등이 있습니다. (출처: https://docs.spring.io/spring-cloud-gateway/reference/spring-cloud-gateway/gatewayfilter-factories/secureheaders-factory.html)"
"SecureHeaders GatewayFilter Factory에서 추가되는 헤더들의 기본값을 어떻게 변경할 수 있나요?","SecureHeaders GatewayFilter Factory에서 추가되는 헤더들의 기본값을 변경하려면 spring.cloud.gateway.filter.secure-headers 네임스페이스에서 적절한 속성을 설정하면 됩니다. xss-protection-header, strict-transport-security, frame-options, content-type-options, referrer-policy, content-security-policy, download-options, permitted-cross-domain-policies 등의 속성을 사용할 수 있습니다. (출처: https://docs.spring.io/spring-cloud-gateway/reference/spring-cloud-gateway/gatewayfilter-factories/secureheaders-factory.html)"
"SecureHeaders GatewayFilter Factory에서 일부 헤더의 기본값을 비활성화하려면 어떻게 해야 하나요?","SecureHeaders GatewayFilter Factory에서 일부 헤더의 기본값을 비활성화하려면 spring.cloud.gateway.filter.secure-headers.disable 속성을 쉼표로 구분된 값으로 설정하면 됩니다. 이때, 비활성화할 헤더의 소문자로 된 전체 이름을 사용해야 합니다. 예를 들어, 아래와 같이 설정할 수 있습니다: spring.cloud.gateway.filter.secure-headers.disable=x-frame-options,strict-transport-security. (출처: https://docs.spring.io/spring-cloud-gateway/reference/spring-cloud-gateway/gatewayfilter-factories/secureheaders-factory.html)"
"SetPath GatewayFilter는 무엇이며, 어떤 역할을 하는가요?","SetPath GatewayFilter는 Spring Cloud Gateway에서 사용되는 필터로, 요청 경로를 조작하는 기능을 제공합니다. 이를 통해 경로의 템플릿 세그먼트를 허용하고, Spring Framework의 URI 템플릿을 사용하여 여러 개의 일치하는 세그먼트를 허용합니다. /red/{segment}와 같은 요청 경로에 대해, SetPath={segment} 필터를 사용하여 하류 요청을 하기 전에 경로를 /blue로 설정할 수 있습니다. (Source: https://docs.spring.io/spring-cloud-gateway/reference/spring-cloud-gateway/gatewayfilter-factories/setpath-factory.html)"
"SetPath GatewayFilter를 구성하는 방법은 무엇인가요?","SetPath GatewayFilter를 구성하기 위해서는 application.yml 파일에 해당 필터를 추가해야 합니다. 예를 들어, spring.cloud.gateway.routes.filters 아래에 SetPath=/{segment} 필터를 추가할 수 있습니다. 이를 통해 요청 경로의 {segment} 자리에 동적인 값을 설정할 수 있습니다. (Source: https://docs.spring.io/spring-cloud-gateway/reference/spring-cloud-gateway/gatewayfilter-factories/setpath-factory.html)"
"SetPath GatewayFilter를 사용하여 어떤 시나리오에서 활용할 수 있을까요?","SetPath GatewayFilter는 요청 경로를 동적으로 수정해야 하는 시나리오에서 유용하게 사용될 수 있습니다. 예를 들어, API 게이트웨이에서 요청 경로의 일부 세그먼트를 동적으로 변경하여 하류 서비스로 전달해야 할 때 SetPath GatewayFilter를 활용할 수 있습니다. 이를 통해 요청 경로를 동적으로 조작하여 유연하게 라우팅 및 요청 처리를 수행할 수 있습니다. (Source: https://docs.spring.io/spring-cloud-gateway/reference/spring-cloud-gateway/gatewayfilter-factories/setpath-factory.html)"
"SetRequestHeader GatewayFilter는 어떻게 구성하나요?","SetRequestHeader GatewayFilter는 name과 value 매개변수를 사용하여 구성됩니다. 다음 예제는 SetRequestHeader GatewayFilter를 구성하는 방법입니다: application.yml spring: cloud: gateway: routes: - id: setrequestheader_route uri: https://example.org filters: - SetRequestHeader=X-Request-Red, Blue"
"SetRequestHeader GatewayFilter는 이전 헤더를 추가하거나 대체하나요?","SetRequestHeader GatewayFilter는 주어진 이름의 모든 헤더를 대체합니다. 따라서 하류 서버가 X-Request-Red:1234로 응답한 경우, 이는 X-Request-Red:Blue로 대체되어 하류 서비스에 전달됩니다."
"SetRequestHeader GatewayFilter에서 런타임에 변수를 사용할 수 있나요?","네, SetRequestHeader GatewayFilter에서는 런타임에 변수를 사용할 수 있습니다. 다음 예제는 변수를 사용하는 SetRequestHeader GatewayFilter를 구성하는 방법입니다: application.yml spring: cloud: gateway: routes: - id: setrequestheader_route uri: https://example.org predicates: - Host: {segment}.myhost.org filters: - SetRequestHeader=foo, bar-{segment}"
"SetResponseHeader GatewayFilter 팩토리는 어떤 역할을 하나요?","SetResponseHeader GatewayFilter 팩토리는 이름과 값 매개변수를 사용하여 응답 헤더를 설정하는 역할을 합니다. 이를 통해 게이트웨이 클라이언트가 받는 응답에 사용자 정의 헤더를 추가할 수 있습니다. (출처: https://docs.spring.io/spring-cloud-gateway/reference/spring-cloud-gateway/gatewayfilter-factories/setresponseheader-factory.html)"
"SetResponseHeader GatewayFilter 팩토리가 응답 헤더를 대체하는 방법은 무엇인가요?","SetResponseHeader GatewayFilter 팩토리는 주어진 이름과 일치하는 모든 헤더를 대체합니다. 하류 서버에서 응답한 헤더가 X-Response-Red:1234인 경우, 이를 X-Response-Red:Blue로 대체하여 게이트웨이 클라이언트가 받게 됩니다. (출처: https://docs.spring.io/spring-cloud-gateway/reference/spring-cloud-gateway/gatewayfilter-factories/setresponseheader-factory.html)"
"SetResponseHeader GatewayFilter 팩토리에서 URI 변수를 사용할 수 있나요?","네, SetResponseHeader GatewayFilter 팩토리에서는 URI 변수를 사용할 수 있습니다. 값에 URI 변수를 포함시킬 수 있으며, 런타임에 확장됩니다. 예를 들어, 변수를 사용하는 SetResponseHeader GatewayFilter를 구성하는 예시는 다음과 같습니다: application.yml spring: cloud: gateway: routes: - id: setresponseheader_route uri: https://example.org predicates: - Host: {segment}.myhost.org filters: - SetResponseHeader=foo, bar-{segment} (출처: https://docs.spring.io/spring-cloud-gateway/reference/spring-cloud-gateway/gatewayfilter-factories/setresponseheader-factory.html)"
"SetStatus GatewayFilter 팩토리의 매개변수는 무엇인가요?","SetStatus GatewayFilter 팩토리의 매개변수는 status로, 유효한 Spring HttpStatus여야 합니다. 이는 404와 같은 정수 값 또는 NOT_FOUND와 같은 열거형의 문자열 표현일 수 있습니다. (출처: https://docs.spring.io/spring-cloud-gateway/reference/spring-cloud-gateway/gatewayfilter-factories/setstatus-factory.html)"
"SetStatus GatewayFilter 팩토리를 구성하는 방법은 무엇인가요?","SetStatus GatewayFilter 팩토리를 구성하려면, application.yml 파일에서 spring.cloud.gateway.routes 섹션에 필터를 추가하면 됩니다. 예를 들어, 'filters: - SetStatus=UNAUTHORIZED'와 같이 추가할 수 있습니다. (출처: https://docs.spring.io/spring-cloud-gateway/reference/spring-cloud-gateway/gatewayfilter-factories/setstatus-factory.html)"
"SetStatus GatewayFilter 팩토리에서 원래의 HTTP 상태 코드를 응답 헤더에 추가하는 방법은 무엇인가요?","SetStatus GatewayFilter 팩토리에서 원래의 HTTP 상태 코드를 응답 헤더에 추가하려면, application.yml 파일에서 spring.cloud.gateway.set-status.original-status-header-name을 원하는 헤더 이름으로 설정하면 됩니다. 예를 들어, 'spring.cloud.gateway.set-status.original-status-header-name=original-http-status'와 같이 설정할 수 있습니다. (출처: https://docs.spring.io/spring-cloud-gateway/reference/spring-cloud-gateway/gatewayfilter-factories/setstatus-factory.html)"
"Spring Cloud Gateway에서 StripPrefix GatewayFilter Factory를 사용하는 방법은 무엇인가요?","StripPrefix GatewayFilter Factory를 사용하려면 application.yml에서 다음과 같이 필터에 대한 구성을 추가해야 합니다: filters: - StripPrefix=2. 이렇게 하면 요청의 경로에서 지정된 수의 부분을 제거하고, 이를 하류로 보내기 전에 처리할 수 있습니다. 예를 들어, StripPrefix=2로 설정하면 /name/blue/red 경로로 게이트웨이에 요청이 들어오면, nameservice로 요청이 전송될 때는 nameservice/red(https://nameservice/red)와 같이 보입니다. (출처: https://docs.spring.io/spring-cloud-gateway/reference/spring-cloud-gateway/gatewayfilter-factories/stripprefix-factory.html)"
"Spring Cloud Gateway에서 StripPrefix GatewayFilter Factory의 parts 매개변수는 어떤 역할을 하나요?","Spring Cloud Gateway의 StripPrefix GatewayFilter Factory에서 parts 매개변수는 요청으로부터 제거할 경로의 부분 수를 나타냅니다. 이 매개변수는 application.yml에서 filters: - StripPrefix=2와 같이 지정됩니다. 예를 들어, StripPrefix=2로 설정하면 /name/blue/red 경로로 게이트웨이에 요청이 들어오면, nameservice로 요청이 전송될 때는 nameservice/red(https://nameservice/red)와 같이 보입니다. (출처: https://docs.spring.io/spring-cloud-gateway/reference/spring-cloud-gateway/gatewayfilter-factories/stripprefix-factory.html)"
"Spring Cloud Gateway에서 StripPrefix GatewayFilter Factory를 사용하는 예시를 알려주세요.","Spring Cloud Gateway에서 StripPrefix GatewayFilter Factory를 사용하는 예시는 다음과 같습니다. application.yml에서 다음과 같이 StripPrefix GatewayFilter를 구성합니다: spring: cloud: gateway: routes: - id: nameRoot uri: https://nameservice predicates: - Path=/name/** filters: - StripPrefix=2. 이렇게 설정하면 /name/blue/red 경로로 게이트웨이에 요청이 들어오면, nameservice로 전송되는 요청은 nameservice/red(https://nameservice/red)와 같이 보입니다. (출처: https://docs.spring.io/spring-cloud-gateway/reference/spring-cloud-gateway/gatewayfilter-factories/stripprefix-factory.html)"
"Retry GatewayFilter Factory의 'retries' 매개변수는 어떤 목적을 가지고 있나요?","Retry GatewayFilter Factory의 'retries' 매개변수는 재시도해야 할 횟수를 지정합니다. (출처: {https://docs.spring.io/spring-cloud-gateway/reference/html/gatewayfilter-factories.html#_retry_gatewayfilter_factory})"
"Retry GatewayFilter Factory에서 'statuses', 'methods', 'series', 'exceptions' 매개변수의 목적은 무엇인가요?","Retry GatewayFilter Factory에서 'statuses', 'methods', 'series', 'exceptions' 매개변수는 재시도할 HTTP 상태 코드, HTTP 메소드, 상태 코드 시리즈, 던져진 예외를 지정합니다. (출처: {https://docs.spring.io/spring-cloud-gateway/reference/html/gatewayfilter-factories.html#_retry_gatewayfilter_factory})"
"Retry GatewayFilter Factory의 'backoff' 매개변수는 무엇인가요?","Retry GatewayFilter Factory의 'backoff' 매개변수는 재시도를 위한 구성된 지수 백오프를 지정합니다. (출처: {https://docs.spring.io/spring-cloud-gateway/reference/html/gatewayfilter-factories.html#_retry_gatewayfilter_factory})"
"Spring Cloud Gateway에서 RequestSize GatewayFilter Factory의 역할은 무엇인가요?","Spring Cloud Gateway에서 RequestSize GatewayFilter Factory는 요청 크기가 허용 가능한 한계를 초과할 때 다운스트림 서비스에 대한 요청을 제한하는 역할을 합니다. 이 필터는 maxSize 매개변수를 사용하며, 값은 선택적 DataUnit 접미사(예: 'KB' 또는 'MB')가 있는 숫자로 정의할 수 있습니다. 기본값은 바이트를 나타내는 'B'입니다. 이는 요청의 허용 가능한 크기 제한을 바이트로 정의합니다. 이 필터는 요청이 크기 제한 때문에 거부될 때 응답 상태를 413 Payload Too Large로 설정하고, 추가 헤더 errorMessage를 제공합니다. default request size는 route definition에서 filter argument로 제공되지 않을 경우 5MB로 설정됩니다. (출처: https://docs.spring.io/spring-cloud-gateway/reference/spring-cloud-gateway/gatewayfilter-factories/requestsize-factory.html)"
"RequestSize GatewayFilter Factory의 maxSize 매개변수는 어떤 역할을 하며, 어떻게 정의되나요?","RequestSize GatewayFilter Factory의 maxSize 매개변수는 요청의 허용 가능한 크기 제한을 정의하는 역할을 합니다. 이 값은 선택적 DataUnit 접미사(예: 'KB' 또는 'MB')가 있는 숫자로 정의할 수 있습니다. 기본값은 바이트를 나타내는 'B'입니다. 이는 요청의 허용 가능한 크기 제한을 바이트로 정의합니다. (출처: https://docs.spring.io/spring-cloud-gateway/reference/spring-cloud-gateway/gatewayfilter-factories/requestsize-factory.html)"
"RequestSize GatewayFilter Factory는 요청이 크기 제한 때문에 거부될 때 어떤 응답 상태와 함께 어떤 헤더를 제공하나요?","RequestSize GatewayFilter Factory는 요청이 크기 제한 때문에 거부될 때 응답 상태를 413 Payload Too Large로 설정하고, 추가 헤더 errorMessage를 제공합니다. 이 헤더는 요청 크기가 허용 가능한 제한을 초과했음을 나타냅니다. (출처: https://docs.spring.io/spring-cloud-gateway/reference/spring-cloud-gateway/gatewayfilter-factories/requestsize-factory.html)"
"Spring Cloud Gateway에서 SetRequestHostHeader GatewayFilter를 사용하는 이유는 무엇인가요?","호스트 헤더를 덮어쓰야 하는 특정 상황에서 사용됩니다. (출처: https://docs.spring.io/spring-cloud-gateway/reference/spring-cloud-gateway/gatewayfilter-factories/setrequesthostheader-factory.html)"
"SetRequestHostHeader GatewayFilter를 구성하는 방법은 무엇인가요?","application.yml 파일에서 host 매개변수를 사용하여 구성합니다. (출처: https://docs.spring.io/spring-cloud-gateway/reference/spring-cloud-gateway/gatewayfilter-factories/setrequesthostheader-factory.html)"
"SetRequestHostHeader GatewayFilter를 사용하면 어떤 값이 변경되나요?","호스트 헤더의 값이 지정된 값으로 대체됩니다. (출처: https://docs.spring.io/spring-cloud-gateway/reference/spring-cloud-gateway/gatewayfilter-factories/setrequesthostheader-factory.html)"
"Spring Cloud Gateway에서 TokenRelay GatewayFilter Factory의 목적은 무엇인가요?","Spring Cloud Gateway에서 TokenRelay GatewayFilter Factory는 OAuth2 액세스 토큰을 프록시하는 서비스(이 경우 /resource)에 하류로 전달하는 것을 용이하게 합니다. 이를 위해 현재 인증된 사용자에서 OAuth2 액세스 토큰을 추출하여 하류 요청에 대한 요청 헤더에 배치합니다. TokenRelay GatewayFilter Factory는 Spring Cloud Gateway에서 Spring.security.oauth2.client.* 속성이 설정되어 ReactiveClientRegistrationRepository 빈이 생성될 때만 생성됩니다."
"TokenRelay GatewayFilter Factory에서 clientRegistrationId 매개변수는 어떻게 사용되나요?","TokenRelay GatewayFilter Factory에서 clientRegistrationId 매개변수는 인증된 사용자가 사용할 수 있는 ClientRegistration에 대한 OAuth2 액세스 토큰을 가져와 전달하는 데 사용됩니다. 매개변수가 제공되지 않으면 현재 인증된 사용자의 액세스 토큰이 사용됩니다. 이는 사용자가 로그인할 때 획득됩니다. 추출된 액세스 토큰은 하류 요청에 대한 요청 헤더에 배치됩니다."
"Spring Cloud Gateway에서 OAuth2 액세스 토큰을 전달하려면 어떤 종속성을 포함해야 하나요?","Spring Cloud Gateway에서 OAuth2 액세스 토큰을 전달하려면 spring-boot-starter-oauth2-client 종속성을 포함해야 합니다. 이를 통해 OAuth2 클라이언트 기능을 활성화할 수 있습니다."
"Spring Cloud Gateway에서 모든 경로에 필터를 적용하려면 어떤 속성을 사용하나요?","spring.cloud.gateway.default-filters 속성을 사용하여 모든 경로에 필터를 적용할 수 있습니다. (출처: https://docs.spring.io/spring-cloud-gateway/reference/spring-cloud-gateway/gatewayfilter-factories/default-filters.html)"
"Default Filters 속성에서 필터 목록은 어떻게 지정되나요?","Default Filters 속성은 필터 목록을 지정하기 위해 쉼표로 구분된 필터 이름을 사용합니다. (출처: https://docs.spring.io/spring-cloud-gateway/reference/spring-cloud-gateway/gatewayfilter-factories/default-filters.html)"
"Default Filters 속성을 사용하여 어떤 필터가 적용되는지 확인할 수 있는 예시가 있나요?","네, 주어진 정보에서는 application.yml 파일에서 AddResponseHeader와 PrefixPath 필터가 적용되는 예시가 있습니다. (출처: https://docs.spring.io/spring-cloud-gateway/reference/spring-cloud-gateway/gatewayfilter-factories/default-filters.html)"
"글로벌 필터란 무엇이며, Spring Cloud Gateway에서 어떻게 동작하나요?","글로벌 필터는 모든 경로에 조건부로 적용되는 특별한 필터입니다. 이들은 GatewayFilter 인터페이스와 동일한 시그니처를 가지고 있습니다. 이들은 라우팅 웹 핸들러가 경로별 GatewayFilter 인스턴스와 함께 필터 체인에 추가되며, org.springframework.core.Ordered 인터페이스를 구현하여 getOrder() 메서드를 사용하여 정렬할 수 있습니다. Spring Cloud Gateway는 필터 로직 실행을 위해 'pre' 및 'post' 단계를 구분하므로, 가장 우선 순위가 높은 필터는 'pre' 단계에서 가장 먼저 실행되고 'post' 단계에서 가장 나중에 실행됩니다. 다음은 CustomGlobalFilter를 사용하는 예시입니다:```java@Beanpublic GlobalFilter customFilter() {    return new CustomGlobalFilter();}public class CustomGlobalFilter implements GlobalFilter, Ordered {    @Override    public Mono<Void> filter(ServerWebExchange exchange, GatewayFilterChain chain) {        log.info('custom global filter');        return chain.filter(exchange);    }    @Override    public int getOrder() {        return -1;    }}```(출처: <https://docs.spring.io/spring-cloud-gateway/reference/html/router.html#global-filters>)"
"Spring Cloud Gateway에서 Gateway Metrics Filter를 활성화하려면 어떻게 해야 하나요?","Gateway Metrics Filter를 활성화하려면 spring-boot-starter-actuator를 프로젝트 의존성으로 추가해야 합니다. 기본적으로, spring.cloud.gateway.metrics.enabled 속성이 false로 설정되지 않는 한, 게이트웨이 메트릭 필터가 실행됩니다. 이 필터는 다음과 같은 태그가 있는 타이머 메트릭인 spring.cloud.gateway.requests를 추가합니다: routeId, routeUri, outcome, status, httpStatusCode, httpMethod. spring.cloud.gateway.metrics.tags.path.enabled 속성을 통해 추가 메트릭에 path 태그를 활성화할 수 있습니다. 이러한 메트릭은 /actuator/metrics/spring.cloud.gateway.requests에서 스크래핑할 수 있으며, Prometheus와 쉽게 통합하여 Grafana 대시보드를 생성할 수 있습니다. Prometheus 엔드포인트를 활성화하려면 micrometer-registry-prometheus를 프로젝트 의존성으로 추가해야 합니다. (출처: <https://docs.spring.io/spring-cloud-gateway/reference/html/metrics.html#how-it-works>)"
"Spring Cloud Gateway에서 Local Response Cache Filter를 사용하려면 어떤 의존성을 추가해야 하나요? 그리고 어떻게 구성하나요?","Local Response Cache Filter를 사용하려면 com.github.ben-manes.caffeine:caffeine과 spring-boot-starter-cache를 프로젝트 의존성으로 추가해야 합니다. 이 기능은 다음과 같은 기준을 충족하는 모든 응답에 대해 Caffeine을 사용하여 로컬 캐시를 활성화합니다: 요청이 body가 없는 GET 요청인 경우, 응답이 HTTP 200 (OK), HTTP 206 (Partial Content) 또는 HTTP 301 (Moved Permanently) 상태 코드를 가지는 경우, HTTP Cache-Control 헤더가 캐싱을 허용하는 경우 (즉, no-store가 요청에 존재하지 않고 no-store 또는 private가 응답에 존재하지 않는 경우). 이 필터는 두 가지 구성 매개변수를 허용합니다: spring.cloud.gateway.filter.local-response-cache.size는 이 경로에 대한 항목을 evict하기 위한 캐시의 최대 크기를 설정하며 (KB, MB 및 GB 단위), spring.cloud.gateway.filter.local-response-cache.time-to-live는 캐시 항목을 만료시키는 시간을 설정합니다 (초, 분 및 시간 단위로 표현됨). 이 매개변수 중 어느 것도 구성되지 않았지만 전역 필터가 활성화되어 있는 경우, 기본적으로 캐시된 응답에 대해 5분의 시간 제한을 구성합니다. 이 필터는 또한 HTTP Cache-Control 헤더의 max-age 값의 자동 계산을 구현합니다. max-age가 원본 응답에 존재하는 경우, timeToLive 구성 매개변수에 설정된 초 단위로 값이 다시 작성됩니다. 이후 호출에서는 응답이 만료될 때까지 남은 초 단위로 이 값이 다시 계산됩니다. (출처: <https://docs.spring.io/spring-cloud-gateway/reference/html/filtering.html#local-response-cache>)"
"HttpHeadersFilters는 어떤 상황에서 다운스트림으로 요청을 보내기 전에 적용되나요?","HttpHeadersFilters는 NettyRoutingFilter와 같은 상황에서 다운스트림으로 요청을 보내기 전에 적용됩니다. (출처: https://docs.spring.io/spring-cloud-gateway/reference/spring-cloud-gateway/httpheadersfilters.html)"
"Forwarded Headers Filter는 어떤 헤더를 생성하여 다운스트림 서비스에 전송하나요?","Forwarded Headers Filter는 Forwarded 헤더를 생성하여 다운스트림 서비스에 전송합니다. 이 필터는 기존 Forwarded 헤더에 현재 요청의 Host 헤더, 스키마 및 포트를 추가합니다. (출처: https://docs.spring.io/spring-cloud-gateway/reference/spring-cloud-gateway/httpheadersfilters.html)"
"RemoveHopByHop Headers Filter는 어떤 헤더를 제거하나요?","RemoveHopByHop Headers Filter는 IETF에서 지정한 헤더를 제거합니다. 기본 제거 목록에는 Connection, Keep-Alive, Proxy-Authenticate, Proxy-Authorization, TE, Trailer, Transfer-Encoding 및 Upgrade 헤더가 포함됩니다. (출처: https://docs.spring.io/spring-cloud-gateway/reference/spring-cloud-gateway/httpheadersfilters.html)"
"Spring Cloud Gateway에서 HTTPS 요청을 수신하려면 어떻게 구성해야 하나요?","Spring Cloud Gateway에서 HTTPS 요청을 수신하려면 일반적인 Spring 서버 구성을 따라야 합니다. 이를 위해 `server.ssl.enabled` 속성을 `true`로 설정하고, `key-alias`, `key-store-password`, `key-store` 및 `key-store-type` 속성을 적절한 값으로 설정해야 합니다. 위의 예제는 이를 수행하는 방법을 보여줍니다. (출처: https://docs.spring.io/spring-cloud-gateway/reference/spring-cloud-gateway/tls-and-ssl.html)"
"Spring Cloud Gateway에서 HTTPS 백엔드 서비스에 대한 신뢰할 수 있는 인증서를 구성하려면 어떻게 해야 하나요?","Spring Cloud Gateway에서 HTTPS 백엔드 서비스에 대한 신뢰할 수 있는 인증서를 구성하려면 `spring.cloud.gateway.httpclient.ssl.useInsecureTrustManager` 속성을 `true`로 설정하여 모든 하류 인증서를 신뢰하도록 구성할 수 있습니다. 그러나 이는 프로덕션에는 적합하지 않으며, 프로덕션 배포를 위해서는 `spring.cloud.gateway.httpclient.ssl.trustedX509Certificates` 속성을 사용하여 신뢰할 수 있는 인증서 집합을 구성할 수 있습니다. Spring Cloud Gateway가 신뢰할 수 있는 인증서로 구성되지 않은 경우, 기본 신뢰 저장소가 사용됩니다. (출처: https://docs.spring.io/spring-cloud-gateway/reference/spring-cloud-gateway/tls-and-ssl.html)"
"Spring Cloud Gateway에서 TLS 핸드쉐이크와 관련된 타임아웃을 어떻게 구성할 수 있나요?","Spring Cloud Gateway에서 TLS 핸드쉐이크와 관련된 타임아웃을 구성하려면 `spring.cloud.gateway.httpclient.ssl.handshake-timeout-millis`, `close-notify-flush-timeout-millis` 및 `close-notify-read-timeout-millis` 속성을 설정하면 됩니다. 기본값은 각각 10000, 3000 및 0입니다. (출처: https://docs.spring.io/spring-cloud-gateway/reference/spring-cloud-gateway/tls-and-ssl.html)"
"스프링 클라우드 게이트웨이의 라우트 정의는 어떻게 이루어지나요?","스프링 클라우드 게이트웨이의 구성은 RouteDefinitionLocator 인스턴스 모음에 의해 이루어집니다. PropertiesRouteDefinitionLocator를 사용하면 Spring Boot의 @ConfigurationProperties 메커니즘을 사용하여 속성을 로드할 수 있습니다."
"스프링 클라우드 게이트웨이에서 RouteDefinition 메트릭을 활성화하려면 어떻게 해야 하나요?","RouteDefinition 메트릭을 활성화하려면 프로젝트 종속성으로 spring-boot-starter-actuator를 추가해야 합니다. 그리고 spring.cloud.gateway.metrics.enabled 속성을 true로 설정해야 합니다. 이렇게 하면 /actuator/metrics/spring.cloud.gateway.routes.count에서 RouteDefinition의 수를 확인할 수 있는 게이지 메트릭이 추가됩니다."
"스프링 클라우드 게이트웨이에서 로드 밸런싱 구성은 어떻게 이루어지나요?","제공된 정보에는 스프링 클라우드 게이트웨이에서 로드 밸런싱 구성에 대한 세부 정보가 없습니다. 로드 밸런싱 구성에 대한 자세한 내용은 공식 문서를 참조하시기 바랍니다."
"What is the purpose of route metadata configuration in Spring Cloud Gateway?","Route metadata configuration in Spring Cloud Gateway allows you to configure additional parameters for each route. This is useful for setting options and other properties that can be used within the gateway. (Source: <https://docs.spring.io/spring-cloud-gateway/reference/spring-cloud-gateway/route-metadata-configuration.html>) "
"How can you specify route metadata in Spring Cloud Gateway?","You can specify route metadata in Spring Cloud Gateway by using the metadata field within the routes configuration in your application.yml or application.properties file. This field can contain a map of key-value pairs representing the metadata for the route. (Source: <https://docs.spring.io/spring-cloud-gateway/reference/spring-cloud-gateway/route-metadata-configuration.html>) "
"How do you access route metadata within a Spring Cloud Gateway filter?","To access route metadata within a Spring Cloud Gateway filter, you can retrieve the metadata from the Route object obtained from the exchange. You can get all metadata properties using the getMetadata() method, or a single metadata property using the getMetadata(someKey) method. (Source: <https://docs.spring.io/spring-cloud-gateway/reference/spring-cloud-gateway/route-metadata-configuration.html>) "
"스프링 클라우드 게이트웨이에서 글로벌 HTTP 타임아웃을 구성하는 방법은 무엇인가요?","스프링 클라우드 게이트웨이에서 글로벌 HTTP 타임아웃을 구성하려면, yaml 파일에서 'spring.cloud.gateway.httpclient' 속성 아래에 'connect-timeout'과 'response-timeout'을 지정해야 합니다. 'connect-timeout'은 밀리초 단위로, 'response-timeout'은 java.time.Duration 형식으로 지정할 수 있습니다. 예시: spring: cloud: gateway: httpclient: connect-timeout: 1000 response-timeout: 5s"
"스프링 클라우드 게이트웨이에서 라우트별 HTTP 타임아웃을 구성하는 방법은 무엇인가요?","스프링 클라우드 게이트웨이에서 라우트별 HTTP 타임아웃을 구성하려면, yaml 파일에서 각 라우트마다 'metadata' 속성을 추가하여 'response-timeout'과 'connect-timeout'을 지정할 수 있습니다. 또는 Java DSL을 사용하여 'addRequestHeader' 메서드를 통해 헤더를 추가하고 'metadata' 속성을 사용하여 타임아웃 값을 전달할 수도 있습니다. 예시: - id: per_route_timeouts uri: https://example.org predicates: - name: Path args: pattern: /delay/{timeout} metadata: response-timeout: 200 connect-timeout: 200"
"스프링 클라우드 게이트웨이에서 라우트별 응답 타임아웃 값을 -1로 설정하면 어떤 효과가 있나요?","스프링 클라우드 게이트웨이에서 라우트별 응답 타임아웃 값을 -1로 설정하면, 전체 응답 타임아웃 값이 비활성화됩니다. 이는 해당 라우트에 대해 응답 타임아웃이 적용되지 않음을 의미합니다. 예시: - id: per_route_timeouts uri: https://example.org predicates: - name: Path args: pattern: /delay/{timeout} metadata: response-timeout: -1"
"Spring Cloud Gateway에서 간단한 Java 구성을 위해 어떤 API를 사용할 수 있나요?","RouteLocatorBuilder 빈에는 유창한 API가 포함되어 있어 간단한 Java 구성을 허용합니다. (출처: https://docs.spring.io/spring-cloud-gateway/reference/spring-cloud-gateway/fluent-java-routes-api.html)"
"Spring Cloud Gateway에서 RouteLocatorBuilder를 사용하여 여러 개의 라우트를 정의하려면 어떻게 해야 하나요?","RouteLocatorBuilder를 사용하여 여러 개의 라우트를 정의하려면 routes() 메서드를 사용하고, r을 반환하는 람다 표현식을 전달한 다음, 호스트 및 경로 조건을 지정하고, 필터를 적용하고, 타겟 URI를 지정하면 됩니다. (출처: https://docs.spring.io/spring-cloud-gateway/reference/spring-cloud-gateway/fluent-java-routes-api.html)"
"Spring Cloud Gateway에서 RouteLocatorBuilder를 사용하여 라우트 정의에서 사용자 정의 예측자를 사용하려면 어떻게 해야 하나요?","유창한 Java API를 사용하여 Predicate 클래스에서 and(), or(), negate() 연산자를 사용하여 더 많은 사용자 정의 예측자 어설션을 허용합니다. (출처: https://docs.spring.io/spring-cloud-gateway/reference/spring-cloud-gateway/fluent-java-routes-api.html)"
"스프링 클라우드 게이트웨이에서 DiscoveryClient를 사용하여 경로를 생성하는 방법은 무엇인가요?","DiscoveryClientRouteDefinitionLocator를 사용하여 DiscoveryClient와 호환되는 서비스 레지스트리에 등록된 서비스를 기반으로 경로를 생성할 수 있습니다. 기본적으로, 생성된 경로는 lb://service-name 프로토콜을 사용하며, 이는 로드 밸런싱을 의미합니다. 이를 위해 spring.cloud.gateway.discovery.locator.enabled 속성을 true로 설정하고, DiscoveryClient 구현체(예: Netflix Eureka, Consul, Zookeeper 또는 Kubernetes)가 클래스패스에 있고 활성화되어 있는지 확인해야 합니다. 또한, org.springframework.cloud:spring-cloud-starter-loadbalancer 종속성을 클래스패스에 포함해야 합니다. DiscoveryClientRouteDefinitionLocator에 대한 Predicates와 Filters를 구성하려면 spring.cloud.gateway.discovery.locator.predicates[x] 및 spring.cloud.gateway.discovery.locator.filters[y] 속성을 설정해야 합니다. 이 경우, 기능을 유지하려면 이전 기본 Predicates와 Filters를 포함해야 합니다. (출처: https://docs.spring.io/spring-cloud-gateway/reference/spring-cloud-gateway/the-discoveryclient-route-definition-locator.html)"
"스프링 클라우드 게이트웨이에서 DiscoveryClientRouteDefinitionLocator의 기본 Predicates와 Filters는 어떻게 되나요?","DiscoveryClientRouteDefinitionLocator의 기본 Predicates는 /serviceId/** 패턴으로 정의된 경로 Predicates이며, 서비스 ID는 DiscoveryClient의 서비스 ID입니다. 기본 Filter는 /serviceId/?(?<remaining>.*) 정규식과 /${remaining} 대체 문자열을 사용하는 경로 재작성 Filter입니다. 이 Filter는 요청이 하류로 전송되기 전에 경로에서 서비스 ID를 제거합니다. (출처: https://docs.spring.io/spring-cloud-gateway/reference/spring-cloud-gateway/the-discoveryclient-route-definition-locator.html)"
"스프링 클라우드 게이트웨이에서 DiscoveryClientRouteDefinitionLocator의 Predicates와 Filters를 사용자 정의하려면 어떻게 해야 하나요?","DiscoveryClientRouteDefinitionLocator의 Predicates와 Filters를 사용자 정의하려면 spring.cloud.gateway.discovery.locator.predicates[x] 및 spring.cloud.gateway.discovery.locator.filters[y] 속성을 설정해야 합니다. 이 경우, 기능을 유지하려면 이전 기본 Predicates와 Filters를 포함해야 합니다. (출처: https://docs.spring.io/spring-cloud-gateway/reference/spring-cloud-gateway/the-discoveryclient-route-definition-locator.html)"
"스프링 클라우드 게이트웨이에서 CORS 구성을 전역으로 구성하려면 어떻게 해야 하나요?","스프링 클라우드 게이트웨이에서 전역 CORS 구성은 URL 패턴과 Spring Framework CorsConfiguration(https://docs.spring.io/spring/docs/5.0.x/javadoc-api/org/springframework/web/cors/CorsConfiguration.html)의 맵으로 이루어집니다. application.yml 파일에 'spring.cloud.gateway.globalcors.cors-configurations' 속성을 사용하여 URL 패턴과 해당 CorsConfiguration을 지정할 수 있습니다. 예를 들어, '[/**]': allowedOrigins: 'https://docs.spring.io' allowedMethods: - GET과 같이 지정할 수 있습니다. 이 예시에서는 모든 GET 요청 경로에 대해 docs.spring.io에서 시작된 CORS 요청을 허용합니다. 또한, 'spring.cloud.gateway.globalcors.add-to-simple-handler-mapping' 속성을 true로 설정하여 일부 게이트웨이 라우트 프레디킷에 의해 처리되지 않는 요청에도 동일한 CORS 구성을 적용할 수 있습니다."
"스프링 클라우드 게이트웨이에서 라우트별로 CORS 구성을 어떻게 할 수 있나요?","스프링 클라우드 게이트웨이에서 라우트별 CORS 구성은 라우트에 직접 CORS를 메타로데이터로 적용할 수 있습니다. 'cors' 키를 사용하여 Spring Framework CorsConfiguration(https://docs.spring.io/spring/docs/5.0.x/javadoc-api/org/springframework/web/cors/CorsConfiguration.html)의 속성을 지정할 수 있습니다. application.yml 파일에 'spring.cloud.gateway.routes' 속성을 사용하여 라우트와 해당 CorsConfiguration을 지정할 수 있습니다. 예를 들어, 'metadata': cors: allowedOrigins: '*' allowedMethods: - GET - POST allowedHeaders: '*' maxAge: 30과 같이 지정할 수 있습니다. 이 예시에서는 '/service/**' 경로에 대한 모든 GET 및 POST 요청에 대해 모든 원본에서 CORS 요청을 허용합니다. 라우트에 Path 프레디킷이 없으면 '/**'가 적용됩니다."
"스프링 클라우드 게이트웨이에서 CORS 프리고 파일 요청을 어떻게 처리할 수 있나요?","CORS 프리고 파일 요청은 HTTP 메서드가 OPTIONS인 경우이며, 이러한 요청은 일부 게이트웨이 라우트 프레디킷에 대해 true로 평가되지 않을 수 있습니다. 이러한 경우, 'spring.cloud.gateway.globalcors.add-to-simple-handler-mapping' 속성을 true로 설정하여 동일한 CORS 구성을 적용할 수 있습니다. 이렇게 하면 일부 라우트 프레디킷에 대해 CORS 프리고 파일 요청을 처리할 수 있습니다."
"Spring Cloud Gateway에서 actuator 엔드포인트를 노출하는 방법은 무엇인가요?","Spring Cloud Gateway에서 actuator 엔드포인트를 노출하려면, application.properties 파일에서 management.endpoint.gateway.enabled=true로 설정하고, management.endpoints.web.exposure.include=gateway로 설정해야 합니다. 이렇게 하면 HTTP 또는 JMX를 통해 원격으로 접근할 수 있습니다. (Source: https://docs.spring.io/spring-cloud-gateway/reference/html/actuator-api.html)"
"Spring Cloud Gateway에서 verbose actuator 형식을 활성화하는 방법은 무엇인가요?","Spring Cloud Gateway에서 verbose actuator 형식은 기본적으로 활성화되어 있습니다. 이를 비활성화하려면 application.properties 파일에서 spring.cloud.gateway.actuator.verbose.enabled=false로 설정해야 합니다. 이 설정은 향후 릴리스에서 false로 기본 설정될 예정입니다. (Source: https://docs.spring.io/spring-cloud-gateway/reference/html/actuator-api.html)"
"Spring Cloud Gateway에서 route filters를 가져오는 방법은 무엇인가요?","Spring Cloud Gateway에서 route filters를 가져오려면, /actuator/gateway/globalfilters 또는 /actuator/gateway/routefilters로 GET 요청을 보내면 됩니다. 글로벌 필터의 경우 /actuator/gateway/globalfilters로, 라우트 필터의 경우 /actuator/gateway/routefilters로 요청을 보내면 됩니다. 응답에는 필터 체인에서 각 필터의 세부 정보와 순서가 포함됩니다. (출처: https://docs.spring.io/spring-cloud-gateway/reference/html/actuator-api.html)"
"Spring Cloud Gateway에서 문제를 해결할 때 유용한 로그 레벨은 무엇인가요?","org.springframework.cloud.gateway, org.springframework.http.server.reactive, org.springframework.web.reactive, org.springframework.boot.autoconfigure.web, reactor.netty, redisratelimiter의 DEBUG 및 TRACE 레벨에서 유용한 문제 해결 정보가 포함될 수 있습니다. (출처: https://docs.spring.io/spring-cloud-gateway/reference/spring-cloud-gateway/troubleshooting.html)"
"Spring Cloud Gateway에서 Wiretap 기능을 사용하는 방법은 무엇인가요?","Reactor Netty HttpClient 및 HttpServer에서 Wiretap 기능을 활성화할 수 있습니다. reactor.netty 로그 레벨을 DEBUG 또는 TRACE로 설정한 다음, HttpServer 및 HttpClient에 대해 spring.cloud.gateway.httpserver.wiretap=true 또는 spring.cloud.gateway.httpclient.wiretap=true를 설정하여 활성화할 수 있습니다. (출처: https://docs.spring.io/spring-cloud-gateway/reference/spring-cloud-gateway/troubleshooting.html)"
"Spring Cloud Gateway에서 로그 레벨을 설정하는 방법은 무엇인가요?","DEBUG 및 TRACE 레벨에서 로그 레벨을 설정하려면 로그 레벨을 설정하려는 로거를 지정해야 합니다. 예를 들어, org.springframework.cloud.gateway의 로그 레벨을 DEBUG로 설정하려면 logging.level.org.springframework.cloud.gateway=DEBUG를 설정하면 됩니다. (출처: https://docs.spring.io/spring-cloud-gateway/reference/spring-cloud-gateway/troubleshooting.html)"
"스프링 클라우드 게이트웨이에서 커스텀 라우트 예측자를 작성하는 방법은 무엇인가요?","스프링 클라우드 게이트웨이에서 커스텀 라우트 예측자를 작성하려면 RoutePredicateFactory를 빈으로 구현해야 합니다. AbstractRoutePredicateFactory를 확장할 수 있는 추상 클래스가 있습니다. MyRoutePredicateFactory.java는 AbstractRoutePredicateFactory<MyRoutePredicateFactory.Config>를 확장하는 구현 예시입니다. apply 메서드는 Config 객체에서 구성을 가져와 요청을 조작하여 config와 일치하는지 확인하는 Predicate를 반환해야 합니다."
"스프링 클라우드 게이트웨이에서 커스텀 게이트웨이 필터를 작성하는 방법은 무엇인가요?","스프링 클라우드 게이트웨이에서 커스텀 게이트웨이 필터를 작성하려면 GatewayFilterFactory를 빈으로 구현해야 합니다. AbstractGatewayFilterFactory를 확장할 수 있는 추상 클래스가 있습니다. PreGatewayFilterFactory.java와 PostGatewayFilterFactory.java는 각각 Config 객체에서 구성을 가져와 요청을 조작하여 사전 및 사후 필터를 구현하는 예시입니다."
"스프링 클라우드 게이트웨이에서 커스텀 글로벌 필터를 작성하는 방법은 무엇인가요?","스프링 클라우드 게이트웨이에서 커스텀 글로벌 필터를 작성하려면 GlobalFilter 인터페이스를 빈으로 구현해야 합니다. 이는 모든 요청에 필터를 적용합니다. customGlobalFilter()와 customGlobalPostFilter()는 각각 사전 및 사후 필터를 설정하는 예시입니다."
"Spring Cloud Gateway의 AOT 및 Native Image 지원은 언제부터 사용 가능한가요?","Spring Cloud Gateway는 4.0.0 버전부터 AOT 변환 및 네이티브 이미지를 지원합니다. (출처: https://docs.spring.io/spring-cloud-gateway/reference/spring-cloud-gateway/aot-and-native-image-support.html)"
"로드 밸런싱된 라우트를 사용하는 경우 Spring Cloud Gateway에서 LoadBalancerClient 서비스 ID를 어떻게 정의해야 하나요?","@LoadBalancerClient 어노테이션의 value 또는 name 속성, 또는 spring.cloud.loadbalancer.eager-load.clients 속성의 값으로 LoadBalancerClient 서비스 ID를 명시적으로 정의해야 합니다. (출처: https://docs.spring.io/spring-cloud-gateway/reference/spring-cloud-gateway/aot-and-native-image-support.html)"
"Spring Cloud Gateway의 AOT 및 Native Image 지원 문서에서 어떤 내용을 찾을 수 있나요?","해당 문서에서는 Spring Cloud Gateway의 AOT 및 Native Image 지원에 대한 정보, 로드 밸런싱된 라우트를 사용하는 경우 LoadBalancerClient 서비스 ID를 정의하는 방법 등을 제공합니다. (출처: https://docs.spring.io/spring-cloud-gateway/reference/spring-cloud-gateway/aot-and-native-image-support.html)"
"Spring Cloud Gateway 관련 구성 속성을 모두 보려면 어디로 가야 하나요?","Spring Cloud Gateway 관련 구성 속성을 모두 보려면 부록(appendix.html)을 참조하십시오. (출처: <https://docs.spring.io/spring-cloud-gateway/reference/spring-cloud-gateway/configuration-properties.html>)"
"Spring Cloud Gateway에서 사용할 수 있는 모든 구성 속성을 나열하려면 어떻게 해야 하나요?","Spring Cloud Gateway에서 사용할 수 있는 모든 구성 속성을 나열하려면 부록(appendix.html)을 참조하십시오. (출처: <https://docs.spring.io/spring-cloud-gateway/reference/spring-cloud-gateway/configuration-properties.html>)"
"Spring Cloud Gateway의 구성 속성에 대한 자세한 정보를 얻을 수 있는 곳은 어디인가요?","Spring Cloud Gateway의 구성 속성에 대한 자세한 정보는 부록(appendix.html)을 참조하십시오. (출처: <https://docs.spring.io/spring-cloud-gateway/reference/spring-cloud-gateway/configuration-properties.html>)"
"Spring Cloud Gateway에서 MVC를 사용하는 방법은 무엇인가요?","Spring Cloud Gateway에서 MVC를 사용하려면, `RouteLocator` 빈을 사용하여 MVC 엔드포인트를 구성해야 합니다. 이는 WebFlux의 `RouterFunction` 또는 Spring MVC의 `HandlerMapping`을 사용하여 수행할 수 있습니다. 자세한 내용은 다음 공식 문서를 참조하세요: {https://docs.spring.io/spring-cloud-gateway/reference/html/#spring-cloud-gateway-server-mvc}"
"Spring Cloud Gateway에서 MVC 엔드포인트를 테스트하는 방법은 무엇인가요?","Spring Cloud Gateway에서 MVC 엔드포인트를 테스트하려면, Spring MVC 테스트 프레임워크를 사용하여 `MockMvc` 인스턴스를 생성하고 HTTP 요청을 보낼 수 있습니다. 또한, WebFlux의 `WebTestClient`를 사용하여 비동기 방식으로 테스트할 수도 있습니다. 자세한 내용은 다음 공식 문서를 참조하세요: {https://docs.spring.io/spring-cloud-gateway/reference/html/#spring-cloud-gateway-server-mvc-testing}"
"Spring Cloud Gateway에서 MVC와 WebFlux를 함께 사용하는 방법은 무엇인가요?","Spring Cloud Gateway에서 MVC와 WebFlux를 함께 사용하려면, `SpringBootTest` 어노테이션에서 `webEnvironment` 속성을 `RANDOM_PORT`로 설정해야 합니다. 또한, WebFlux의 `WebTestClient`를 사용하여 MVC 엔드포인트를 테스트할 수도 있습니다. 자세한 내용은 다음 공식 문서를 참조하세요: {https://docs.spring.io/spring-cloud-gateway/reference/html/#spring-cloud-gateway-server-mvc-mvc-and-webflux}"
"Spring Cloud Gateway Server MVC를 프로젝트에 포함하려면 어떻게 해야 하나요?","Spring Cloud Gateway Server MVC를 프로젝트에 포함하려면, 그룹 ID가 org.springframework.cloud이고 아티팩트 ID가 spring-cloud-starter-gateway-mvc인 스타터를 사용하세요. 자세한 내용은 Spring Cloud Project 페이지(https://projects.spring.io/spring-cloud/)를 참조하세요."
"Spring Cloud Gateway Server MVC를 비활성화하려면 어떻게 해야 하나요?","스타터를 포함했지만 게이트웨이를 활성화하지 않으려면, spring.cloud.gateway.mvc.enabled 속성을 false로 설정하세요."
"Spring Cloud Gateway Server MVC는 어떤 라이브러리를 기반으로 만들어졌나요?","Spring Cloud Gateway Server MVC는 Spring Boot(https://spring.io/projects/spring-boot#learn)와 Spring WebMvc를 기반으로 만들어졌습니다."
"Spring Cloud Gateway에서 라우트(Route)란 무엇인가요?","라우트는 게이트웨이의 기본 구성 요소로, ID, 대상 URI, 예측식 모음 및 필터 모음으로 정의됩니다. 집합 예측식이 true인 경우 라우트가 일치합니다. (출처: https://docs.spring.io/spring-cloud-gateway/reference/spring-cloud-gateway-server-mvc/glossary.html)"
"Spring Cloud Gateway에서 예측식(Predicate)에 대해 설명해주세요.","예측식은 Spring WebMvc.fn RequestPredicate로, 입력 유형은 Spring WebMvc.fn ServerRequest입니다. 이를 통해 HTTP 요청의 헤더 또는 매개 변수와 같은 모든 항목에 대해 일치시킬 수 있습니다. (출처: https://docs.spring.io/spring-cloud-gateway/reference/spring-cloud-gateway-server-mvc/glossary.html)"
"Spring Cloud Gateway에서 필터(Filter)에 대해 설명해주세요.","필터는 HandlerFilterFunction의 인스턴스로, 하류 요청을 보내기 전 또는 후에 요청 및 응답을 수정할 수 있습니다. 필터는 'before' 필터에 대해 Function<ServerRequest, ServerRequest>를 구현하고 HandlerFilterFunction.ofRequestProcessor()로 적응할 수 있습니다. 'after' 필터의 경우 BiFunction<ServerRequest,T extends ServerResponse,R extends ServerResponse>를 구현하고 HandlerFilterFunction.ofResponseProcessor()로 적응할 수 있습니다. (출처: https://docs.spring.io/spring-cloud-gateway/reference/spring-cloud-gateway-server-mvc/glossary.html)"
"스프링 클라우드 게이트웨이 서버 MVC에서 요청을 HTTP로 전달하기 위해 어떤 HandlerFunction을 사용하나요?","스프링 클라우드 게이트웨이 서버 MVC에서는 org.springframework.cloud.gateway.server.mvc.handler.HandlerFunctions에 정의된 특별한 HandlerFunction을 사용하여 요청을 HTTP로 전달합니다. (출처: https://docs.spring.io/spring-cloud-gateway/reference/html/spring-cloud-gateway-server-mvc.html#how-it-works)"
"스프링 클라우드 게이트웨이 서버 MVC에서 RequestPredicate와 HandlerFilterFunction을 구현한 클래스는 어디에 있나요?","스프링 클라우드 게이트웨이 서버 MVC에서는 org.springframework.cloud.gateway.server.mvc.predicate.GatewayRequestPredicates와 org.springframework.cloud.gateway.server.mvc.filter.FilterFunctions에 RequestPredicate와 HandlerFilterFunction을 구현한 클래스가 있습니다. (출처: https://docs.spring.io/spring-cloud-gateway/reference/html/spring-cloud-gateway-server-mvc.html#how-it-works)"
"스프링 클라우드 게이트웨이 서버 MVC에서 'before'와 'after' 필터에 해당하는 클래스는 어디에 있나요?","스프링 클라우드 게이트웨이 서버 MVC에서는 org.springframework.cloud.gateway.server.mvc.filter.BeforeFilterFunctions와 org.springframework.cloud.gateway.server.mvc.filter.AfterFilterFunctions에 각각 'before' 필터와 'after' 필터에 해당하는 클래스가 있습니다. (출처: https://docs.spring.io/spring-cloud-gateway/reference/html/spring-cloud-gateway-server-mvc.html#how-it-works)"
"Spring Cloud Gateway Server MVC에서 Routes를 생성하는 데 사용되는 기본 방법은 무엇인가요?","Spring Cloud Gateway Server MVC에서는 RouterFunctions.Builder를 사용하여 RouterFunction 인스턴스를 생성합니다. 이는 https://docs.spring.io/spring-framework/docs/current/javadoc-api/org/springframework/web/servlet/function/RouterFunction.html에서 확인할 수 있습니다."
"RouterFunctions.Builder에서 사용 가능한 HTTP 메서드는 어떤 것들이 있나요?","RouterFunctions.Builder에는 GET, POST 등 각 HTTP 메서드에 대한 메서드가 있으며, 이는 경로 예측기와 결합됩니다. 예를 들어, /get와 같은 경로 예측기와 함께 사용됩니다. 최종 매개변수는 HandlerFilterFunction이며, 이 경우 HandlerFunctions.http()입니다. 추가 RequestPredicate 매개변수를 위한 각 HTTP 메서드에 대한 오버로드된 메서드와 일반적인 사용을 위한 generic route(RequestPredicate, HandlerFunction) 메서드도 있습니다. 이는 https://docs.spring.io/spring-cloud-gateway/reference/html/java-routes-api.html#java-routes-api-http-methods에서 확인할 수 있습니다."
"GatewayRouterFunctions 클래스는 어떤 목적으로 사용되나요?","GatewayRouterFunctions 클래스는 일부 고급 필터에서 요청 속성에 추가 메타데이터를 추가해야 하는 경우 사용됩니다. 이를 수용하기 위해 GatewayRouterFunctions 클래스가 존재합니다. GatewayRouterFunctions.route(String routeId)는 RouterFunctions.Builder 인스턴스를 생성한 다음 'before' 필터를 추가하여 routeId를 요청 메타데이터로 추가합니다. 이는 https://docs.spring.io/spring-cloud-gateway/reference/html/java-routes-api.html#java-routes-api-advanced-filters에서 확인할 수 있습니다."
"Spring Cloud Gateway를 사용하여 특정 날짜와 시간 이후에 발생하는 요청을 매칭하는 방법은 무엇인가요?","Spring Cloud Gateway를 사용하여 특정 날짜와 시간 이후에 발생하는 요청을 매칭하려면, 'after' 라우트 프레디케이트 팩토리를 사용하면 됩니다. 이 프레디케이트는 java.time.ZonedDateTime 객체를 매개변수로 받아, 해당 날짜와 시간 이후에 발생하는 요청을 매칭합니다. 예를 들어, application.yml에서 다음과 같이 설정할 수 있습니다: predicates: - After=2017-01-20T17:42:47.789-07:00[America/Denver] 그런 다음 GatewayRouterFunctions.route() 메서드에서 ZonedDateTime 객체를 사용하여 해당 프레디케이트를 매칭하는 라우트를 설정할 수 있습니다. (출처: https://docs.spring.io/spring-cloud-gateway/reference/html/server-mvc.html#gateway-request-predicates)"
"Spring Cloud Gateway에서 URI 템플릿 변수를 추출하는 방법은 무엇인가요?","Spring Cloud Gateway에서 URI 템플릿 변수를 추출하려면, MvcUtils.getUriTemplateVariables() 유틸리티 메서드를 사용하면 됩니다. 이 메서드는 ServerRequest 객체에서 속성을 가져와 변수를 이름과 값의 맵으로 추출하고, ServerRequest.attributes()에 MvcUtils.URI_TEMPLATE_VARIABLES_ATTRIBUTE 키로 배치합니다. 이러한 값은 Gateway Handler Filter Functions에서 사용할 수 있습니다. (출처: https://docs.spring.io/spring-cloud-gateway/reference/html/server-mvc.html#gateway-request-predicates)"
"Spring Cloud Gateway에서 특정 날짜와 시간 이전에 발생하는 요청을 매칭하는 방법은 무엇인가요?","Spring Cloud Gateway에서 특정 날짜와 시간 이전에 발생하는 요청을 매칭하려면, 'before' 라우트 프레디케이트 팩토리를 사용하면 됩니다. 이 프레디케이트는 java.time.ZonedDateTime 객체를 매개변수로 받아, 해당 날짜와 시간 이전에 발생하는 요청을 매칭합니다. 예를 들어, application.yml에서 다음과 같이 설정할 수 있습니다: predicates: - Before=2017-01-20T17:42:47.789-07:00[America/Denver] 그런 다음 GatewayRouterFunctions.route() 메서드에서 ZonedDateTime 객체를 사용하여 해당 프레디케이트를 매칭하는 라우트를 설정할 수 있습니다. (출처: https://docs.spring.io/spring-cloud-gateway/reference/html/server-mvc.html#gateway-request-predicates)"
"Spring Cloud Gateway에서 'before' 필터 함수는 정확히 무엇이며, 어떻게 사용되나요?","Spring Cloud Gateway에서 'before' 필터 함수는 org.springframework.cloud.gateway.server.mvc.filter.BeforeFilterFunctions에서 정적 팩토리 메서드로 참조되는 자바.util.Function<ServerRequest, ServerRequest>입니다. 이 함수는 요청에 대해서만 작동하며, 응답을 수정할 수 없습니다. 가능한 경우, 더 구체적인 BeforeFilterFunctions를 사용하는 것이 선호됩니다. (출처: https://docs.spring.io/spring-cloud-gateway/reference/spring-cloud-gateway-server-mvc/gateway-handler-filter-functions.html)"
"Spring Cloud Gateway에서 'after' 필터 함수는 정확히 무엇이며, 어떻게 사용되나요?","Spring Cloud Gateway에서 'after' 필터 함수는 org.springframework.cloud.gateway.server.mvc.filter.AfterFilterFunctions에서 정적 팩토리 메서드로 참조되는 자바.util.BiFunction<ServerRequest, ServerResponse, ServerResponse>입니다. 이 함수는 응답을 수정할 수 있으며, 가능한 경우, 더 구체적인 AfterFilterFunctions를 사용하는 것이 선호됩니다. (출처: https://docs.spring.io/spring-cloud-gateway/reference/spring-cloud-gateway-server-mvc/gateway-handler-filter-functions.html)"
"Spring Cloud Gateway에서 고급 필터 함수는 어떤 것들이 있으며, 어떤 기능을 수행하나요?","Spring Cloud Gateway에서 고급 필터 함수는 BodyFilterFunctions, Bucket4jFilterFunctions, CircuitBreakerFilterFunctions, LoadBalancerFilterFunctions, RetryFilterFunctions, TokenRelayFilterFunctions 등이 있습니다. 이러한 필터는 프록시 요청 이전과 이후에 모두 작동하며, 요청 및 응답에 대한 추가적인 기능을 제공합니다. (출처: https://docs.spring.io/spring-cloud-gateway/reference/spring-cloud-gateway-server-mvc/gateway-handler-filter-functions.html)"
"Spring Cloud Gateway에서 AddRequestHeader 필터의 사용 목적은 무엇인가요?","Spring Cloud Gateway에서 AddRequestHeader 필터는 하류 요청의 헤더에 특정 헤더를 추가하는 역할을 합니다. 이 필터는 모든 일치하는 요청에 대해 지정된 헤더와 값을 추가합니다. 값에는 URL 변수를 사용할 수 있으며, 런타임에 확장됩니다. (출처: https://docs.spring.io/spring-cloud-gateway/reference/spring-cloud-gateway-server-mvc/filters/addrequestheader.html)"
"AddRequestHeader 필터에서 URL 변수를 사용하는 방법은 무엇인가요?","AddRequestHeader 필터에서 URL 변수를 사용하려면, 헤더 값에 변수를 포함시키고 런타임에 확장됩니다. 예를 들어, 'X-Request-red' 헤더에 'blue-{segment}' 값을 사용하여 URL 변수를 포함하는 AddRequestHeader 필터를 구성할 수 있습니다. (출처: https://docs.spring.io/spring-cloud-gateway/reference/spring-cloud-gateway-server-mvc/filters/addrequestheader.html)"
"Spring Cloud Gateway에서 AddRequestHeader 필터를 어떻게 구성하나요?","Spring Cloud Gateway에서 AddRequestHeader 필터를 구성하려면, application.yml 파일에 AddRequestHeader 필터를 정의하고, GatewaySampleApplication.java 파일에 AddRequestHeader 필터를 사용하는 RouterFunction을 정의해야 합니다. 또한, RouteConfiguration.java 파일에 RouterFunction을 정의하는 메소드를 추가해야 합니다. (출처: https://docs.spring.io/spring-cloud-gateway/reference/spring-cloud-gateway-server-mvc/filters/addrequestheader.html)"
"AddRequestParameter Filter는 어떤 역할을 하는 스프링 클라우드 게이트웨이의 필터인가요?","AddRequestParameter Filter는 하류 요청의 쿼리 문자열에 키-값 쌍을 추가하는 역할을 하는 스프링 클라우드 게이트웨이의 필터입니다. (출처: https://docs.spring.io/spring-cloud-gateway/reference/html/spring-cloud-gateway-server-mvc.html#_addrequestparameter)"
"AddRequestParameter Filter를 구성하는 방법은 어떻게 되나요?","AddRequestParameter Filter는 application.yml에서 name과 value 매개변수를 사용하여 구성할 수 있습니다. (출처: https://docs.spring.io/spring-cloud-gateway/reference/html/spring-cloud-gateway-server-mvc.html#_addrequestparameter)"
"AddRequestParameter Filter에서 URI 변수를 어떻게 사용할 수 있나요?","AddRequestParameter Filter에서는 값에 URI 변수를 사용하여 런타임에 확장할 수 있습니다. (출처: https://docs.spring.io/spring-cloud-gateway/reference/html/spring-cloud-gateway-server-mvc.html#_addrequestparameter)"
"Spring Cloud CircuitBreaker GatewayFilter 팩토리는 어떤 Spring Cloud CircuitBreaker API를 사용하나요?","Spring Cloud CircuitBreaker APIs (출처: <https://docs.spring.io/spring-cloud-gateway/reference/spring-cloud-gateway-server-mvc/filters/circuitbreaker-filter.html>)"
"Spring Cloud Gateway에서 사용할 수 있는 여러 라이브러리를 지원하는 Spring Cloud CircuitBreaker는 무엇인가요?","Resilience4J (출처: <https://docs.spring.io/spring-cloud-gateway/reference/spring-cloud-gateway-server-mvc/filters/circuitbreaker-filter.html>)"
"Spring Cloud CircuitBreaker 필터를 사용하려면 어떤 라이브러리를 의존성으로 추가해야 하나요?","spring-cloud-starter-circuitbreaker-reactor-resilience4j (출처: <https://docs.spring.io/spring-cloud-gateway/reference/spring-cloud-gateway-server-mvc/filters/circuitbreaker-filter.html>)"
"DedupeResponseHeader GatewayFilter는 어떤 용도로 사용되나요?","DedupeResponseHeader GatewayFilter는 게이트웨이 CORS 로직과 다운스트림 로직에서 Access-Control-Allow-Credentials 및 Access-Control-Allow-Origin 응답 헤더가 모두 추가되는 경우 중복된 값을 제거합니다. (출처: https://docs.spring.io/spring-cloud-gateway/reference/spring-cloud-gateway-server-mvc/filters/deduperesponseheader.html)"
"DedupeResponseHeader GatewayFilter의 name 매개변수는 어떤 역할을 하나요?","name 매개변수는 헤더 이름의 공백으로 구분된 목록을 포함할 수 있습니다. (출처: https://docs.spring.io/spring-cloud-gateway/reference/spring-cloud-gateway-server-mvc/filters/deduperesponseheader.html)"
"DedupeResponseHeader GatewayFilter의 strategy 매개변수는 어떤 역할을 하나요?","strategy 매개변수는 선택 사항이며, 허용되는 값은 RETAIN_FIRST(기본값), RETAIN_LAST 및 RETAIN_UNIQUE입니다. (출처: https://docs.spring.io/spring-cloud-gateway/reference/spring-cloud-gateway-server-mvc/filters/deduperesponseheader.html)"
"FallbackHeaders 필터는 어떤 상황에서 사용되나요?","외부 애플리케이션에서 fallbackUri로 전달된 요청의 헤더에 Spring Cloud CircuitBreaker 실행 예외 세부 정보를 추가하려는 경우 FallbackHeaders 팩토리를 사용할 수 있습니다. (출처: <https://docs.spring.io/spring-cloud-gateway/reference/html/spring-cloud-gateway-server-mvc/filters/fallback-headers.html>)"
"FallbackHeaders 필터에서 헤더 이름의 기본값은 무엇인가요?","FallbackHeaders 필터에서 헤더 이름의 기본값은 다음과 같습니다. executionExceptionTypeHeaderName (\""Execution-Exception-Type\""), executionExceptionMessageHeaderName (\""Execution-Exception-Message\""), rootCauseExceptionTypeHeaderName (\""Root-Cause-Exception-Type\""), rootCauseExceptionMessageHeaderName (\""Root-Cause-Exception-Message\""). (출처: <https://docs.spring.io/spring-cloud-gateway/reference/html/spring-cloud-gateway-server-mvc/filters/fallback-headers.html>)"
"circuitBreaker 필터와 FallbackHeaders 필터는 어떤 애플리케이션에서 사용되나요?","circuitBreaker 필터와 FallbackHeaders 필터는 Spring Cloud CircuitBreaker Filter 섹션에서 자세히 설명되어 있습니다. (출처: <https://docs.spring.io/spring-cloud-gateway/reference/html/spring-cloud-gateway-server-mvc/filters/fallback-headers.html>)"
"LoadBalancer Filter에서 serviceId 매개변수는 어떤 역할을 하나요?","LoadBalancerFilter에서 serviceId 매개변수는 라우팅할 인스턴스를 선택하는 데 사용되는 서비스의 이름을 지정하는 데 사용됩니다. (출처: https://docs.spring.io/spring-cloud-gateway/reference/html/#spring-cloud-gateway-server-mvc-filters-loadbalancer-filter)"
"Spring Cloud Gateway에서 LoadBalancer Filter를 Java DSL에서 명시적으로 사용하는 방법은 무엇인가요?","Spring Cloud Gateway에서 LoadBalancer Filter를 Java DSL에서 명시적으로 사용하려면 org.springframework.cloud.gateway.server.mvc.filter.LoadBalancerFilterFunctions.lb() 메서드를 호출하여 필터 함수를 가져오고, route() 메서드의 filter() 메서드에 해당 필터 함수를 전달해야 합니다. (출처: https://docs.spring.io/spring-cloud-gateway/reference/html/#spring-cloud-gateway-server-mvc-filters-loadbalancer-filter)"
"Spring Cloud Gateway에서 LoadBalancer Filter를 구성에서 사용하는 방법은 무엇인가요?","Spring Cloud Gateway에서 LoadBalancer Filter를 구성에서 사용하려면 lb 스키마를 사용하여 URI를 구성하고, LoadBalancerClient를 사용하여 실제 호스트 및 포트로 해결하고, 동일한 속성에서 URI를 대체해야 합니다. (출처: https://docs.spring.io/spring-cloud-gateway/reference/html/#spring-cloud-gateway-server-mvc-filters-loadbalancer-filter)"
"MapRequestHeader 필터는 어떤 역할을 하며, 어떤 입력 매개변수를 사용하나요?","MapRequestHeader 필터는 fromHeader와 toHeader 매개변수를 사용합니다. 이 필터는 새로운 이름(toHeader)의 헤더를 생성하며, 값은 들어오는 HTTP 요청의 기존 이름(fromHeader)의 헤더에서 추출됩니다. 입력 헤더가 존재하지 않으면 필터는 영향을 미치지 않습니다. 새로운 이름의 헤더가 이미 존재하면, 새로운 값으로 값이 증강됩니다. (출처: https://docs.spring.io/spring-cloud-gateway/reference/spring-cloud-gateway-server-mvc/filters/maprequestheader.html)"
"MapRequestHeader 필터를 Spring Cloud Gateway에서 구성하려면 어떻게 해야 하나요?","MapRequestHeader 필터를 Spring Cloud Gateway에서 구성하려면 application.yml 파일에서 spring.cloud.gateway.mvc.routes.filters 섹션에 필터를 추가하면 됩니다. 예를 들어: spring.cloud.gateway.mvc.routes[0].filters[0]=MapRequestHeader=Blue, X-Request-Red. (출처: https://docs.spring.io/spring-cloud-gateway/reference/spring-cloud-gateway-server-mvc/filters/maprequestheader.html)"
"MapRequestHeader 필터는 Spring Cloud Gateway에서 어떻게 사용되며, 어떤 방식으로 요청 헤더를 수정하나요?","MapRequestHeader 필터는 Spring Cloud Gateway에서 들어오는 HTTP 요청의 Blue 헤더의 업데이트된 값으로 X-Request-Red:<values> 헤더를 하류 요청에 추가합니다. 이 필터는 새로운 이름의 헤더가 이미 존재하면 새로운 값으로 값을 증강합니다. (출처: https://docs.spring.io/spring-cloud-gateway/reference/spring-cloud-gateway-server-mvc/filters/maprequestheader.html)"
"ModifyRequestBody filter가 게이트웨이에서 사용하는 목적은 무엇인가요?","ModifyRequestBody filter는 게이트웨이에서 하류로 전송되기 전에 요청 본문을 수정하는 데 사용됩니다. (출처: https://docs.spring.io/spring-cloud-gateway/reference/spring-cloud-gateway-server-mvc/filters/modifyrequestbody.html)"
"ModifyRequestBody filter를 Java DSL로 구성하려면 어떻게 해야 하나요?","GatewaySampleApplication.java에서 보여지는 것처럼 modifyRequestBody() 함수를 사용하여 ModifyRequestBody filter를 구성할 수 있습니다. (출처: https://docs.spring.io/spring-cloud-gateway/reference/spring-cloud-gateway-server-mvc/filters/modifyrequestbody.html)"
"ModifyRequestBody filter는 요청 본문이 없는 경우에 어떻게 처리해야 하나요?","요청 본문이 없는 경우 Mono.empty()를 반환하여 요청의 본문이 누락된 것으로 할당해야 합니다. (출처: https://docs.spring.io/spring-cloud-gateway/reference/spring-cloud-gateway-server-mvc/filters/modifyrequestbody.html)"
"RedirectTo 필터는 어떤 역할을 하며, 어떤 두 가지 매개변수를 사용하나요?","RedirectTo 필터는 HTTP 리다이렉트를 수행하기 위해 사용되는 필터입니다. 이 필터는 status와 https://docs.spring.io/spring-cloud-gateway/reference/spring-cloud-gateway-server-mvc/filters/redirectto.html 두 가지 매개변수를 사용합니다. status 매개변수는 300 시리즈 리다이렉트 HTTP 코드, 예를 들어 301을 지정해야 합니다. https://docs.spring.io/spring-cloud-gateway/reference/spring-cloud-gateway-server-mvc/filters/redirectto.html 매개변수는 유효한 URL이어야 하며, Location 헤더의 값이 됩니다. 이 매개변수는 절대 경로 또는 상대 경로로 지정할 수 있습니다. (출처: https://docs.spring.io/spring-cloud-gateway/reference/spring-cloud-gateway-server-mvc/filters/redirectto.html)"
"RedirectTo 필터를 사용하여 클라이언트를 다른 호스트로 리다이렉트하려면 어떻게 설정해야 하나요?","RedirectTo 필터를 사용하여 클라이언트를 다른 호스트로 리다이렉트하려면, status 매개변수를 302로 지정하고, https://docs.spring.io/spring-cloud-gateway/reference/spring-cloud-gateway-server-mvc/filters/redirectto.html 매개변수를 리다이렉트할 호스트의 유효한 URL로 지정해야 합니다. 아래는 예시입니다: filters: - RedirectTo=302, https://acme.org (출처: https://docs.spring.io/spring-cloud-gateway/reference/spring-cloud-gateway-server-mvc/filters/redirectto.html)"
"RedirectTo 필터를 Spring Cloud Gateway와 함께 사용하려면 어떻게 설정해야 하나요?","RedirectTo 필터를 Spring Cloud Gateway와 함께 사용하려면, application.yml 파일에 다음과 같이 설정해야 합니다: spring: cloud: gateway: mvc: routes: - id: redirectto_route uri: https://example.org filters: - RedirectTo=302, https://acme.org (출처: https://docs.spring.io/spring-cloud-gateway/reference/spring-cloud-gateway-server-mvc/filters/redirectto.html)"
"RemoveResponseHeader 필터의 역할은 무엇인가요?","RemoveResponseHeader 필터는 응답에서 특정 헤더를 제거하는 역할을 합니다. 이 필터는 이름 매개변수를 통해 제거할 헤더의 이름을 지정합니다. (출처: <https://docs.spring.io/spring-cloud-gateway/reference/spring-cloud-gateway-server-mvc/filters/removeresponseheader.html>)"
"RemoveResponseHeader 필터를 어떻게 구성하나요?","RemoveResponseHeader 필터를 구성하려면, application.yml 파일에서 필터의 이름 매개변수로 제거할 헤더의 이름을 지정합니다. 예를 들어, filters: - RemoveResponseHeader=X-Response-Foo와 같이 지정할 수 있습니다. (출처: <https://docs.spring.io/spring-cloud-gateway/reference/spring-cloud-gateway-server-mvc/filters/removeresponseheader.html>)"
"RemoveResponseHeader 필터를 모든 경로에 적용하려면 어떻게 해야 하나요?","RemoveResponseHeader 필터를 모든 경로에 적용하려면, spring.cloud.gateway.default-filters를 사용하여 필터를 한 번 구성하고 모든 경로에 적용할 수 있습니다. (출처: <https://docs.spring.io/spring-cloud-gateway/reference/spring-cloud-gateway-server-mvc/filters/removeresponseheader.html>)"
"RateLimiter Filter는 어떤 알고리즘을 사용하나요?","RateLimiter Filter는 Token Bucket Algorithm(토큰 버킷 알고리즘)을 사용합니다. (출처: https://docs.spring.io/spring-cloud-gateway/reference/spring-cloud-gateway-server-mvc/filters/ratelimiter.html)"
"RateLimiter Filter의 keyResolver 매개변수는 어떤 역할을 하나요?","RateLimiter Filter의 keyResolver 매개변수는 ServerRequest 객체에서 정보를 추출하여 구성된 Bucket4j 분배 메커니즘의 키로 사용할 수 있는 기능을 제공합니다. (출처: https://docs.spring.io/spring-cloud-gateway/reference/spring-cloud-gateway-server-mvc/filters/ratelimiter.html)"
"RateLimiterFilter에서 keyResolver를 구성하는 방법은 무엇인가요?","RateLimiterFilter에서 keyResolver를 구성하는 유일한 방법은 Java DSL을 통해이며 외부 프로퍼티를 통해서는 구성할 수 없습니다. (출처: https://docs.spring.io/spring-cloud-gateway/reference/spring-cloud-gateway-server-mvc/filters/ratelimiter.html)"
"RewriteLocationResponseHeader 필터는 무엇인가요?","RewriteLocationResponseHeader 필터는 Location 응답 헤더의 값을 수정하여 백엔드 특정 세부 정보를 제거하는 역할을 합니다. stripVersionMode, locationHeaderName, hostValue 및 protocolsRegex 매개 변수를 사용합니다. 이 필터를 구성하려면 application.yml 파일에 다음 구성을 추가해야합니다. 또한 GatewaySampleApplication.java에서 필터를 구성해야합니다. (출처: https://docs.spring.io/spring-cloud-gateway/reference/html/server-mvc.html#_rewrite_location_response_header_filter)"
"RewriteLocationResponseHeader 필터의 stripVersionMode 매개 변수에 대해 설명해주세요.","stripVersionMode 매개 변수는 버전 제거 동작을 제어하는 데 사용됩니다. NEVER_STRIP, AS_IN_REQUEST (기본값) 및 ALWAYS_STRIP의 세 가지 값이 있습니다. NEVER_STRIP은 원래 요청 경로에 버전이 포함되어 있어도 버전을 제거하지 않습니다. AS_IN_REQUEST는 원래 요청 경로에 버전이 포함되어 있지 않은 경우에만 버전을 제거합니다. ALWAYS_STRIP은 원래 요청 경로에 버전이 포함되어 있더라도 항상 버전을 제거합니다. (출처: https://docs.spring.io/spring-cloud-gateway/reference/html/server-mvc.html#_rewrite_location_response_header_filter)"
"RewriteLocationResponseHeader 필터의 hostValue 매개 변수에 대해 설명해주세요.","hostValue 매개 변수는 응답 헤더의 호스트: 포트 부분을 대체하는 데 사용됩니다. 제공되지 않으면 Request 헤더의 Host 값이 사용됩니다. (출처: https://docs.spring.io/spring-cloud-gateway/reference/html/server-mvc.html#_rewrite_location_response_header_filter)"
"RewritePath 필터는 어떤 역할을 하는 필터인가요?","RewritePath 필터는 경로 정규식(regexp) 매개변수와 대체(replacement) 매개변수를 사용하여 Java 정규식을 사용하여 요청 경로를 유연하게 다시 작성하는 데 사용되는 필터입니다. (출처: <https://docs.spring.io/spring-cloud-gateway/reference/html/#spring-cloud-gateway-server-mvc-filters-rewritepath>)"
"RewritePath 필터를 구성하는 방법은 어떻게 되나요?","RewritePath 필터를 구성하려면 application.yml 파일에 route ID, uri, predicates, filters를 정의해야 합니다. 필터를 구성할 때는 경로 정규식 매개변수와 대체 매개변수를 지정해야 합니다. (출처: <https://docs.spring.io/spring-cloud-gateway/reference/html/#spring-cloud-gateway-server-mvc-filters-rewritepath>)"
"RouterFunction에서 RewritePath 필터를 어떻게 사용하나요?","RouterFunction에서 RewritePath 필터를 사용하려면 route 메서드에서 before 메서드를 사용하여 필터를 지정해야 합니다. before 메서드에서는 경로 정규식 매개변수와 대체 매개변수를 지정해야 합니다. (출처: <https://docs.spring.io/spring-cloud-gateway/reference/html/#spring-cloud-gateway-server-mvc-filters-rewritepath>)"
"Spring Cloud Gateway에서 RewriteResponseHeader 필터를 사용하는 방법은 무엇인가요?","RewriteResponseHeader 필터는 application.yml에서 'spring.cloud.gateway.mvc.routes.filters' 속성에 필터 이름을 포함하여 구성할 수 있습니다. 예를 들어, 'filters: - RewriteResponseHeader=X-Response-Red, , password=[^&]+, password=***'와 같이 설정할 수 있습니다. GatewaySampleApplication.java 클래스에서도 RewriteResponseHeader 필터를 사용하여 응답 헤더 값을 다시 작성할 수 있습니다. 이것은 {https://docs.spring.io/spring-cloud-gateway/reference/spring-cloud-gateway-server-mvc/filters/rewriteresponseheader.html}에서 확인할 수 있습니다."
"Spring Cloud Gateway에서 RewriteResponseHeader 필터의 구문은 어떻게 되나요?","Spring Cloud Gateway의 RewriteResponseHeader 필터는 이름, 정규 표현식 및 대체 매개 변수를 사용합니다. 응답 헤더 값을 다시 작성하는 데 사용할 수 있는 Java 정규 표현식을 사용합니다. 예를 들어, 'RewriteResponseHeader=X-Response-Red, , password=[^&]+, password=***'와 같은 구문을 사용하여 X-Response-Red 헤더의 값을 'password=[^&]+' 정규 표현식과 일치하는 값으로 대체할 수 있습니다. 이것은 {https://docs.spring.io/spring-cloud-gateway/reference/spring-cloud-gateway-server-mvc/filters/rewriteresponseheader.html}에서 확인할 수 있습니다."
"Spring Cloud Gateway에서 RewriteResponseHeader 필터를 사용하는 예제는 무엇인가요?","Spring Cloud Gateway에서 RewriteResponseHeader 필터를 사용하는 예제는 GatewaySampleApplication.java 클래스에서 확인할 수 있습니다. RewriteResponseHeader 필터를 사용하여 응답 헤더 값을 다시 작성하는 방법을 보여줍니다. 이 예제에서는 필터가 /42?user=ford&password=omg!what&flag=true 헤더 값을 /42?user=ford&password=***&flag=true로 설정합니다. 이것은 {https://docs.spring.io/spring-cloud-gateway/reference/spring-cloud-gateway-server-mvc/filters/rewriteresponseheader.html}에서 확인할 수 있습니다."
"Spring Cloud Gateway의 SetPath 필터는 어떤 역할을 하나요?","Spring Cloud Gateway의 SetPath 필터는 요청 경로를 조작하는 간단한 방법을 제공합니다. 이 필터는 경로의 템플릿 세그먼트를 허용하여 Spring Framework의 URI 템플릿을 사용하여 요청 경로를 변경할 수 있습니다. (출처: https://docs.spring.io/spring-cloud-gateway/reference/spring-cloud-gateway-server-mvc/filters/setpath.html)"
"SetPath 필터를 구성하기 위해 어떤 매개변수를 사용하나요?","SetPath 필터를 구성하기 위해 경로 템플릿 매개변수를 사용합니다. 이 매개변수는 변경될 요청 경로를 지정합니다. (출처: https://docs.spring.io/spring-cloud-gateway/reference/spring-cloud-gateway-server-mvc/filters/setpath.html)"
"SetPath 필터를 사용하여 여러 매칭 세그먼트를 허용할 수 있나요?","네, SetPath 필터를 사용하여 여러 매칭 세그먼트를 허용할 수 있습니다. (출처: https://docs.spring.io/spring-cloud-gateway/reference/spring-cloud-gateway-server-mvc/filters/setpath.html)"
"Spring Cloud Gateway에서 SetRequestHeader 필터는 어떤 역할을 하나요?","Spring Cloud Gateway에서 SetRequestHeader 필터는 요청 헤더를 설정하여 요청에 사용자 정의 헤더를 추가하거나 기존 헤더를 대체하는 역할을 합니다. 이는 GatewayRouterFunctions.route() 메서드의 before() 메서드를 사용하여 설정할 수 있습니다. (출처: https://docs.spring.io/spring-cloud-gateway/reference/spring-cloud-gateway-server-mvc/filters/setrequestheader.html)"
"Spring Cloud Gateway의 SetRequestHeader 필터는 어떻게 작동하나요?","Spring Cloud Gateway의 SetRequestHeader 필터는 요청 헤더를 설정하여 요청에 사용자 정의 헤더를 추가하거나 기존 헤더를 대체합니다. 이 필터는 주어진 이름으로 모든 헤더를 대체합니다. 따라서, 하류 서버에서 X-Request-Red:1234 헤더를 응답으로 보내면, 이는 X-Request-Red:Blue로 대체되어 하류 서비스로 전달됩니다. SetRequestHeader는 경로 또는 호스트와 일치하는 데 사용되는 URI 변수를 인식합니다. 이러한 변수는 값에 사용될 수 있으며, 런타임에 확장됩니다. (출처: https://docs.spring.io/spring-cloud-gateway/reference/spring-cloud-gateway-server-mvc/filters/setrequestheader.html)"
"Spring Cloud Gateway의 SetRequestHeader 필터에서 URI 변수를 어떻게 사용할 수 있나요?","Spring Cloud Gateway의 SetRequestHeader 필터에서는 필터 값에서 URI 변수를 사용할 수 있습니다. 변수는 런타임에 확장됩니다. 예를 들어, X-Request-Red 헤더를 'Blue-{segment}'로 설정하는 SetRequestHeader 필터를 구성하려면, 'segment' 변수를 사용하여 호스트를 매칭하는 predicate를 구성합니다. (출처: https://docs.spring.io/spring-cloud-gateway/reference/spring-cloud-gateway-server-mvc/filters/setrequestheader.html)"
"SetStatus 필터가 Spring Cloud Gateway Server MVC에서 어떻게 사용되나요?","SetStatus 필터는 Spring Cloud Gateway Server MVC에서 HTTP 응답의 상태를 수정하는 데 사용됩니다. 이 필터를 사용하려면 Spring HttpStatus의 유효한 값(정수 또는 열거형의 문자열 표현)을 매개변수로 전달해야 합니다. 아래는 SetStatus 필터를 사용하는 예시입니다: filters: - SetStatus=UNAUTHORIZED"
"SetStatus 필터에 전달할 수 있는 상태 매개변수는 어떤 종류가 있나요?","SetStatus 필터에 전달할 수 있는 상태 매개변수는 Spring HttpStatus의 유효한 값입니다. 이는 정수 값 404 또는 열거형의 문자열 표현(예: NOT_FOUND)일 수 있습니다."
"Spring Cloud Gateway Server MVC에서 SetStatus 필터를 구성하려면 어떤 클래스와 메서드를 사용해야 하나요?","Spring Cloud Gateway Server MVC에서 SetStatus 필터를 구성하려면 RouterConfiguration 클래스에서 gatewayRouterFunctionsSetStatus() 메서드를 사용해야 합니다. 이 메서드는 route() 메서드를 사용하여 라우트를 정의하고, after() 메서드를 사용하여 SetStatus 필터를 추가합니다."
"Spring Cloud Gateway에서 StripPrefix 필터의 역할은 무엇인가요?","Spring Cloud Gateway에서 StripPrefix 필터는 요청 경로에서 지정된 수의 부분을 제거하여 요청을 하류 서비스로 전달하는 역할을 합니다. 이는 요청 경로의 일부를 생략하여 하류 서비스의 요청 경로를 단순화할 수 있습니다. (출처: https://docs.spring.io/spring-cloud-gateway/reference/html/spring-cloud-gateway-server-mvc.html#filters-stripprefix)"
"Spring Cloud Gateway의 StripPrefix 필터는 어떻게 구성되나요?","Spring Cloud Gateway의 StripPrefix 필터는 `application.yml` 구성 파일에서 `filters` 섹션 아래에 `StripPrefix` 필터를 지정하여 구성할 수 있습니다. 이때, `parts` 매개변수를 사용하여 요청 경로에서 제거할 부분 수를 지정합니다. (출처: https://docs.spring.io/spring-cloud-gateway/reference/html/spring-cloud-gateway-server-mvc.html#filters-stripprefix)"
"Spring Cloud Gateway의 StripPrefix 필터를 사용하여 요청 경로를 어떻게 수정할 수 있나요?","Spring Cloud Gateway의 StripPrefix 필터를 사용하여 요청 경로를 수정하려면, `route` 객체의 `before` 메서드를 사용하여 StripPrefix 필터를 지정하면 됩니다. `route` 객체의 `before` 메서드를 사용하여 StripPrefix 필터를 지정하면 됩니다. 이때, `stripPrefix` 함수를 사용하여 제거할 부분 수를 지정합니다. (출처: https://docs.spring.io/spring-cloud-gateway/reference/html/spring-cloud-gateway-server-mvc.html#filters-stripprefix)"
"스프링 클라우드 게이트웨이에서 Retry 필터의 기본 설정은 무엇인가요?","Retry 필터의 기본 설정은 retries: 3, series: 5XX 시리즈, methods: GET 메소드, exceptions: IOException, TimeoutException, RetryException입니다. (출처: https://docs.spring.io/spring-cloud-gateway/reference/spring-cloud-gateway-server-mvc/filters/retry.html)"
"스프링 클라우드 게이트웨이에서 Retry 필터를 사용하여 retry를 구성하는 방법은 무엇인가요?","Retry 필터를 사용하여 retry를 구성하려면, application.yml 파일에서 retries, series, methods 매개변수를 설정하거나, GatewayRouterFunctions.route() 메소드에서 retry() 메소드를 사용하여 구성할 수 있습니다. (출처: https://docs.spring.io/spring-cloud-gateway/reference/spring-cloud-gateway-server-mvc/filters/retry.html)"
"스프링 클라우드 게이트웨이에서 Retry 필터와 함께 forward: 접두사를 사용할 때, 대상 엔드포인트를 작성할 때 주의해야 할 점은 무엇인가요?","스프링 클라우드 게이트웨이에서 Retry 필터와 함께 forward: 접두사를 사용할 때, 대상 엔드포인트는 에러가 발생했을 때 클라이언트에게 응답을 보내고 커밋하는 결과를 초래할 수 있는 작업을 하지 않도록 신중하게 작성해야 합니다. 예를 들어, 대상 엔드포인트가 어노테이션이 지정된 컨트롤러인 경우, 대상 컨트롤러 메소드는 에러 상태 코드를 가진 ResponseEntity를 반환하지 않고, 예외를 던지거나 에러를 신호로 보내야 합니다. (출처: https://docs.spring.io/spring-cloud-gateway/reference/spring-cloud-gateway-server-mvc/filters/retry.html)"
"RequestSize 필터는 어떤 경우에 사용되나요?","RequestSize 필터는 요청 크기가 허용 가능한 한계를 초과할 때, 하류 서비스에 도달하는 요청을 제한하는 데 사용됩니다. (출처: https://docs.spring.io/spring-cloud-gateway/reference/spring-cloud-gateway-server-mvc/filters/requestsize.html)"
"RequestSize 필터의 maxSize 매개변수는 어떤 형식을 사용하나요?","RequestSize 필터의 maxSize 매개변수는 DataSize 유형을 사용하므로, 값은 선택적 DataUnit 접미사(예: 'KB' 또는 'MB')가 뒤따르는 숫자로 정의할 수 있습니다. 기본값은 바이트를 나타내는 'B'입니다. (출처: https://docs.spring.io/spring-cloud-gateway/reference/spring-cloud-gateway-server-mvc/filters/requestsize.html)"
"RequestSize 필터는 요청 크기가 허용 가능한 한계를 초과할 때 어떤 응답 상태를 설정하나요?","RequestSize 필터는 요청 크기가 허용 가능한 한계를 초과할 때 응답 상태를 413 Payload Too Large로 설정하고 추가 헤더 errorMessage를 포함합니다. (출처: https://docs.spring.io/spring-cloud-gateway/reference/spring-cloud-gateway-server-mvc/filters/requestsize.html)"
"Spring Cloud Gateway Server MVC에서 커스텀 RequestPredicate와 HandlerFilterFunction을 작성하는 방법은 무엇인가요?","Spring Cloud Gateway Server MVC는 Spring WebMvc.fn API를 기반으로 하여 커스터마이징이 가능합니다. 사용자는 일반적으로 RequestPredicate와 HandlerFilterFunction의 커스텀 구현을 작성하며, 'before' 필터와 'after' 필터에 대한 두 가지 변형도 있습니다. RequestPredicate는 ServerRequest.Headers 객체를 HttpHeaders의 풍부한 API로 변환하여 HTTP 요청에 특정 HTTP 헤더가 포함되어 있는지 테스트하는 간단한 람다로 구현할 수 있습니다. HandlerFilterFunction은 ServerRequest와 HandlerFunction<T extends ServerResponse, R extends ServerResponse>에 모두 액세스하여 요청과 응답을 수정할 수 있습니다. 커스텀 RequestPredicate를 사용하려면 route()와 같은 RouterFunctions.Builder의 적절한 메서드에 연결해야 합니다. 커스텀 HandlerFilterFunction 구현을 사용하려면 filter(), before(), after() 메서드를 사용할 수 있습니다. 커스텀 Predicate와 Filter를 등록하려면 PredicateSupplier와 SimpleFilterSupplier를 구현하고 META-INF/spring.factories에 클래스를 추가해야 합니다. (출처: <https://docs.spring.io/spring-cloud-gateway/reference/spring-cloud-gateway-server-mvc/writing-custom-predicates-and-filters.html>)"
"커스텀 RequestPredicate를 구현하는 방법은 무엇인가요?","커스텀 RequestPredicate는 lambdas로 구현할 수 있는 functional interface입니다. 구현해야 할 메서드 시그니처는 boolean test(ServerRequest request)입니다. 예를 들어, 특정 HTTP 헤더가 HTTP 요청에 포함되어 있는지 테스트하는 Predicate를 구현하려면 ServerRequest.Headers 객체를 HttpHeaders의 풍부한 API로 변환하여 지정된 헤더의 존재를 테스트할 수 있습니다. RequestPredicate 구현은 RequestPredicates와 GatewayRequestPredicates에서 모두 static 메서드로 구현되므로 동일한 방식으로 구현해야 합니다. (출처: <https://docs.spring.io/spring-cloud-gateway/reference/spring-cloud-gateway-server-mvc/writing-custom-predicates-and-filters.html>)"
"커스텀 HandlerFilterFunction 구현을 사용하는 방법은 무엇인가요?","커스텀 HandlerFilterFunction을 사용하려면 filter() 메서드에 연결해야 합니다. filter() 메서드는 HandlerFilterFunction을 매개변수로 사용합니다. HandlerFilterFunction<T extends ServerResponse, R extends ServerResponse>은 lambdas로 구현할 수 있는 functional interface입니다. 구현해야 할 메서드 시그니처는 R filter(ServerRequest request, HandlerFunction<T> next)입니다. 이를 통해 ServerRequest에 액세스하고 next.handle(request)를 호출한 후 ServerResponse에 액세스할 수 있습니다. 예를 들어, 요청과 응답에 모두 헤더를 추가하는 HandlerFilterFunction을 구현하려면 ServerRequest.from(request).header(requestHeader, generateId())를 사용하여 새로운 ServerRequest를 만들고, next.handle(modified)를 호출하여 ServerResponse를 가져온 다음 headers().add(responseHeader, generateId())를 사용하여 응답에 헤더를 추가할 수 있습니다. (출처: <https://docs.spring.io/spring-cloud-gateway/reference/spring-cloud-gateway-server-mvc/writing-custom-predicates-and-filters.html>)"
"Spring Cloud Gateway Server MVC에서 Servlet 및 Servlet Filters를 사용할 때 어떤 점을 주의해야 하나요?","Servlet 컨테이너가 요청 매개변수를 처리하는 방식 때문에, Spring WebMVC 애플리케이션이 application/x-www-form-urlencoded 콘텐츠 유형을 수신할 때, Servlet 컨테이너는 해당 매개변수를 쿼리 매개변수와 결합하여 'request' 매개변수로 만듭니다. 따라서 Servlet 또는 Servlet Filters를 사용하는 경우, 이들의 순서를 신중하게 관리해야 합니다. Servlet 필터 체인이 실행되기 전에 요청 매개변수를 읽는 모든 Servlet 필터는 FormFilter보다 우선 순위가 높아야 합니다. 아래 예제는 이를 구현하는 방법을 보여줍니다. (출처: https://docs.spring.io/spring-cloud-gateway/reference/spring-cloud-gateway-server-mvc/working-with-servlets-and-filters.html)"
"Spring Cloud Gateway Server MVC에서 FormFilter가 왜 중요한가요?","FormFilter는 Spring Cloud Gateway Server MVC에 포함된 특별한 필터로, 하류 애플리케이션에 대한 폼 본문을 다시 빌드합니다. 이 필터는 Servlet 컨테이너가 application/x-www-form-urlencoded 콘텐츠 유형을 수신할 때 결합된 쿼리 및 요청 매개변수를 분리하는 데 사용됩니다. FormFilter는 필터 체인이 실행되기 전에 요청 매개변수를 읽는 모든 사용자 정의 Servlet 필터보다 우선 순위가 높아야 합니다. (출처: https://docs.spring.io/spring-cloud-gateway/reference/spring-cloud-gateway-server-mvc/working-with-servlets-and-filters.html)"
"Spring Cloud Gateway Server MVC에서 사용자 정의 Servlet 필터를 FormFilter보다 우선 순위를 높이는 방법은 무엇인가요?","MyFilter.java 예제에서 보여지는 것처럼, 사용자 정의 Servlet 필터를 FormFilter보다 우선 순위를 높이려면, getOrder() 메서드를 구현하여 우선 순위를 지정해야 합니다. MyFilter 클래스에서는 FormFilter.FORM_FILTER_ORDER - 1을 설정하여 FormFilter보다 우선 순위를 높입니다. 이렇게 하면 사용자 정의 필터가 FormFilter보다 먼저 실행되어 요청 매개변수를 읽을 수 있습니다. (출처: https://docs.spring.io/spring-cloud-gateway/reference/spring-cloud-gateway-server-mvc/working-with-servlets-and-filters.html)"
"스프링 클라우드 게이트웨이에서 속성 기여란 무엇인가요?","속성 기여는 애플리케이션 속성 파일, 애플리케이션.yml 파일 또는 명령줄 스위치로 지정할 수 있는 다양한 속성입니다. 이러한 속성은 공통 스프링 클라우드 게이트웨이 속성 목록을 제공하고 해당 클래스에 대한 참조를 제공합니다. 속성 기여는 클래스 경로의 추가 jar 파일에서 올 수 있으므로 이것은 완전한 목록이 아닙니다."
"스프링 클라우드 게이트웨이의 DiscoveryClient 통합을 활성화하는 속성은 무엇인가요?","스프링 클라우드 게이트웨이의 DiscoveryClient 통합을 활성화하는 속성은 spring.cloud.gateway.discovery.locator.enabled입니다. 이 플래그 속성을 true로 설정하면 DiscoveryClient 게이트웨이 통합이 활성화됩니다."
"스프링 클라우드 게이트웨이에서 로컬 응답 캐시 필터를 활성화하는 속성은 무엇인가요?","스프링 클라우드 게이트웨이에서 로컬 응답 캐시 필터를 활성화하는 속성은 spring.cloud.gateway.filter.local-response-cache.enabled입니다. 이 속성을 true로 설정하면 로컬 응답 캐시 필터가 활성화됩니다."
