"Spring for Apache Kafka 프로젝트는 어떤 핵심 Spring 개념을 사용하나요?","Spring for Apache Kafka 프로젝트는 Kafka 기반 메시징 솔루션 개발에 핵심 Spring 개념을 적용합니다. (출처: https://docs.spring.io/spring-kafka/reference/3.2/index.html)"
"Spring for Apache Kafka 프로젝트에서 'template'은 어떤 역할을 하나요?","Spring for Apache Kafka 프로젝트는 메시지 전송을 위한 고수준 추상화로서 'template'을 제공합니다. (출처: https://docs.spring.io/spring-kafka/reference/3.2/index.html)"
"Spring for Apache Kafka 프로젝트는 메시지 기반 POJO를 지원하나요?","Spring for Apache Kafka 프로젝트는 메시지 기반 POJO를 지원합니다. (출처: https://docs.spring.io/spring-kafka/reference/3.2/index.html)"
"Spring for Apache Kafka 3.2에서 Kafka Client 버전은 어떻게 요구되나요?","Spring for Apache Kafka 3.2에서는 3.7.0 kafka-clients 버전이 필요합니다. (출처: https://docs.spring.io/spring-kafka/reference/3.2/whats-new.html)"
"Spring for Apache Kafka 3.2에서 새로운 소비자 그룹 프로토콜이 도입되었나요?","네, Spring for Apache Kafka 3.2에서는 새로운 소비자 그룹 프로토콜이 도입되었습니다. 이 프로토콜은 초기 액세스 릴리스이며, 테스트 목적으로만 사용하는 것이 권장됩니다. (출처: https://docs.spring.io/spring-kafka/reference/3.2/whats-new.html)"
"Spring for Apache Kafka 3.2에서 Kafka Streams Interactive Query Support를 위해 어떤 새로운 API가 도입되었나요?","Kafka Streams Interactive Query Support를 위해 KafkaStreamsInteractiveQuerySupport라는 새로운 API가 도입되었습니다. (출처: https://docs.spring.io/spring-kafka/reference/3.2/whats-new.html)"
"Spring for Apache Kafka 참조 문서의 첫 번째 부분에서 어떤 정보가 제공되나요?","Spring for Apache Kafka의 개요와 기본 개념, 그리고 빠른 시작을 위한 코드 스니펫이 제공됩니다. (출처: https://docs.spring.io/spring-kafka/reference/3.2/introduction.html)"
"Spring for Apache Kafka 참조 문서에서 제공되는 개요는 어떤 도움이 되나요?","Spring for Apache Kafka의 기본 개념과 기능을 빠르게 이해하고 시작할 수 있도록 도와줍니다. (출처: https://docs.spring.io/spring-kafka/reference/3.2/introduction.html)"
"Spring for Apache Kafka 참조 문서의 첫 번째 부분에서 제공되는 코드 스니펫은 어떤 역할을 하나요?","빠른 시작을 위해 예시 코드 스니펫을 제공하여 개발자들이 Spring for Apache Kafka를 사용하는 방법을 쉽게 따라할 수 있도록 도와줍니다. (출처: https://docs.spring.io/spring-kafka/reference/3.2/introduction.html)"
"Spring for Apache Kafka를 사용하기 위한 필수 사전 요구 사항은 무엇인가요?","Spring for Apache Kafka를 사용하기 위해서는 Apache Kafka를 설치하고 실행해야 합니다. 그리고 Spring for Apache Kafka (spring-kafka) JAR 파일과 그 의존성들을 클래스패스에 넣어야 합니다. 이를 위해 빌드 도구에 의존성을 선언하면 됩니다. Spring Boot를 사용하지 않는 경우, 프로젝트에 spring-kafka jar를 의존성으로 선언해야 합니다. Maven에서는 <dependency> 태그를 사용하고, Gradle에서는 compile 'org.springframework.kafka:spring-kafka'를 사용하면 됩니다. Spring Boot를 사용하는 경우, 버전을 생략하고 Boot가 올바른 버전을 자동으로 가져옵니다. Maven에서는 <dependency> 태그를 사용하고, Gradle에서는 implementation 'org.springframework.kafka:spring-kafka'를 사용하면 됩니다. 하지만 가장 빠르게 시작하는 방법은 start.spring.io를 사용하여 프로젝트를 생성하고 'Spring for Apache Kafka'를 의존성으로 선택하는 것입니다. (출처: {https://docs.spring.io/spring-kafka/reference/3.2/quick-tour.html})"
"Maven과 Gradle에서 Spring for Apache Kafka를 의존성으로 선언하는 방법은 무엇인가요?","Maven에서는 <dependency> 태그를 사용하여 spring-kafka jar를 의존성으로 선언할 수 있습니다. 예를 들어, <dependency> <groupId>org.springframework.kafka</groupId> <artifactId>spring-kafka</artifactId> <version>3.2.4</version> </dependency>와 같이 선언할 수 있습니다. Gradle에서는 compile 'org.springframework.kafka:spring-kafka:3.2.4' 명령어를 사용하여 spring-kafka jar를 의존성으로 선언할 수 있습니다. Spring Boot를 사용하는 경우, 버전을 생략하고 Boot가 올바른 버전을 자동으로 가져옵니다. Maven에서는 <dependency> 태그를 사용하고, Gradle에서는 implementation 'org.springframework.kafka:spring-kafka'를 사용하면 됩니다. (출처: {https://docs.spring.io/spring-kafka/reference/3.2/quick-tour.html})"
"Spring for Apache Kafka를 사용하기 위해 필요한 최소 Java 버전은 무엇인가요?","Spring for Apache Kafka를 사용하기 위해 필요한 최소 Java 버전은 17입니다. (출처: {https://docs.spring.io/spring-kafka/reference/3.2/quick-tour.html})"
"Spring for Apache Kafka 참조 문서에서 어떤 섹션에서 Spring과 함께 Kafka 애플리케이션을 개발하기 위한 핵심 클래스를 다루나요?","kafka.html (출처: https://docs.spring.io/spring-kafka/reference/3.2/reference.html)"
"Spring for Apache Kafka 참조 문서에서 어떤 섹션에서 Spring for Apache Kafka를 구성하는 다양한 구성 요소에 대해 자세히 설명하나요?","Spring for Apache Kafka를 구성하는 다양한 구성 요소에 대한 섹션은 직접 제공되지 않습니다. 그러나 이 정보는 Spring Kafka 참조 문서의 여러 섹션에서 확인할 수 있습니다. (출처: https://docs.spring.io/spring-kafka/reference/3.2/reference.html)"
"Spring for Apache Kafka 참조 문서에서 최신 버전은 무엇인가요?","Spring for Apache Kafka 참조 문서의 최신 버전은 3.2입니다. (출처: https://docs.spring.io/spring-kafka/reference/3.2/reference.html)"
"Spring Boot 애플리케이션에서 클라이언트 ID 접두사를 자동으로 생성하는 방법은 무엇인가요?","Spring Boot 애플리케이션에서 client ID 접두사를 자동으로 생성하려면, spring.application.name 속성을 사용하여 애플리케이션 이름을 정의하면 됩니다. 이렇게 하면 consumer, producer 및 admin 클라이언트에 대해 자동으로 생성된 client ID에 이 이름이 접두사로 사용됩니다. 이는 문제 해결이나 할당량 적용을 위해 서버 측에서 이러한 클라이언트를 식별하는 데 도움이 됩니다."
"DefaultKafkaProducerFactory 및 DefaultKafkaConsumerFactory에서 Listener를 사용하여 새로운 클라이언트가 생성되거나 닫힐 때 알림을 받을 수 있나요?","네, DefaultKafkaProducerFactory 및 DefaultKafkaConsumerFactory에서 Listener를 구성하여 새로운 클라이언트가 생성되거나 닫힐 때 알림을 받을 수 있습니다. 이러한 Listener에는 producerAdded, producerRemoved, consumerAdded 및 consumerRemoved와 같은 메서드가 있으며, 이를 통해 새로운 클라이언트가 생성될 때 Micrometer KafkaClientMetrics 인스턴스를 생성하고 바인딩하고, 클라이언트가 닫힐 때 닫을 수 있습니다. 프레임워크는 이러한 작업을 수행하는 Listener를 제공하며, Micrometer Native Metrics(micrometer.html#micrometer-native)에서 확인할 수 있습니다."
"각각의 DefaultKafkaProducerFactory, DefaultKafkaConsumerFactory 및 KafkaAdmin에서 런타임에 부트스트랩 서버를 변경하는 방법은 무엇인가요?","각각의 DefaultKafkaProducerFactory, DefaultKafkaConsumerFactory 및 KafkaAdmin에서 런타임에 부트스트랩 서버를 변경하려면, setBootstrapServersSupplier() 메서드를 호출하여 Supplier<String>을 추가하면 됩니다. 이렇게 하면 새로운 연결을 위해 서버 목록을 가져올 때 호출됩니다. 기존 Producers를 닫으려면 DefaultKafkaProducerFactory에서 reset()을 호출하고, 기존 Consumers를 닫으려면 KafkaListenerEndpointRegistry에서 stop() 및 start()를 호출하거나 다른 리스너 컨테이너 빈에서 stop() 및 start()를 호출하면 됩니다."
"Spring Kafka에서 KafkaAdmin을 사용하여 토픽을 브로커에 자동으로 추가하려면 어떻게 해야 하나요?","Spring Kafka에서 KafkaAdmin을 사용하여 토픽을 브로커에 자동으로 추가하려면, 애플리케이션 컨텍스트에 KafkaAdmin 빈을 정의하고 각 토픽에 대해 NewTopic @Bean을 추가해야 합니다. 버전 2.3에서는 TopicBuilder 클래스를 도입하여 이러한 빈을 더 편리하게 생성할 수 있습니다. 다음은 Java에서 예시입니다:      @Bean      public KafkaAdmin admin() {        Map<String, Object> configs = new HashMap<>();        configs.put(AdminClientConfig.BOOTSTRAP_SERVERS_CONFIG, 'localhost:9092');        return new KafkaAdmin(configs);      }      @Bean      public NewTopic topic1() {        return TopicBuilder.name('thing1')          .partitions(10)          .replicas(3)          .compact()          .build();      }      @Bean      public NewTopic topic2() {        return TopicBuilder.name('thing2')          .partitions(10)          .replicas(3)          .config(TopicConfig.COMPRESSION_TYPE_CONFIG, 'zstd')          .build();      }      @Bean      public NewTopic topic3() {        return TopicBuilder.name('thing3')          .assignReplicas(0, List.of(0, 1))          .assignReplicas(1, List.of(1, 2))          .assignReplicas(2, List.of(2, 0))          .config(TopicConfig.COMPRESSION_TYPE_CONFIG, 'zstd')          .build();      }"
"Spring Kafka의 버전에 따라 토픽 구성의 기본값은 어떻게 변경되었나요?","Spring Kafka의 버전에 따라 토픽 구성의 기본값이 어떻게 변경되었는지 알려드리겠습니다. 버전 2.6부터는 partitions() 및/또는 replicas()를 생략할 수 있으며, 해당 속성에 브로커 기본값이 적용됩니다. 이 기능을 사용하려면 브로커 버전이 2.4.0 이상이어야 합니다. 다음은 Java에서 예시입니다:      @Bean      public NewTopic topic4() {        return TopicBuilder.name('defaultBoth')          .build();      }      @Bean      public NewTopic topic5() {        return TopicBuilder.name('defaultPart')          .replicas(1)          .build();      }      @Bean      public NewTopic topic6() {        return TopicBuilder.name('defaultRepl')          .partitions(3)          .build();      }"
"Spring Kafka에서 KafkaAdmin의 initialize() 메서드를 언제 사용해야 하나요?","Spring Kafka에서 KafkaAdmin의 initialize() 메서드를 언제 사용해야 하는지 알려드리겠습니다. 기본적으로 브로커가 사용 불가능한 경우, 메시지가 로그에 기록되지만 컨텍스트는 계속 로드됩니다. 나중에 다시 시도하려면 프로그래밍 방식으로 admin의 initialize() 메서드를 호출할 수 있습니다. 이 상황을 치명적인 것으로 간주하려면 admin의 fatalIfBrokerNotAvailable 속성을 true로 설정하십시오. 그러면 컨텍스트가 초기화에 실패합니다. 또한, 브로커가 지원하는 경우(1.0.0 이상), admin은 기존 토픽의 파티션 수가 NewTopic.numPartitions보다 적은 경우 파티션 수를 증가시킵니다. 다음은 예시입니다:      @Autowired      private KafkaAdmin admin;      ...      AdminClient client = AdminClient.create(admin.getConfigurationProperties());      ...      client.close();"
"Spring Kafka에서 메시지를 보내는 방법은 무엇인가요?","Spring Kafka에서 메시지를 보내려면 KafkaTemplate 클래스를 사용할 수 있습니다. KafkaTemplate은 Kafka 토픽으로 데이터를 보내는 편의 메서드를 제공합니다. KafkaTemplate에는 CompletableFuture<SendResult<K, V>> sendDefault(V data), CompletableFuture<SendResult<K, V>> sendDefault(K key, V data) 등 다양한 send 메서드가 있습니다. sendDefault API는 기본 토픽이 템플릿에 제공되어야 합니다. 또한, sendDefault 메서드는 타임스탬프를 매개변수로 받아 레코드에 저장합니다. 사용자 제공 타임스탬프는 Kafka 토픽에 구성된 타임스탬프 유형에 따라 저장됩니다. CREATE_TIME으로 구성된 토픽의 경우, 사용자 지정 타임스탬프가 기록되거나(지정되지 않은 경우 생성됨) 무시되고 브로커가 로컬 브로커 시간을 추가합니다."
"KafkaTemplate의 metrics() 및 partitionsFor() 메서드는 어떤 역할을 하나요?","KafkaTemplate의 metrics() 및 partitionsFor() 메서드는 기본 KafkaProducer의 동일한 메서드에 위임되는 유틸리티 메서드입니다. metrics() 메서드는 KafkaProducer의 metrics() 메서드를 호출하여 프로듀서의 메트릭을 반환합니다. partitionsFor() 메서드는 KafkaProducer의 partitionsFor() 메서드를 호출하여 지정된 토픽의 파티션을 반환합니다."
"Spring Kafka에서 메시지 헤더를 사용하여 메시지를 보낼 수 있나요?","네, Spring Kafka에서는 메시지 헤더를 사용하여 메시지를 보낼 수 있습니다. Message<?> 매개변수를 사용하는 메서드를 사용할 때, 토픽, 파티션, 키 및 타임스탬프 정보는 KafkaHeaders.TOPIC, KafkaHeaders.PARTITION, KafkaHeaders.KEY 및 KafkaHeaders.TIMESTAMP를 포함한 메시지 헤더에 제공됩니다. 메시지 페이로드는 데이터입니다. 또한, KafkaTemplate을 구성하여 send의 결과(성공 또는 실패)를 기다리는 대신 비동기 콜백을 받을 수 있도록 ProducerListener를 구성할 수 있습니다."
"스프링 클라우드 스트림에서 Kafka 메시지를 수신하는 방법은 무엇인가요?","스프링 클라우드 스트림에서 Kafka 메시지를 수신하려면 MessageListenerContainer를 구성하고 메시지 리스너를 제공하거나 @KafkaListener 어노테이션을 사용할 수 있습니다. 자세한 내용은 다음 링크를 참조하세요: https://docs.spring.io/spring-kafka/reference/3.2/kafka/receiving-messages.html"
"스프링 클라우드 스트림에서 Kafka 메시지 소비 시 오프셋을 수동으로 커밋하는 방법은 무엇인가요?","스프링 클라우드 스트림에서 Kafka 메시지 소비 시 오프셋을 수동으로 커밋하려면 Manually Committing Offsets 섹션을 참조하세요. 자세한 내용은 다음 링크를 참조하세요: https://docs.spring.io/spring-kafka/reference/3.2/kafka/receiving-messages.html#ooo-commits"
"스프링 클라우드 스트림에서 Kafka 메시지 리스너의 비동기 반환 유형을 사용하는 방법은 무엇인가요?","스프링 클라우드 스트림에서 Kafka 메시지 리스너의 비동기 반환 유형을 사용하려면 Asynchronous @KafkaListener Return Types 섹션을 참조하세요. 자세한 내용은 다음 링크를 참조하세요: https://docs.spring.io/spring-kafka/reference/3.2/kafka/receiving-messages.html#async-returns"
"스프링 카프카에서 메시지 리스너 컨테이너를 사용할 때, 데이터를 수신하기 위해 어떤 인터페이스를 사용해야 하나요?","스프링 카프카에서 메시지 리스너 컨테이너를 사용할 때, 데이터를 수신하기 위해 MessageListener 인터페이스를 사용해야 합니다. 이 인터페이스는 Kafka 소비자 poll() 작업에서 수신한 개별 ConsumerRecord 인스턴스를 처리하는 데 사용됩니다. 자동 커밋 또는 컨테이너 관리 커밋 방법 중 하나를 사용하는 경우 이 인터페이스를 사용할 수 있습니다. 또한, AcknowledgingMessageListener, ConsumerAwareMessageListener, BatchMessageListener 등의 다른 인터페이스도 사용할 수 있습니다."
"스프링 카프카에서 ConsumerAwareMessageListener 인터페이스를 사용하는 목적은 무엇인가요?","스프링 카프카에서 ConsumerAwareMessageListener 인터페이스를 사용하는 목적은 Kafka 소비자 poll() 작업에서 수신한 개별 ConsumerRecord 인스턴스를 처리할 때 Consumer 객체에 액세스할 수 있도록 하는 것입니다. 이 인터페이스는 자동 커밋 또는 컨테이너 관리 커밋 방법을 사용하는 경우 사용됩니다. ConsumerAwareMessageListener 인터페이스를 사용하면 onMessage 메서드에 추가 매개변수로 Consumer 객체를 전달받아 사용할 수 있습니다."
"스프링 카프카에서 BatchAcknowledgingConsumerAwareMessageListener 인터페이스를 사용할 때 어떤 제약이 있나요?","스프링 카프카에서 BatchAcknowledgingConsumerAwareMessageListener 인터페이스를 사용하여 Kafka 소비자 poll() 작업에서 수신한 모든 ConsumerRecord 인스턴스를 처리할 때, AckMode.RECORD를 사용할 수 없습니다. 이 인터페이스는 일괄 처리된 일괄 처리를 제공하므로, 리스너에 완전한 일괄 처리가 제공되기 때문입니다. 또한, Consumer 객체에 액세스할 수 있으며, Consumer 객체는 스레드 안전하지 않으므로 리스너를 호출한 스레드에서만 메서드를 호출해야 합니다. 리스너에서 소비자의 위치나 커밋된 오프셋을 변경하는 Consumer 메서드를 실행해서는 안 됩니다. 이러한 정보는 컨테이너에서 관리해야 합니다."
"Spring Kafka에서 RecordInterceptor를 Listener Container에 추가하는 방법은 무엇인가요?","Spring Kafka 2.2.7 버전 이상에서는 Listener Container에 RecordInterceptor를 추가할 수 있습니다. 이를 위해 Listener Container의 interceptor 속성에 RecordInterceptor 구현체를 설정하면 됩니다. 이를 통해 레코드를 Listener에 전달하기 전에 검사하고 수정할 수 있습니다."
"Spring Kafka에서 ConcurrentMessageListenerContainer의 PartitionAssignor를 설정하는 방법은 무엇인가요?","Spring Kafka에서 ConcurrentMessageListenerContainer의 PartitionAssignor를 설정하려면 DefaultKafkaConsumerFactory에 제공된 속성에서 partition.assignment.strategy 소비자 속성(ConsumerConfigs.PARTITION_ASSIGNMENT_STRATEGY_CONFIG)을 설정하면 됩니다. Spring Boot를 사용하는 경우, spring.kafka.consumer.properties.partition.assignment.strategy 속성을 사용하여 전략을 설정할 수 있습니다."
"Spring Kafka에서 MessageListener가 수동으로 오프셋을 확인하는 방법은 무엇인가요?","Spring Kafka에서 MessageListener가 수동으로 오프셋을 확인하려면 Listener가 AcknowledgingMessageListener 또는 BatchAcknowledgingMessageListener 인터페이스를 구현하고, 레코드 또는 배치 처리가 완료된 후 Acknowledgment 인터페이스의 acknowledge() 메서드를 호출해야 합니다. 이를 통해 오프셋이 어떻게 확인되는지 제어할 수 있습니다."
"Spring Kafka에서 비동기 확인(acknowledgment)을 사용할 때 중복 전달 가능성이 어떻게 되나요?","Spring Kafka에서 비동기 확인(acknowledgment)을 활성화하면, 이전 폴(poll)의 모든 오프셋이 확인될 때까지 소비자가 일시 중지됩니다. 이 기능은 애플리케이션이 레코드를 비동기적으로 처리할 수 있게 해주지만, 장애 후 중복 전달 가능성이 증가합니다. 비동기 확인을 사용할 때는 negative acknowledgments (nack())을 사용할 수 없습니다. (출처: <https://docs.spring.io/spring-kafka/reference/3.2/kafka/receiving-messages/ooo-commits.html>)"
"Spring Kafka에서 AckMode.MANUAL 또는 AckMode.MANUAL_IMMEDIATE를 사용할 때, offset을 어떤 순서로 확인해야 하나요?","Spring Kafka에서 AckMode.MANUAL 또는 AckMode.MANUAL_IMMEDIATE를 사용할 때, 일반적으로 Kafka가 각 그룹/파티션에 대해 커밋된 오프셋만 유지하므로 확인은 순서대로 이루어져야 합니다. 그러나 2.8 버전부터는 container property asyncAcks를 설정하여 poll에 의해 반환된 레코드의 확인을 어떤 순서로든 할 수 있습니다. 이 경우, 순서대로 확인되지 않은 확인은 누락된 확인이 수신될 때까지 연기됩니다. (출처: <https://docs.spring.io/spring-kafka/reference/3.2/kafka/receiving-messages/ooo-commits.html>)"
"Spring Kafka에서 비동기 확인(acknowledgment)을 사용할 때, 소비자는 어떻게 동작하나요?","Spring Kafka에서 비동기 확인(acknowledgment)을 활성화하면, 이전 폴(poll)의 모든 오프셋이 확인될 때까지 소비자가 일시 중지되어 새로운 레코드를 전달하지 않습니다. 이 기능은 애플리케이션이 레코드를 비동기적으로 처리할 수 있게 해주지만, 장애 후 중복 전달 가능성이 증가합니다. 비동기 확인을 사용할 때는 negative acknowledgments (nack())을 사용할 수 없습니다. (출처: <https://docs.spring.io/spring-kafka/reference/3.2/kafka/receiving-messages/ooo-commits.html>)"
"Spring Kafka에서 @KafkaListener의 비동기 반환 유형을 지원하는 버전은 무엇인가요?","Spring Kafka 3.2 버전부터 지원됩니다. (출처: https://docs.spring.io/spring-kafka/reference/3.2/kafka/receiving-messages/async-returns.html)"
"Spring Kafka에서 @KafkaListener의 비동기 반환 유형으로 어떤 옵션이 있나요?","@KafkaListener의 비동기 반환 유형으로는 CompletableFuture, Mono, Kotlin suspend 함수 등이 있습니다. (출처: https://docs.spring.io/spring-kafka/reference/3.2/kafka/receiving-messages/async-returns.html)"
"Spring Kafka에서 @KafkaListener의 비동기 반환 유형을 사용할 때 AckMode에 어떤 영향을 미치나요?","@KafkaListener의 비동기 반환 유형을 사용하면 AckMode가 자동으로 MANUAL로 설정되고, 비동기 작업이 완료될 때 ack가 발생합니다. 또한, 비동기 작업이 예외로 완료될 경우 메시지 복구 여부는 컨테이너 오류 핸들러에 따라 달라집니다. (출처: https://docs.spring.io/spring-kafka/reference/3.2/kafka/receiving-messages/async-returns.html)"
"스프링 부트 애플리케이션에서 Kafka 메시지를 수신하기 위해 어떤 어노테이션을 사용하나요?","@KafkaListener 어노테이션을 사용합니다. 이 어노테이션은 리스너 컨테이너의 리스너로 빈 메서드를 지정하는 데 사용됩니다. 이 어노테이션은 데이터 변환을 위한 변환기와 같은 다양한 기능을 갖춘 MessagingMessageListenerAdapter로 빈을 래핑합니다."
"KafkaListener 어노테이션에서 'id' 속성은 어떤 용도로 사용되나요?","'id' 속성은 Kafka 소비자 그룹의 고유 식별자로 사용됩니다. 또한 Kafka 토픽에서 소비되는 메시지를 모니터링하는 데 사용되는 메트릭의 접두사로도 사용됩니다."
"KafkaListener 어노테이션에서 'topics' 속성은 어떤 용도로 사용되나요?","'topics' 속성은 리스너가 수신 대기하는 Kafka 토픽의 배열을 지정하는 데 사용됩니다. 이 속성은 문자열 배열을 사용합니다."
"여러 컨테이너에서 동일한 리스너 코드를 실행할 때, 레코드가 어느 컨테이너에서 왔는지 어떻게 확인할 수 있나요?","KafkaUtils.getConsumerGroupId()를 리스너 스레드에서 호출하여 그룹.id 소비자 속성으로 식별된 컨테이너를 확인할 수 있습니다. 또는 메서드 매개변수에서 그룹 ID에 액세스할 수 있습니다. @KafkaListener(id = 'id', topicPattern = 'someTopic') public void listener(@Payload String payload, @Header(KafkaHeaders.GROUP_ID) String groupId) { ... } 이것은 레코드를 받는 레코드 리스너 및 일괄 처리 리스너에서 사용할 수 있습니다. ConsumerRecords<?, ?> 인수를 받는 일괄 처리 리스너에서는 사용할 수 없습니다. 이 경우 KafkaUtils 메커니즘을 사용하세요. (출처: <https://docs.spring.io/spring-kafka/reference/3.2/kafka/receiving-messages/listener-group-id.html>)"
"Kafka 리스너에서 group.id를 메서드 매개변수로 액세스하는 방법은 무엇인가요?","@KafkaListener(id = 'id', topicPattern = 'someTopic') public void listener(@Payload String payload, @Header(KafkaHeaders.GROUP_ID) String groupId) { ... } 메서드에서 @Header(KafkaHeaders.GROUP_ID) 어노테이션을 사용하여 group.id를 메서드 매개변수로 액세스할 수 있습니다. (출처: <https://docs.spring.io/spring-kafka/reference/3.2/kafka/receiving-messages/listener-group-id.html>)"
"Kafka 리스너에서 ConsumerRecords 인수를 받는 일괄 처리 리스너에서 group.id를 어떻게 얻을 수 있나요?","ConsumerRecords 인수를 받는 일괄 처리 리스너에서 group.id를 얻으려면 KafkaUtils 메커니즘을 사용하세요. (출처: <https://docs.spring.io/spring-kafka/reference/3.2/kafka/receiving-messages/listener-group-id.html>)"
"Spring Kafka에서 TaskExecutor는 어떤 용도로 사용되나요?","Spring Kafka에서 TaskExecutor는 소비자와 리스너를 호출하는 데 사용됩니다. 컨테이너의 ContainerProperties의 consumerExecutor 속성을 설정하여 사용자 정의 실행자를 제공할 수 있습니다. (출처: https://docs.spring.io/spring-kafka/reference/3.2/kafka/receiving-messages/container-thread-naming.html)"
"Spring Kafka에서 consumerExecutor 속성을 설정하면 어떤 영향을 미치나요?","Spring Kafka에서 consumerExecutor 속성을 설정하면 컨테이너에서 사용되는 풀링된 실행자에 충분한 스레드가 있는지 확인할 수 있습니다. 이를 통해 모든 컨테이너에서 동시성을 처리할 수 있습니다. (출처: https://docs.spring.io/spring-kafka/reference/3.2/kafka/receiving-messages/container-thread-naming.html)"
"Spring Kafka에서 ConcurrentMessageListenerContainer를 사용할 때 스레드 이름은 어떻게 지정되나요?","Spring Kafka에서 ConcurrentMessageListenerContainer를 사용할 때, 소비자 실행자를 제공하지 않으면 각 컨테이너에 대해 SimpleAsyncTaskExecutor가 사용됩니다. 이 실행자는 <beanName>-C-<n>과 유사한 이름의 스레드를 생성합니다. <beanName> 부분은 스레드 이름에서 <beanName>-m이 되며, 여기서 m은 소비자 인스턴스를 나타냅니다. n은 컨테이너가 시작될 때마다 증가합니다. (출처: https://docs.spring.io/spring-kafka/reference/3.2/kafka/receiving-messages/container-thread-naming.html)"
"Spring Kafka에서 @KafkaListener 주석의 속성을 프로그래밍 방식으로 수정하려면 어떻게 해야 하나요?","Spring Kafka 2.7.2 버전 이상에서 KafkaListenerAnnotationBeanPostProcessor.AnnotationEnhancer를 하나 이상 추가하여 속성을 프로그래밍 방식으로 수정할 수 있습니다. AnnotationEnhancer는 BiFunction<Map<String, Object>, AnnotatedElement, Map<String, Object>>로 구현되어야 하며, 속성의 맵을 반환해야 합니다. 속성 값은 SpEL 및/또는 속성 플레이스홀더를 포함할 수 있으며, 해결이 수행되기 전에 호출됩니다. 여러 개의 enhancer가 있는 경우 Ordered를 구현하면 순서대로 호출됩니다. AnnotationEnhancer 빈 정의는 애플리케이션 컨텍스트의 수명 주기에서 매우 일찍 필요하므로 정적으로 선언되어야 합니다. 예시는 다음과 같습니다: @Bean public static AnnotationEnhancer groupIdEnhancer() { return (attrs, element) -> { attrs.put('groupId', attrs.get('id') + '.' + (element instanceof Class ? ((Class<?>) element).getSimpleName() : ((Method) element).getDeclaringClass().getSimpleName() + '.' + ((Method) element).getName())); return attrs; }; } (출처: https://docs.spring.io/spring-kafka/reference/3.2/kafka/receiving-messages/kafkalistener-attrs.html)"
"AnnotationEnhancer는 어떤 역할을 하며, 어떻게 구현해야 하나요?","AnnotationEnhancer는 속성 값을 수정하는 BiFunction<Map<String, Object>, AnnotatedElement, Map<String, Object>>입니다. Map<String, Object>를 반환하고 속성 값은 SpEL 및/또는 속성 플레이스홀더를 포함할 수 있습니다. AnnotationEnhancer는 Spring Kafka 2.7.2 이상에서 @KafkaListener 주석의 속성을 수정하는 데 사용됩니다. 구현은 Map<String, Object>를 반환하여 속성 값을 수정합니다. 여러 개의 enhancer가 있는 경우 구현해야 하는 Ordered 인터페이스를 통해 순서대로 호출됩니다. AnnotationEnhancer 빈 정의는 애플리케이션 컨텍스트의 수명 주기에서 매우 일찍 필요하므로 정적으로 선언되어야 합니다. (출처: https://docs.spring.io/spring-kafka/reference/3.2/kafka/receiving-messages/kafkalistener-attrs.html)"
"Spring Kafka에서 @KafkaListener @Payload 인수를 어떻게 검증할 수 있나요?","Spring Kafka 2.2 버전 이상에서, @KafkaListener @Payload 인수를 검증하기 위해 Validator를 추가하는 것이 더 쉬워졌습니다. 이전에는 사용자 정의 DefaultMessageHandlerMethodFactory를 구성하고 등록기에 추가해야 했지만, 이제는 검증자를 등록기 자체에 추가할 수 있습니다. 다음 코드는 이를 수행하는 방법을 보여줍니다: @Configuration @EnableKafka public class Config implements KafkaListenerConfigurer { ... @Override public void configureKafkaListeners(KafkaListenerEndpointRegistrar registrar) { registrar.setValidator(new MyValidator()); } }"
"Spring Kafka에서 LocalValidatorFactoryBean을 어떻게 구성하나요?","Spring Boot와 validation starter를 사용하면, 다음 예제와 같이 LocalValidatorFactoryBean이 자동으로 구성됩니다: @Configuration @EnableKafka public class Config implements KafkaListenerConfigurer { @Autowired private LocalValidatorFactoryBean validator; ... @Override public void configureKafkaListeners(KafkaListenerEndpointRegistrar registrar) { registrar.setValidator(this.validator); } }"
"Spring Kafka에서 @KafkaHandler 메서드의 페이로드에 대한 검증을 어떻게 수행하나요?","2.5.11 버전 이상에서, @KafkaHandler 메서드의 페이로드에 대한 검증이 이제 클래스 수준의 리스너에서 작동합니다. @KafkaListener on a Class(https://docs.spring.io/spring-kafka/reference/3.2/kafka/receiving-messages/class-level-kafkalistener.html)를 참조하세요. 3.1 버전 이상에서, ErrorHandlingDeserializer에서 검증을 수행할 수도 있습니다. 자세한 내용은 Using ErrorHandlingDeserializer(https://docs.spring.io/spring-kafka/reference/3.2/kafka/serdes.html#error-handling-deserializer)를 참조하세요."
"Spring Kafka에서 ConsumerRebalanceListener 인터페이스를 구현하는 이유는 무엇인가요?","Spring Kafka에서 ConsumerRebalanceListener 인터페이스를 구현하는 이유는 파티션 재할당 이벤트에 대한 사용자 정의 로직을 설정할 수 있기 때문입니다. 이 인터페이스를 구현하면 ConsumerRebalanceListener의 메서드를 오버라이드하여 재할당 이벤트를 처리할 수 있습니다. 이 인터페이스를 구현하지 않으면 컨테이너가 INFO 레벨로 재할당 이벤트를 기록하는 로깅 리스너를 구성합니다. (출처: https://docs.spring.io/spring-kafka/reference/3.2/kafka/receiving-messages/rebalance-listeners.html)"
"Spring Kafka에서 ConsumerAwareRebalanceListener 인터페이스는 어떤 역할을 하나요?","Spring Kafka에서 ConsumerAwareRebalanceListener 인터페이스는 ConsumerRebalanceListener 인터페이스를 확장하여 파티션이 취소될 때 두 개의 콜백을 제공합니다. 첫 번째는 즉시 호출되고, 두 번째는 대기 중인 오프셋이 커밋된 후에 호출됩니다. 이 인터페이스는 외부 저장소에 오프셋을 유지하려는 경우 특히 유용합니다. (출처: https://docs.spring.io/spring-kafka/reference/3.2/kafka/receiving-messages/rebalance-listeners.html)"
"Spring Kafka에서 사용자 정의 리스너를 공급할 때 ConsumerRebalanceListener와 ConsumerAwareRebalanceListener의 차이점은 무엇인가요?","Spring Kafka에서 사용자 정의 리스너를 공급할 때 ConsumerRebalanceListener와 ConsumerAwareRebalanceListener의 주요 차이점은 ConsumerAwareRebalanceListener가 파티션이 취소될 때 두 개의 콜백을 제공한다는 것입니다. 파티션이 손실되었을 때 onPartitionsLost() 메서드가 호출됩니다. 기본 구현은 ConsumerRebalanceListener의 onPartitionsRevoked()를 호출하고 ConsumerAwareRebalanceListener는 아무 작업도 수행하지 않습니다. 사용자 정의 리스너를 공급할 때 onPartitionsLost()에서 onPartitionsRevoked()를 호출하지 않도록 주의해야 합니다. (출처: https://docs.spring.io/spring-kafka/reference/3.2/kafka/receiving-messages/rebalance-listeners.html)"
"Spring for Apache Kafka에서 메시지 리스너 컨테이너를 사용하여 강제 리밸런스를 트리거하는 방법은 무엇인가요?","Spring for Apache Kafka는 버전 3.1.2부터 메시지 리스너 컨테이너를 통해 Kafka 소비자에서 이 API를 호출하는 옵션을 제공합니다. KafkaListenerEndpointRegistry를 사용하여 메시지 리스너 컨테이너에 액세스하고 enforceRebalance API를 호출하면 됩니다. (출처: https://docs.spring.io/spring-kafka/reference/3.2/kafka/receiving-messages/enforced-rebalance.html)"
"Kafka 소비자에서 강제 리밸런스를 트리거하는 API는 무엇인가요?","Kafka 소비자에서 강제 리밸런스를 트리거하는 API는 enforceRebalance입니다. 이 API는 Kafka 클라이언트에서 버전 3.1.2부터 사용할 수 있습니다. (출처: https://docs.spring.io/spring-kafka/reference/3.2/kafka/receiving-messages/enforced-rebalance.html)"
"Kafka 소비자에서 강제 리밸런스를 호출할 때, 실제 리밸런스는 언제 발생하나요?","Kafka 소비자에서 force rebalance를 호출하면, 다음 poll() 작업의 일부로 리밸런싱이 트리거됩니다. 이미 리밸런싱이 진행 중인 경우, 강제 리밸런스를 호출하면 아무 작업도 수행되지 않습니다. 호출자는 현재 리밸런싱이 완료될 때까지 기다려야 다른 강제 리밸런스를 호출할 수 있습니다. (출처: https://docs.spring.io/spring-kafka/reference/3.2/kafka/receiving-messages/enforced-rebalance.html)"
"Spring Integration에서 중복된 메시지를 처리하고 폐기하는 방법은 무엇인가요?","Spring Integration은 Idempotent Receiver 패턴을 제공하여 중복된 메시지를 처리하고 폐기할 수 있습니다. FilteringMessageListenerAdapter 클래스를 사용하여 RecordFilterStrategy 인터페이스를 구현하여 중복된 메시지를 필터링할 수 있습니다. 또한, FilteringBatchMessageListenerAdapter도 제공됩니다. FilteringMessageListenerAdapter는 @KafkaListener가 List<ConsumerRecord<?, ?>> 대신 ConsumerRecords<?, ?>를 받는 경우에는 무시됩니다. 2.8.4 버전부터는 listener annotations의 filter 속성을 사용하여 listener container factory의 기본 RecordFilterStrategy를 재정의할 수 있습니다. (출처: <https://docs.spring.io/spring-kafka/reference/3.2/kafka/receiving-messages/filtering.html>)"
"Spring Integration의 RecordFilterStrategy 인터페이스는 어떤 역할을 하나요?","RecordFilterStrategy 인터페이스는 FilteringMessageListenerAdapter 클래스의 구현체로, 중복된 메시지를 필터링하는 역할을 합니다. 구현체는 filter 메서드를 구현하여 메시지가 중복되었는지 여부를 나타내야 합니다. 또한, ackDiscarded 속성을 사용하여 어댑터가 폐기된 레코드에 대해 Ack를 보내야 하는지 여부를 나타낼 수 있습니다. 기본적으로 이 속성은 false로 설정되어 있습니다. (출처: <https://docs.spring.io/spring-kafka/reference/3.2/kafka/receiving-messages/filtering.html>)"
"Spring Integration에서 FilteringBatchMessageListenerAdapter와 FilteringMessageListenerAdapter의 차이점은 무엇인가요?","FilteringBatchMessageListenerAdapter는 batch message listener를 사용할 때 사용되는 FilteringMessageListenerAdapter의 확장입니다. FilteringMessageListenerAdapter는 @KafkaListener가 List<ConsumerRecord<?, ?>> 대신 ConsumerRecords<?, ?>를 받는 경우에는 무시됩니다. (출처: <https://docs.spring.io/spring-kafka/reference/3.2/kafka/receiving-messages/filtering.html>)"
"Spring Kafka에서 재시도 정책을 구성하려면 어디에서 확인할 수 있나요?","Spring Kafka에서 재시도 정책을 구성하려면 DefaultErrorHandler를 확인해야 합니다. 자세한 내용은 다음 링크를 참조하세요: https://docs.spring.io/spring-kafka/reference/3.2/kafka/receiving-messages/retrying-deliveries.html"
"Spring Kafka에서 소비 실패 시 재시도 메커니즘을 어떻게 구성할 수 있나요?","Spring Kafka에서 소비 실패 시 재시도 메커니즘을 구성하려면 DefaultErrorHandler를 확인해야 합니다. 자세한 내용은 다음 링크를 참조하세요: https://docs.spring.io/spring-kafka/reference/3.2/kafka/receiving-messages/retrying-deliveries.html"
"Spring Kafka에서 DefaultErrorHandler를 사용하여 재시도를 처리하는 방법은 무엇인가요?","Spring Kafka에서 DefaultErrorHandler를 사용하여 재시도를 처리하려면 DefaultErrorHandler를 확인해야 합니다. 자세한 내용은 다음 링크를 참조하세요: https://docs.spring.io/spring-kafka/reference/3.2/kafka/receiving-messages/retrying-deliveries.html"
"Spring Kafka에서 @KafkaListeners를 순차적으로 시작하려면 어떻게 해야 하나요?","Spring Kafka의 버전 2.7.3부터 새로운 컴포넌트인 ContainerGroupSequencer를 사용하여 컨테이너 그룹을 함께 묶고, 현재 그룹의 모든 컨테이너가 유휴 상태가 되면 다음 그룹의 컨테이너를 시작할 수 있습니다. 이를 통해 한 그룹의 모든 컨테이너가 모든 레코드를 처리한 후에야 다음 그룹의 컨테이너가 시작되도록 할 수 있습니다."
"Spring Kafka에서 ContainerGroupSequencer를 사용하는 방법은 무엇인가요?","ContainerGroupSequencer를 사용하려면 KafkaListenerEndpointRegistry를 생성자 인수로 사용하여 빈을 정의해야 합니다. 그런 다음, KafkaListener 어노테이션의 containerGroup 속성을 사용하여 컨테이너를 그룹화합니다. 마지막으로, ContainerGroupSequencer 빈을 시작하여 컨테이너 그룹을 순차적으로 시작할 수 있습니다."
"Spring Kafka에서 ContainerGroupSequencer의 기본 동작을 변경할 수 있나요?","네, ContainerGroupSequencer의 기본 동작은 stopLastGroupWhenIdle 속성을 설정하여 마지막 그룹의 컨테이너가 유휴 상태가 되면 중지할 수 있습니다. 기본적으로, 마지막 그룹의 컨테이너는 유휴 상태가 되어도 중지되지 않습니다."
"KafkaTemplate을 사용하여 메시지를 수신하는 방법은 무엇인가요?","KafkaTemplate을 사용하여 메시지를 수신하려면, 버전 2.8부터는 receive() 메서드를 사용해야 합니다. 이 메서드는 ConsumerRecord<K, V> receive(String topic, int partition, long offset), ConsumerRecord<K, V> receive(String topic, int partition, long offset, Duration pollTimeout), ConsumerRecords<K, V> receive(Collection<TopicPartitionOffset> requested), ConsumerRecords<K, V> receive(Collection<TopicPartitionOffset> requested, Duration pollTimeout) 네 가지 형태로 제공됩니다. 필요한 레코드의 파티션과 오프셋을 알아야 하며, 각 작업마다 새로운 Consumer가 생성되고 종료됩니다. 마지막 두 가지 메서드를 사용하면 각 레코드를 개별적으로 검색하고 결과를 ConsumerRecords 객체로 구성합니다. 요청 시 TopicPartitionOffset을 생성할 때는 양수 절대 오프셋만 지원됩니다. 출처: https://docs.spring.io/spring-kafka/reference/3.2/kafka/receiving-messages/template-receive.html"
"KafkaTemplate의 receive() 메서드는 몇 가지가 있나요?","KafkaTemplate의 receive() 메서드는 네 가지가 있습니다. ConsumerRecord<K, V> receive(String topic, int partition, long offset), ConsumerRecord<K, V> receive(String topic, int partition, long offset, Duration pollTimeout), ConsumerRecords<K, V> receive(Collection<TopicPartitionOffset> requested), ConsumerRecords<K, V> receive(Collection<TopicPartitionOffset> requested, Duration pollTimeout)입니다. 출처: https://docs.spring.io/spring-kafka/reference/3.2/kafka/receiving-messages/template-receive.html"
"KafkaTemplate의 receive() 메서드에서 어떤 유형의 오프셋을 지원하나요?","KafkaTemplate의 receive() 메서드에서는 양수 절대 오프셋만 지원됩니다. 출처: https://docs.spring.io/spring-kafka/reference/3.2/kafka/receiving-messages/template-receive.html"
"Spring Kafka에서 Listener Container Properties란 무엇인가요?","Spring Kafka에서 Listener Container Properties는 Kafka 메시지 리스너 컨테이너에 대한 구성 속성을 말합니다. 이 속성들은 메시지 리스너의 동작과 기능을 제어하는 데 사용됩니다. 예를 들어, ackMode, ackTime, assignmentCommitOption 등의 속성이 있습니다. (출처: https://docs.spring.io/spring-kafka/reference/html/#container-props)"
"Spring Kafka에서 ContainerProperties의 assignmentCommitOption 속성은 어떤 역할을 하나요?","ContainerProperties의 assignmentCommitOption 속성은 Kafka 리스너 컨테이너가 할당된 파티션의 초기 위치를 커밋할지 여부를 제어합니다. 기본적으로, 이 속성은 latest로 설정되어 있으며, TransactionManager가 있더라도 ConsumerConfig.AUTO_OFFSET_RESET_CONFIG가 latest로 설정되어 있으면 초기 오프셋은 커밋되지 않습니다. 사용 가능한 옵션에 대한 자세한 내용은 ContainerProperties.AssignmentCommitOption의 JavaDocs를 참조하십시오. (출처: https://docs.spring.io/spring-kafka/reference/html/#container-props)"
"Spring Kafka에서 ContainerProperties의 ackMode 속성은 어떤 역할을 하나요?","ContainerProperties의 ackMode 속성은 오프셋이 커밋되는 시점을 제어합니다. 이 속성은 BATCH, COUNT, TIME, COUNT_TIME 등의 값을 가질 수 있으며, 각각의 값에 따라 오프셋 커밋 동작이 달라집니다. 예를 들어, BATCH 모드에서는 지정된 일괄 처리 데이터의 수만큼 레코드를 처리한 후에 오프셋이 커밋됩니다. COUNT 모드에서는 지정된 레코드 수만큼 레코드를 처리한 후에 오프셋이 커밋됩니다. TIME 모드에서는 지정된 시간 동안 레코드를 처리한 후에 오프셋이 커밋됩니다. COUNT_TIME 모드에서는 레코드 수와 시간 둘 다를 고려하여 오프셋이 커밋됩니다. (출처: https://docs.spring.io/spring-kafka/reference/html/#container-props)"
"스프링에서 런타임에 리스너 컨테이너를 동적으로 생성하는 방법은 무엇인가요?","스프링에서 런타임에 리스너 컨테이너를 동적으로 생성하는 몇 가지 기술이 있습니다. 이 섹션에서는 이러한 기술 중 일부를 살펴봅니다. 예를 들어, 직접 리스너를 구현하는 경우, 리스너 팩토리를 사용하여 해당 리스너에 대한 원시 컨테이너를 만들 수 있습니다. 또한, @KafkaListener로 주석이 지정된 메서드에 대한 컨테이너를 프로토타입 빈으로 선언하여 동적으로 만들 수 있습니다. 리스너는 고유한 ID를 가져야 하며, KafkaListenerEndpointRegistry의 unregisterListenerContainer(String id) 메서드를 사용하여 ID를 재사용할 수 있습니다."
"스프링에서 사용자 정의 메시지 리스너 구현을 사용하여 리스너 컨테이너를 생성하는 방법은 무엇인가요?","사용자 정의 메시지 리스너 구현을 사용하여 리스너 컨테이너를 생성하려면, 직접 리스너를 구현하고 리스너 팩토리를 사용하여 해당 리스너에 대한 원시 컨테이너를 만들 수 있습니다. 그런 다음 createContainer() 메서드를 사용하여 사용자 정의 리스너를 리스너 컨테이너에 설정할 수 있습니다."
"스프링에서 @KafkaListener로 주석이 지정된 메서드에 대한 컨테이너를 동적으로 생성하는 방법은 무엇인가요?","스프링에서 @KafkaListener로 주석이 지정된 메서드에 대한 컨테이너를 동적으로 생성하려면, 해당 빈을 프로토타입으로 선언할 수 있습니다. 이렇게 하면 각 요청마다 새로운 컨테이너가 생성됩니다. 또한, 빈을 생성할 때 사용자 정의 ID와 주제를 전달하여 각 컨테이너의 ID와 주제를 제어할 수 있습니다."
"Spring에서 ConsumerStartingEvent는 언제 발생하나요?","ConsumerStartingEvent는 소비자 스레드가 처음 시작될 때 발생하며, 폴링을 시작하기 전에 발생합니다. (출처: https://docs.spring.io/spring-kafka/reference/3.2/kafka/events.html)"
"Spring에서 ConsumerFailedToStartEvent는 어떤 경우에 발생하나요?","ConsumerFailedToStartEvent는 consumerStartTimeout 컨테이너 속성 내에서 ConsumerStartingEvent가 발생하지 않을 경우 발생합니다. 이 이벤트는 구성된 작업 실행자가 컨테이너와 그들의 동시성을 지원하기에 충분한 스레드를 가지고 있지 않음을 나타낼 수 있습니다. (출처: https://docs.spring.io/spring-kafka/reference/3.2/kafka/events.html)"
"Spring에서 ListenerContainerIdleEvent는 어떤 경우에 발생하나요?","ListenerContainerIdleEvent는 idleEventInterval (구성된 경우) 동안 메시지가 수신되지 않은 경우 발생합니다. (출처: https://docs.spring.io/spring-kafka/reference/3.2/kafka/events.html)"
"Spring Kafka에서 토픽 파티션의 초기 오프셋을 설정하는 방법은 무엇인가요?","Spring Kafka에서 토픽 파티션의 초기 오프셋을 설정하는 방법은 여러 가지가 있습니다. 파티션을 수동으로 할당할 때, 구성된 TopicPartitionOffset 인수에서 원하는 경우 초기 오프셋을 설정할 수 있습니다. 또한 언제든지 특정 오프셋으로 이동할 수 있습니다. 브로커가 파티션을 할당하는 그룹 관리를 사용할 때, 새로운 group.id의 경우 초기 오프셋은 auto.offset.reset 소비자 속성(earliest 또는 latest)에 따라 결정됩니다. 기존 group ID의 경우 초기 오프셋은 해당 group ID의 현재 오프셋입니다. 그러나 초기화 중에(또는 그 이후에) 언제든지 특정 오프셋으로 이동할 수 있습니다. (출처: <https://docs.spring.io/spring-kafka/reference/3.2/kafka/topic/partition-initial-offset.html>)"
"Spring Kafka에서 broker가 partition을 할당하는 경우 initial offset은 어떻게 결정되나요?","Spring Kafka에서 broker가 partition을 할당하는 경우, 새로운 group.id의 initial offset은 auto.offset.reset consumer property (earliest 또는 latest)에 의해 결정됩니다. 기존 group ID의 경우, initial offset은 해당 group ID에 대한 현재 offset입니다. 그러나 초기화 중에 (또는 그 이후에) 언제든지 특정 offset으로 이동할 수 있습니다. (출처: <https://docs.spring.io/spring-kafka/reference/3.2/kafka/topic/partition-initial-offset.html>)"
"Spring Kafka에서 broker가 partition을 할당하는 경우 기존 group ID의 initial offset은 무엇인가요?","Spring Kafka에서 broker가 partition을 할당하는 경우, 기존 group ID의 initial offset은 해당 group ID에 대한 현재 offset입니다. 그러나 초기화 중에 (또는 그 이후에) 언제든지 특정 offset으로 이동할 수 있습니다. (출처: <https://docs.spring.io/spring-kafka/reference/3.2/kafka/topic/partition-initial-offset.html>)"
"How do you seek to a specific offset in Spring Kafka?","To seek to a specific offset in Spring Kafka, you must implement ConsumerSeekAware and use the provided callbacks to register and perform the seek operation. The registerSeekCallback method is called when the container is started and whenever partitions are assigned. You should use this callback when seeking at some arbitrary time after initialization. The onPartitionsAssigned method is called when partitions are assigned and can be used to set initial offsets for the partitions. The onPartitionsRevoked method is called when the container is stopped or Kafka revokes assignments. The callback has various methods such as seek, seekToBeginning, seekToEnd, seekRelative, and seekToTimestamp to perform different types of seeks. The seekToTimestamp methods were added in version 2.3 and are more efficient when seeking to the same timestamp for multiple partitions. The seekToBeginning method that accepts a collection is useful when processing a compacted topic and you wish to seek to the beginning every time the application is started. To arbitrarily seek at runtime, use the callback reference from the registerSeekCallback for the appropriate thread. (Source: <https://docs.spring.io/spring-kafka/reference/3.2/kafka/seek.html>)"
"How can you perform a seek operation from the onIdleContainer() method in Spring Kafka?","You can perform a seek operation from the onIdleContainer() method in Spring Kafka by using the ConsumerSeekCallback provided to this method. The onIdleContainer() method is called when an idle container is detected. When called from this method, the container will gather all timestamp seek requests and make one call to offsetsForTimes. The seekToTimestamp methods are preferred when seeking to the same timestamp for multiple partitions in the onIdleContainer or onPartitionsAssigned methods because they are more efficient. When called from other locations, the container will gather all timestamp seek requests and make one call to offsetsForTimes. The seekToBeginning method that accepts a collection is useful when processing a compacted topic and you wish to seek to the beginning every time the application is started. (Source: <https://docs.spring.io/spring-kafka/reference/3.2/kafka/seek.html>)"
"What is the purpose of the AbstractConsumerSeekAware class in Spring Kafka?","The purpose of the AbstractConsumerSeekAware class in Spring Kafka is to simplify the process of seeking by keeping track of which callback is to be used for a topic/partition. It adds convenience methods for seeking to the beginning, end, and a specific timestamp. It also provides methods that allow arbitrary external calls to rewind partitions by one record. This class can be extended to implement additional seek logic and simplify the process of seeking in Spring Kafka applications. (Source: <https://docs.spring.io/spring-kafka/reference/3.2/kafka/seek.html>)"
"Spring에서 ConcurrentMessageListenerContainer를 어떻게 구성하나요?","Spring에서는 ConcurrentKafkaListenerContainerFactory를 사용하여 ConcurrentMessageListenerContainer를 생성할 수 있습니다. createContainer() 메서드를 호출하여 컨테이너를 생성하고, setMessageListener()를 사용하여 메시지 리스너를 설정할 수 있습니다. 생성된 컨테이너를 @Bean으로 등록하여 애플리케이션 컨텍스트에 등록해야 합니다. (출처: https://docs.spring.io/spring-kafka/reference/3.2/kafka/container-factory.html)"
"Spring에서 ConcurrentKafkaListenerContainerFactory에 ContainerCustomizer를 추가하는 방법은 무엇인가요?","Spring에서는 ConcurrentKafkaListenerContainerFactory에 ContainerCustomizer를 추가하여 컨테이너를 생성한 후 추가로 구성할 수 있습니다. setContainerCustomizer() 메서드를 사용하여 ContainerCustomizer를 설정할 수 있습니다. (출처: https://docs.spring.io/spring-kafka/reference/3.2/kafka/container-factory.html)"
"Spring에서 KafkaListener에 ContainerPostProcessor를 추가하는 방법은 무엇인가요?","Spring에서는 KafkaListener에 ContainerPostProcessor를 추가하여 단일 리스너에 대해 동일한 종류의 커스터마이징을 적용할 수 있습니다. containerPostProcessor 속성을 사용하여 ContainerPostProcessor의 빈 이름을 지정할 수 있습니다. (출처: https://docs.spring.io/spring-kafka/reference/3.2/kafka/container-factory.html)"
"스프링의 동시성 메시지 리스너 컨테이너를 사용할 때, 리스너 인스턴스는 어떻게 소비되는 다른 스레드에서 호출되나요?","단일 리스너 인스턴스는 모든 소비자 스레드에서 호출됩니다. (출처: https://docs.spring.io/spring-kafka/reference/3.2/kafka/thread-safety.html)"
"리스너를 스레드 안전하도록 만들거나 동기화를 추가하는 것이 동시성을 추가하는 이점을 크게 감소시키는 경우, 어떤 기술을 사용할 수 있나요?","프로토타입 스코프의 MessageListener 빈을 사용하여 concurrency=1인 n개의 컨테이너를 사용하거나, ThreadLocal<?> 인스턴스에 상태를 유지하거나, SimpleThreadScope로 선언된 빈에 싱글톤 리스너가 위임하도록 할 수 있습니다. (출처: https://docs.spring.io/spring-kafka/reference/3.2/kafka/thread-safety.html)"
"ConsumerStoppedEvent를 소비할 수 있는 방법은 무엇이며, 이 이벤트는 어떤 용도로 사용되나요?","ApplicationListener 또는 @EventListener 메서드를 사용하여 이러한 이벤트를 소비하여 ThreadLocal<?> 인스턴스를 제거하거나 () 스레드 스코프 빈을 스코프에서 제거할 수 있습니다. 이 이벤트는 각 스레드가 종료될 때 리스너 컨테이너에서 게시됩니다. (출처: https://docs.spring.io/spring-kafka/reference/3.2/kafka/thread-safety.html)"
"Spring Kafka는 어떤 버전에서 Micrometer 메트릭을 자동으로 생성하기 시작했나요?","Spring Kafka는 2.3 버전부터 Micrometer 메트릭을 자동으로 생성하기 시작했습니다. (출처: https://docs.spring.io/spring-kafka/reference/html/#monitoring-metrics)"
"Micrometer 메트릭을 비활성화하는 방법은 무엇인가요?","Micrometer 메트릭을 비활성화하려면 listener 컨테이너의 경우 'micrometerEnabled' ContainerProperty를 false로 설정하고, KafkaTemplate의 경우 'micrometerEnabled' 속성을 false로 설정하면 됩니다. (출처: https://docs.spring.io/spring-kafka/reference/html/#monitoring-metrics)"
"Micrometer Native Metrics를 사용하려면 어떤 Factory Listeners를 사용해야 하나요?","Micrometer Native Metrics를 사용하려면 KafkaClientMetrics를 관리하기 위한 Factory Listeners(connecting.html#factory-listeners)를 사용해야 합니다. (출처: https://docs.spring.io/spring-kafka/reference/html/#monitoring-metrics)"
"Spring for Apache Kafka에서 트랜잭션을 지원하는 데 사용되는 KafkaTransactionManager는 무엇인가요?","KafkaTransactionManager는 Spring Framework의 PlatformTransactionManager 인터페이스를 구현한 것으로, 일반적인 Spring 트랜잭션 지원(@Transactional, TransactionTemplate 등)과 함께 사용할 수 있습니다. KafkaTransactionManager는 생성자에 프로듀서 팩토리에 대한 참조를 제공받으며, 사용자 정의 프로듀서 팩토리를 제공하는 경우 트랜잭션을 지원해야 합니다. 프로듀서 팩토리가 트랜잭션을 지원하는지 확인하려면 ProducerFactory.transactionCapable()를 사용하세요."
"Spring for Apache Kafka에서 로컬 트랜잭션을 사용하는 KafkaTemplate은 어떻게 사용하나요?","KafkaTemplate을 사용하여 로컬 트랜잭션 내에서 일련의 작업을 실행할 수 있습니다. 콜백의 인수는 템플릿 자체(this)입니다. 콜백이 정상적으로 종료되면 트랜잭션이 커밋됩니다. 예외가 발생하면 트랜잭션이 롤백됩니다. 트랜잭션이 진행 중인 경우 KafkaTransactionManager(또는 동기화된) 트랜잭션은 사용되지 않고, 대신 새로운 '중첩' 트랜잭션이 사용됩니다."
"Spring for Apache Kafka에서 DefaultTransactionIdSuffixStrategy를 사용하는 방법은 무엇인가요?","DefaultTransactionIdSuffixStrategy 클래스는 transactional.id 접미사를 관리하는 데 사용됩니다. 기본 구현은 DefaultTransactionIdSuffixStrategy입니다. maxCache를 0보다 큰 값으로 설정하면 특정 범위 내에서 transactional.id를 재사용할 수 있으며, 그렇지 않으면 카운터를 증가시켜 접미사가 동적으로 생성됩니다. transactional.id가 모두 사용되어 transactional producer를 요청할 때 NoProducerAvailableException이 발생합니다. 사용자는 해당 예외를 다시 시도하도록 구성된 RetryTemplate을 사용할 수 있습니다."
"스프링 포 아파치 카프카에서 트랜잭션 매니저를 어떻게 설정하나요?","리스너 컨테이너에 KafkaAwareTransactionManager 인스턴스를 제공하면 됩니다. 이렇게 구성하면 컨테이너가 리스너를 호출하기 전에 트랜잭션을 시작합니다. 리스너가 수행하는 모든 KafkaTemplate 작업은 트랜잭션에 참여합니다. (출처: https://docs.spring.io/spring-kafka/reference/3.2/kafka/exactly-once.html)"
"스프링 포 아파치 카프카에서 정확히 한 번 처리(Exactly Once Semantics)란 무엇인가요?","읽기 → 처리 → 쓰기 시퀀스에 대해 시퀀스가 정확히 한 번 완료됨을 보장합니다. (읽기 및 처리는 적어도 한 번 처리됩니다). (출처: https://docs.spring.io/spring-kafka/reference/3.2/kafka/exactly-once.html)"
"스프링 포 아파치 카프카에서 EOSMode.V2는 어떻게 동작하나요?","fetch-offset-request 펜싱을 사용합니다. (버전 2.5 이상) 브로커가 버전 2.5 이상이어야 합니다. 모드 V2에서는 각 group.id/topic/partition에 대해 프로듀서를 가질 필요가 없습니다. 소비자 메타데이터는 오프셋과 함께 트랜잭션으로 전송되며 브로커는 해당 정보를 사용하여 프로듀서가 펜싱되었는지 여부를 결정할 수 있습니다. 자세한 내용은 KIP-447(https://cwiki.apache.org/confluence/display/KAFKA/KIP-447%3A+Producer+scalability+for+exactly+once+semantics)을 참조하세요. (출처: https://docs.spring.io/spring-kafka/reference/3.2/kafka/exactly-once.html)"
"Apache Kafka의 생산자와 소비자 인터셉터에 Spring Beans를 어떻게 연결할 수 있나요?","Spring Boot의 기본 팩토리를 재정의하여 인터셉터 config() 메서드를 사용하여 의존성 주입을 수동으로 구성할 수 있습니다. 이 예제에서는 SomeBean을 소비자 및 생산자 팩토리에 주입하여 MyConsumerInterceptor 및 MyProducerInterceptor 클래스에서 사용합니다. 인터셉터는 Kafka에서 관리되므로 Spring의 일반적인 의존성 주입은 작동하지 않습니다."
"이 예제에서 어떤 Spring Bean이 사용되고 있나요?","SomeBean 클래스가 사용되고 있습니다. 이 클래스는 producer interceptor 및 consumer interceptor 로그 메시지를 생성하는 someMethod() 메서드를 가지고 있습니다."
"이 예제에서 어떤 Kafka 설정이 사용되고 있나요?","생성된 Kafka 토픽은 'kgh897'이라는 이름을 가지고 있으며, 이 토픽에 메시지를 보내고 받는 프로듀서 및 소비자 팩토리가 있습니다. 또한, Kafka 리스너가 실행되어 토픽에서 메시지를 수신합니다."
"스프링에서 Producer Interceptor를 어떻게 관리하나요?","스프링에서는 버전 3.0.0부터 Producer Interceptor를 직접 빈으로 관리할 수 있습니다. 이를 위해서는 Apache Kafka producer configuration에 인터셉터의 클래스 이름을 제공하는 대신, KafkaTemplate에 이 Producer Interceptor를 설정해야 합니다. 다음은 MyProducerInterceptor를 사용하는 예시입니다: public class MyProducerInterceptor implements ProducerInterceptor<String, String> {...}. 그런 다음, 빈으로 정의하고 KafkaTemplate에 설정해야 합니다: @Bean public MyProducerInterceptor myProducerInterceptor(SomeBean someBean) { return new MyProducerInterceptor(someBean); } @Bean public KafkaTemplate<String, String> kafkaTemplate(ProducerFactory<String, String> pf, MyProducerInterceptor myProducerInterceptor) { KafkaTemplate<String, String> kafkaTemplate = new KafkaTemplate<>(pf); kafkaTemplate.setProducerInterceptor(myProducerInterceptor); }"
"Producer Interceptor의 onSend 메소드와 onAcknowledgement 메소드는 언제 호출되나요?","Producer Interceptor의 onSend 메소드는 레코드가 전송되기 직전에 호출됩니다. 서버가 데이터 발행에 대한 확인을 보내면 onAcknowledgement 메소드가 호출됩니다. onAcknowledgement는 프로듀서가 사용자 콜백을 호출하기 직전에 호출됩니다."
"KafkaTemplate에 여러 개의 Producer Interceptor를 적용하려면 어떻게 해야 하나요?","KafkaTemplate에 여러 개의 Producer Interceptor를 적용해야 하는 경우, CompositeProducerInterceptor를 사용해야 합니다. CompositeProducerInterceptor를 사용하면 개별 Producer Interceptor를 순서대로 추가할 수 있습니다. 기본 ProducerInterceptor 구현의 메소드는 CompositeProducerInterceptor에 추가된 순서대로 호출됩니다."
"Spring Kafka에서 Listener 컨테이너 일시 중지 및 재개는 어떻게 이루어졌나요?","Spring Kafka의 버전 2.1.3 이전에는 ConsumerAwareMessageListener 내에서 소비자 일시 중지 및 재개를 할 수 있었으며, 이벤트 리스너를 사용하여 일시 중지된 소비자에서 ListenerContainerIdleEvent를 수신하여 일시 중지할 수 있었습니다. 그러나 이는 스레드 안전하지 않은 경우가 있었습니다. 버전 2.1.3에서는 Listener 컨테이너에 일시 중지 및 재개 메서드가 도입되었습니다. 일시 중지는 다음 poll() 전에, 재생은 현재 poll()이 반환된 후에 효과가 발생합니다. 일시 중지된 컨테이너는 소비자 poll()을 계속하며, 그룹 관리가 사용되는 경우 재균형을 피하지만 레코드를 검색하지는 않습니다. 일시 중지 및 재개 메서드를 사용하여 안전하게 일시 중지 및 재개할 수 있습니다. {https://docs.spring.io/spring-kafka/reference/3.2/kafka/pause-resume.html}"
"Spring Kafka의 버전 2.1.5에서 어떤 새로운 기능이 도입되었나요?","Spring Kafka의 버전 2.1.5에서는 isPauseRequested() 메서드를 사용하여 일시 중지가 요청되었는지 확인할 수 있습니다. 그러나 소비자는 아직 일시 중지되지 않았을 수 있습니다. isConsumerPaused() 메서드는 모든 Consumer 인스턴스가 실제로 일시 중지되었는지 여부를 반환합니다. 또한, ConsumerPausedEvent 및 ConsumerResumedEvent 인스턴스가 컨테이너를 소스 속성으로 사용하여 게시되며, partitions 속성에는 관련된 TopicPartition 인스턴스가 포함됩니다. {https://docs.spring.io/spring-kafka/reference/3.2/kafka/pause-resume.html}"
"Spring Kafka의 버전 2.9에서 pauseImmediate 속성은 무엇을 하나요?","Spring Kafka의 버전 2.9에서 pauseImmediate 속성을 사용하면 일시 중지가 현재 레코드 처리 후 즉시 발생하도록 설정할 수 있습니다. 기본적으로 일시 중지는 이전 poll()에서 모든 레코드가 처리된 후에 발생합니다. pauseImmediate 속성은 컨테이너 초기화 중에 true로 설정하면 즉시 효과가 발생합니다. {https://docs.spring.io/spring-kafka/reference/3.2/kafka/pause-resume.html}"
"Spring Kafka listener containers에서 특정 파티션의 소비를 일시 중지하고 재개하는 기능은 언제부터 사용 가능한가요?","Spring Kafka listener containers에서 특정 파티션의 소비를 일시 중지하고 재개하는 기능은 2.7 버전부터 사용 가능합니다. (출처: https://docs.spring.io/spring-kafka/reference/3.2/kafka/pause-resume-partitions.html)"
"Spring Kafka listener containers에서 특정 파티션을 일시 중지하려면 어떤 메서드를 사용해야 하나요?","Spring Kafka listener containers에서 특정 파티션을 일시 중지하려면 pausePartition(TopicPartition topicPartition) 메서드를 사용하면 됩니다. (출처: https://docs.spring.io/spring-kafka/reference/3.2/kafka/pause-resume-partitions.html)"
"Spring Kafka listener containers에서 일시 중지된 파티션에 대한 이벤트를 수신하려면 어떤 클래스를 사용해야 하나요?","Spring Kafka listener containers에서 일시 중지된 파티션에 대한 이벤트를 수신하려면 ConsumerPartitionPausedEvent 클래스를 사용하면 됩니다. (출처: https://docs.spring.io/spring-kafka/reference/3.2/kafka/pause-resume-partitions.html)"
"Kafka에서 레코드 값과 키를 직렬화 및 역직렬화하는 데 사용되는 추상화는 무엇인가요?","Apache Kafka는 레코드 값과 키를 직렬화 및 역직렬화하기 위한 고수준 API를 제공합니다. 이는 org.apache.kafka.common.serialization.Serializer<T> 및 org.apache.kafka.common.serialization.Deserializer<T> 추상화와 일부 내장 구현으로 제공됩니다."
"KafkaProducer 또는 KafkaConsumer 구성 속성을 사용하여 커스텀 직렬화 및 역직렬화 구현을 지정하는 방법은 무엇인가요?","KafkaProducer 또는 KafkaConsumer 구성 속성을 사용하여 커스텀 직렬화 및 역직렬화 구현을 지정할 수 있습니다. 다음은 이를 수행하는 방법을 보여주는 예입니다: props.put(ProducerConfig.KEY_SERIALIZER_CLASS_CONFIG, IntegerSerializer.class); props.put(ProducerConfig.VALUE_SERIALIZER_CLASS_CONFIG, StringSerializer.class);"
"KafkaConsumer는 키 및 값에 대한 직렬화 및 역직렬화 인스턴스를 수락하는 오버로드된 생성자를 어떻게 제공하나요?","KafkaConsumer는 키 및 값에 대한 직렬화 및 역직렬화 인스턴스를 수락하는 오버로드된 생성자를 제공하여 더 복잡하거나 특정 경우에 사용할 수 있습니다. 이 API를 사용하면 DefaultKafkaProducerFactory 및 DefaultKafkaConsumerFactory도 대상 Producer 또는 Consumer에 사용자 정의 직렬화 및 역직렬화 인스턴스를 주입하기 위한 속성 (생성자 또는 설정자 메서드)을 제공합니다."
"Spring for Apache Kafka에서 메시지 헤더는 언제부터 지원되었나요?","Spring for Apache Kafka에서 메시지 헤더는 0.11.0.0 클라이언트부터 지원되었습니다. (출처: https://docs.spring.io/spring-kafka/reference/htmlsingle/#headers)"
"Kafka Header와 MessageHeader 간의 매핑을 위해 어떤 전략이 제공되나요?","Kafka Header와 MessageHeader 간의 매핑을 위해 KafkaHeaderMapper 전략이 제공됩니다. (출처: https://docs.spring.io/spring-kafka/reference/htmlsingle/#headers)"
"DefaultKafkaHeaderMapper는 어떤 상황에서 JSON 변환을 수행하나요?","DefaultKafkaHeaderMapper는 아웃바운드 메시지에 대한 풍부한 헤더 유형을 지원하기 위해 JSON 변환을 수행합니다. (출처: https://docs.spring.io/spring-kafka/reference/htmlsingle/#headers)"
"스프링-카프카에서 로그 컴팩션을 활성화하면 어떤 효과가 발생하나요?","로그 컴팩션을 사용하면 키 삭제를 식별하기 위해 null 페이로드를 가진 메시지를 보내고 받을 수 있습니다. 또한, 값을 역직렬화할 수 없는 Deserializer와 같은 다른 이유로 null 값을 받을 수도 있습니다. KafkaTemplate을 사용하여 null 페이로드를 보내려면 send() 메서드의 value 인수에 null을 전달하면 됩니다. 단, send(Message<?> message) 변형에서는 spring-messaging Message<?>가 null 페이로드를 가질 수 없으므로 KafkaNull이라는 특수한 페이로드 유형을 사용할 수 있으며, 프레임워크는 null을 보냅니다. 편의를 위해 static KafkaNull.INSTANCE가 제공됩니다. (출처: https://docs.spring.io/spring-kafka/reference/3.2/kafka/tombstones.html)"
"스프링-카프카에서 null 페이로드를 처리하도록 @KafkaListener를 구성하는 방법은 무엇인가요?","@KafkaListener를 null 페이로드를 처리하도록 구성하려면 @Payload 어노테이션을 required = false로 사용해야 합니다. 컴팩트된 로그의 툼스톤 메시지인 경우, 애플리케이션이 어떤 키가 '삭제'되었는지 확인할 수 있도록 일반적으로 키도 필요합니다. 다음 예제는 이러한 구성을 보여줍니다. (출처: https://docs.spring.io/spring-kafka/reference/3.2/kafka/tombstones.html)"
"여러 개의 @KafkaHandler 메서드를 가진 클래스 수준의 @KafkaListener를 사용할 때 어떤 추가 구성이 필요한가요?","KafkaNull 페이로드를 가진 @KafkaHandler 메서드와 함께 null 페이로드를 처리하기 위해 KafkaNull 페이로드를 가진 @KafkaHandler 메서드가 필요합니다. 다음 예제는 이러한 구성을 보여줍니다. (출처: https://docs.spring.io/spring-kafka/reference/3.2/kafka/tombstones.html)"
"Spring Kafka에서 @KafkaListener 어노테이션의 errorHandler 속성은 어떤 역할을 하나요?","errorHandler 속성은 KafkaListenerErrorHandler 구현체의 빈 이름을 제공하여 발생할 수 있는 예외를 처리하는 용도로 사용됩니다."
"Spring Kafka의 KafkaListenerErrorHandler 함수형 인터페이스의 handleError 메서드는 어떤 역할을 하나요?","handleError 메서드는 메시지 변환기에서 생성된 spring-messaging Message<?> 객체와 ListenerExecutionFailedException으로 래핑된 리스너에서 발생한 예외에 액세스할 수 있습니다. 오류 처리기는 원래 예외 또는 새로운 예외를 던질 수 있으며, 이는 컨테이너로 던져집니다. 오류 처리기에서 반환되는 모든 것은 무시됩니다."
"Spring Kafka의 CommonErrorHandler 인터페이스는 어떤 용도로 사용되나요?","CommonErrorHandler 인터페이스는 레코드 및 배치 리스너 모두에 대한 오류를 처리할 수 있으며, 단일 리스너 컨테이너 팩토리를 사용하여 두 유형의 리스너에 대한 컨테이너를 만들 수 있습니다. 대부분의 레거시 프레임워크 오류 처리기 구현체를 대체할 수 있는 CommonErrorHandler 구현체가 제공됩니다."
"Spring Kafka에서 Kerberos 구성을 어떻게 도와주는 KafkaJaasLoginModuleInitializer 클래스는 무엇인가요?","KafkaJaasLoginModuleInitializer 클래스는 Spring Kafka 2.0 버전부터 추가되었으며, Kerberos 구성을 도와줍니다. 이 클래스는 원하는 구성을 가진 빈을 애플리케이션 컨텍스트에 추가할 수 있습니다. 예를 들어, 위의 코드는 이러한 빈을 구성하는 방법을 보여줍니다. (출처: https://docs.spring.io/spring-kafka/reference/3.2/kafka/kerberos.html)"
"KafkaJaasLoginModuleInitializer 빈을 구성하기 위해 어떤 옵션이 제공되나요?","KafkaJaasLoginModuleInitializer 빈을 구성하기 위해 setControlFlag, setOptions 메서드를 사용할 수 있습니다. 위의 예제에서는 useKeyTab, storeKey, keyTab, principal 옵션을 설정하는 방법을 보여줍니다. (출처: https://docs.spring.io/spring-kafka/reference/3.2/kafka/kerberos.html)"
"Spring Kafka에서 Kerberos와 관련하여 KafkaJaasLoginModuleInitializer를 사용하는 방법에 대한 자세한 정보는 어디에서 찾을 수 있나요?","Spring Kafka에서 Kerberos와 관련하여 KafkaJaasLoginModuleInitializer를 사용하는 방법에 대한 자세한 정보는 공식 문서인 https://docs.spring.io/spring-kafka/reference/3.2/kafka/kerberos.html에서 찾을 수 있습니다. (출처: https://docs.spring.io/spring-kafka/reference/3.2/kafka/kerberos.html)"
"How has the bootstrapping mechanism for non-blocking retries changed in Spring for Apache Kafka as of version 2.9?","As of version 2.9, the bootstrapping mechanism for non-blocking retries has changed. Now, two mechanisms are required to bootstrap the feature. This is explained in detail in the Configuration(retrytopic/retry-config.html) section of the Spring for Apache Kafka reference guide. (Source: https://docs.spring.io/spring-kafka/reference/3.2/retrytopic.html)"
"What features does Spring for Apache Kafka provide to simplify the bootstrapping of non-blocking retry and DLT functionality with Kafka?","Spring for Apache Kafka provides support for non-blocking retry and DLT functionality with Kafka via the @RetryableTopic annotation and RetryTopicConfiguration class to simplify the bootstrapping process. This support has been available since version 2.7. (Source: https://docs.spring.io/spring-kafka/reference/3.2/retrytopic.html)"
"Are non-blocking retries supported with Batch Listeners in Spring for Apache Kafka?","No, non-blocking retries are not supported with Batch Listeners in Spring for Apache Kafka. (Source: https://docs.spring.io/spring-kafka/reference/3.2/retrytopic.html)"
"스프링 카프카 리트라이 패턴은 어떻게 작동하며, 메시지 처리가 실패할 경우 어떻게 되나요?","스프링 카프카 리트라이 패턴은 메시지 처리가 실패할 경우, 백오프 타임스탬프와 함께 리트라이 토픽으로 메시지를 전달합니다. 리트라이 토픽 소비자는 타임스탬프를 확인하고, 해당 토픽의 파티션에 대한 소비를 일시 중지합니다. 그 후, 파티션 소비가 재개되고, 메시지가 다시 소비됩니다. 메시지 처리가 다시 실패할 경우, 메시지는 다음 리트라이 토픽으로 전달되고, 패턴이 반복됩니다. 성공적인 처리가 이루어지거나, 시도가 소진될 때까지 이 과정이 반복되며, 메시지가 Dead Letter Topic으로 전송됩니다(구성된 경우)."
"스프링 카프카 리트라이 패턴을 설정하려면 어떤 토픽을 생성해야 하나요?","만약 'main-topic' 토픽이 있고, 1000ms의 지수 백오프와 2의 배수 및 4개의 최대 시도를 사용하여 비차단 리트라이를 설정하려면, 'main-topic-retry-1000', 'main-topic-retry-2000', 'main-topic-retry-4000' 및 'main-topic-dlt' 토픽이 생성됩니다."
"스프링 카프카 리트라이 패턴을 사용할 때 어떤 AckMode를 선호해야 하나요?","스프링 카프카 리트라이 패턴을 사용할 때 RECORD AckMode를 사용하는 것이 좋습니다."
"백오프 지연 정밀도에서 메시지 처리와 백오프는 누가 처리하나요?","백오프 지연 정밀도에서 메시지 처리와 백오프는 소비자 스레드에서 처리됩니다. (출처: {https://docs.spring.io/spring-kafka/reference/3.2/retrytopic/back-off-delay-precision.html})"
"백오프 지연 정밀도에서 지연 정밀도는 어떻게 보장되나요?","백오프 지연 정밀도에서 지연 정밀도는 최선을 다해 보장됩니다. 다음 메시지의 백오프 기간보다 한 메시지의 처리가 더 오래 걸리는 경우, 다음 메시지의 지연이 예상보다 높아질 수 있습니다. (출처: {https://docs.spring.io/spring-kafka/reference/3.2/retrytopic/back-off-delay-precision.html})"
"백오프 지연 정밀도에서 짧은 지연에 대한 정밀도는 어떻게 영향을 받나요?","백오프 지연 정밀도에서 짧은 지연(약 1초 이하)에 대한 정밀도는 오프셋 커밋과 같은 스레드가 수행해야 하는 유지 관리 작업으로 인해 메시지 처리 실행이 지연될 수 있습니다. (출처: {https://docs.spring.io/spring-kafka/reference/3.2/retrytopic/back-off-delay-precision.html})"
"Spring for Apache Kafka에서 @EnableKafkaRetryTopic 어노테이션을 사용하여 기능을 올바르게 부트스트랩하고 런타임에 일부 구성 요소를 주입하려면 어떻게 해야 하나요?","Spring for Apache Kafka에서 @EnableKafkaRetryTopic 어노테이션을 사용하려면, 해당 어노테이션을 @Configuration 어노테이션이 지정된 클래스에 사용해야 합니다. 이렇게 하면 기능이 올바르게 부트스트랩되고 런타임에 일부 구성 요소를 주입할 수 있습니다. 또한, @EnableKafka 어노테이션을 추가할 필요는 없으며, @EnableKafkaRetryTopic은 @EnableKafka로 메타 어노테이션되어 있습니다. 자세한 내용은 Configuring Global Settings and Features(#retry-topic-global-settings)를 참조하십시오. (출처: https://docs.spring.io/spring-kafka/reference/3.2/retrytopic/retry-config.html)"
"@RetryableTopic 어노테이션을 사용하여 @KafkaListener 어노테이션이 지정된 메서드에 대한 재시도 토픽 및 DLT를 구성하려면 어떻게 해야 하나요?","@RetryableTopic 어노테이션을 사용하여 @KafkaListener 어노테이션이 지정된 메서드에 대한 재시도 토픽 및 DLT를 구성하려면, 해당 메서드에 @RetryableTopic 어노테이션을 추가하면 됩니다. Spring for Apache Kafka는 기본 구성으로 필요한 모든 토픽 및 소비자를 부트스트랩합니다. @RetryableTopic(kafkaTemplate = 'myRetryableTopicKafkaTemplate') @KafkaListener(topics = 'my-annotated-topic', groupId = 'myGroupId') public void processMessage(MyPojo message) { // ... 메시지 처리 } (출처: https://docs.spring.io/spring-kafka/reference/3.2/retrytopic/retry-config.html)"
"RetryTopicConfiguration 빈을 사용하여 비차단 재시도 지원을 구성하려면 어떻게 해야 하나요?","RetryTopicConfiguration 빈을 사용하여 비차단 재시도 지원을 구성하려면, @Configuration 어노테이션이 지정된 클래스에서 RetryTopicConfiguration 빈을 만들어야 합니다. @Bean public RetryTopicConfiguration myRetryTopic(KafkaTemplate<String, Object> template) { return RetryTopicConfigurationBuilder .newInstance() .create(template); } 이렇게 하면 기본 구성으로 @KafkaListener 어노테이션이 지정된 메서드의 모든 토픽에 대한 재시도 토픽 및 DLT, 그리고 해당 소비자가 생성됩니다. 메시지 전달을 위해 KafkaTemplate 인스턴스가 필요합니다. 각 토픽에 대한 비차단 재시도 처리 방법을 더 세밀하게 제어하려면, 여러 개의 RetryTopicConfiguration 빈을 제공할 수 있습니다. (출처: https://docs.spring.io/spring-kafka/reference/3.2/retrytopic/retry-config.html)"
"@KafkaListener와 함께 사용되는 프로그램적 구성에 대해 설명하고, 비차단 재시도를 프로그래밍 방식으로 구성하는 방법에 대한 문서를 요청하는 사용자에게 어떻게 도와줄 수 있을까요?","제시된 Spring Boot 애플리케이션의 예시를 참조하여 RetryTopicConfigurationBuilder.newInstance()를 사용하여 최대 재시도 횟수, 자동 토픽 생성 및 KafkaTemplate을 설정할 수 있습니다. 또한, 토픽을 동적으로 생성하려면 SmartInitializingSingleton 인터페이스를 구현하고 RetryTopicConfigurer, RetryTopicConfiguration, KafkaListenerAnnotationBeanPostProcessor, KafkaListenerContainerFactory, Listener 및 KafkaListenerEndpointRegistry를 사용하여 프로그램적으로 컨테이너를 구성할 수 있습니다. 토픽의 자동 생성은 애플리케이션 컨텍스트가 새로 고쳐지기 전에 구성이 처리되는 경우에만 발생합니다. 런타임에 컨테이너를 구성하려면 다른 기술을 사용하여 토픽을 생성해야 합니다."
"Spring Kafka에서 프로그램적 구성 기능을 사용하려면 어떻게 해야 하나요?","RetryTopicConfigurationSupport 클래스를 확장하는 사용자 정의 구성 클래스를 만들고, RetryTopicConfigurationBuilder.newInstance()를 사용하여 최대 재시도 횟수, 자동 토픽 생성 및 KafkaTemplate을 설정할 수 있습니다. 또한, SmartInitializingSingleton 인터페이스를 구현하고 RetryTopicConfigurer, RetryTopicConfiguration, KafkaListenerAnnotationBeanPostProcessor, KafkaListenerContainerFactory, Listener 및 KafkaListenerEndpointRegistry를 사용하여 프로그램적으로 컨테이너를 구성할 수 있습니다. 토픽의 자동 생성은 애플리케이션 컨텍스트가 새로 고쳐지기 전에 구성이 처리되는 경우에만 발생합니다. 런타임에 컨테이너를 구성하려면 다른 기술을 사용하여 토픽을 생성해야 합니다."
"Spring Kafka에서 토픽을 프로그램적으로 생성하려면 어떻게 해야 하나요?","프로그램적으로 토픽을 생성하려면 SmartInitializingSingleton 인터페이스를 구현하고 RetryTopicConfigurer, RetryTopicConfiguration, KafkaListenerAnnotationBeanPostProcessor, KafkaListenerContainerFactory, Listener 및 KafkaListenerEndpointRegistry를 사용하여 프로그램적으로 컨테이너를 구성할 수 있습니다. KafkaListenerEndpointRegistrar, MethodKafkaListenerEndpoint 및 EndpointProcessor를 사용하여 토픽을 동적으로 생성할 수 있습니다. 토픽의 자동 생성은 애플리케이션 컨텍스트가 새로 고쳐지기 전에 구성이 처리되는 경우에만 발생합니다. 런타임에 컨테이너를 구성하려면 다른 기술을 사용하여 토픽을 생성해야 합니다."
"Spring Kafka RetryTopic에서 사용 가능한 백오프 정책은 무엇인가요?","Spring Kafka RetryTopic에서 사용 가능한 백오프 정책은 Fixed Back Off, Exponential Back Off, Random Exponential Back Off, Uniform Random Back Off, No Back Off, Custom Back Off입니다."
"Spring Kafka RetryTopic에서 포함 및 제외 토픽을 어떻게 구성할 수 있나요?","Spring Kafka RetryTopic에서 포함 및 제외 토픽을 구성하려면, RetryTopicConfiguration의 .includeTopic(String topic), .includeTopics(Collection<String> topics), .excludeTopic(String topic), .excludeTopics(Collection<String> topics) 메서드를 사용하면 됩니다."
"Spring Kafka RetryTopic에서 사용자 정의 DeadLetterPublishingRecoverer를 어떻게 구성할 수 있나요?","Spring Kafka RetryTopic에서 사용자 정의 DeadLetterPublishingRecoverer를 구성하려면, RetryTopicConfigurationSupport를 확장하는 @Configuration 클래스에서 configureDeadLetterPublishingContainerFactory 메서드를 오버라이드하여 DeadLetterPublisherCreator 인스턴스를 제공하면 됩니다."
"Spring Kafka에서 Retry topics와 DLT의 네이밍 규칙은 어떻게 되나요?","Spring Kafka에서 Retry topics와 DLT는 기본값 또는 제공된 값으로 기본 주제에 접미사를 추가하여 이름이 지정됩니다. 접두사에는 해당 주제의 지연 시간 또는 인덱스가 추가됩니다. 예를 들어, 'my-topic'은 'my-topic-retry-0', 'my-topic-retry-1', ..., 'my-topic-dlt'로 이름이 지정됩니다. 기본적으로 각 리트리에 대해 별도의 리트리 주제가 생성되며, 인덱스 값이 추가됩니다(예: retry-0, retry-1, ..., retry-n). 기본적으로 리트리 주제의 수는 최대 시도 횟수에서 1을 뺀 값입니다. 접두사를 구성하고, 시도 인덱스 또는 지연 시간을 추가할지 선택하고, 고정 지연 시간을 사용할 때 단일 리트리 주제를 사용하고, 지수 백오프를 사용할 때 maxInterval 지연 시간을 가진 시도에 대해 단일 리트리 주제를 사용할 수 있습니다. (출처: https://docs.spring.io/spring-kafka/reference/html/#retrytopic-topic-naming)"
"Spring Kafka에서 리트리 및 DLT 주제에 접두사를 지정하는 방법은 무엇인가요?","@RetryableTopic 어노테이션과 RetryTopicConfigurationBuilder를 사용하여 리트리 및 DLT 주제에 사용할 접두사를 지정할 수 있습니다. 예를 들어, @RetryableTopic(retryTopicSuffix = '-my-retry-suffix', dltTopicSuffix = '-my-dlt-suffix')를 사용하여 '@KafkaListener' 메서드 또는 메서드가 포함된 클래스에 지정하거나, @Bean public RetryTopicConfiguration myRetryTopic(KafkaTemplate<String, MyOtherPojo> template)에서 리트리 및 DLT 주제에 대한 접두사를 지정할 수 있습니다. 기본 접두사는 '-retry'와 '-dlt'입니다. (출처: https://docs.spring.io/spring-kafka/reference/html/#retrytopic-topic-naming)"
"Spring Kafka 3.0 이상 버전에서 동일한 토픽에 대해 여러 개의 리스너를 구성하는 방법은 무엇인가요?","Spring Kafka 3.0 이상 버전에서는 동일한 토픽에 대해 여러 개의 리스너를 구성할 수 있습니다. 이를 위해 사용자 정의 토픽 이름을 사용하여 재시도 토픽을 서로 격리해야 합니다. 이는 예제를 통해 가장 잘 설명됩니다. TopicSuffixingStrategy는 선택 사항이며, 프레임워크는 각 리스너에 대해 별도의 재시도 토픽 세트를 구성하고 사용합니다. (출처: https://docs.spring.io/spring-kafka/reference/3.2/retrytopic/multi-retry.html)"
"Spring Kafka에서 재시도 토픽의 이름을 지정하는 데 사용되는 사용자 정의 토픽 이름은 무엇인가요?","Spring Kafka에서 재시도 토픽의 이름을 지정하는 데 사용되는 사용자 정의 토픽 이름은 retryTopicSuffix 매개변수와 topicSuffixingStrategy 매개변수를 사용하여 지정됩니다. retryTopicSuffix 매개변수는 재시도 토픽의 접미사를 지정하고, topicSuffixingStrategy 매개변수는 재시도 토픽의 접미사를 지정하는 데 사용되는 전략을 지정합니다. TopicSuffixingStrategy는 선택 사항이며, 프레임워크는 각 리스너에 대해 별도의 재시도 토픽 세트를 구성하고 사용합니다. (출처: https://docs.spring.io/spring-kafka/reference/3.2/retrytopic/multi-retry.html)"
"Spring Kafka에서 동일한 토픽의 재시도 토픽과 DLT(Dead Letter Topic) 토픽의 접미사를 지정하는 방법은 무엇인가요?","Spring Kafka에서 동일한 토픽의 재시도 토픽과 DLT(Dead Letter Topic) 토픽의 접미사는 retryTopicSuffix 매개변수와 dltTopicSuffix 매개변수를 사용하여 지정됩니다. retryTopicSuffix 매개변수는 재시도 토픽의 접미사를 지정하고, dltTopicSuffix 매개변수는 DLT 토픽의 접미사를 지정합니다. TopicSuffixingStrategy는 선택 사항이며, 프레임워크는 각 리스너에 대해 별도의 재시도 토픽 세트를 구성하고 사용합니다. (출처: https://docs.spring.io/spring-kafka/reference/3.2/retrytopic/multi-retry.html)"
"스프링 카프카에서 DLT(Dead Letter Topic)란 무엇인가요?","DLT(Dead Letter Topic)란, 메시지가 지정된 횟수만큼 재시도된 후에도 처리되지 않을 경우, 해당 메시지를 다른 주제로 라우팅하기 위해 사용되는 주제입니다. 스프링 카프카에서는 DLT를 처리하기 위한 몇 가지 전략을 제공합니다. DLT 처리를 위한 메소드를 제공하거나, 기본 로깅 메소드를 사용하거나, DLT를 전혀 사용하지 않을 수 있습니다. 또한, DLT 처리가 실패할 경우 어떤 동작을 수행할지 선택할 수 있습니다. (Source: https://docs.spring.io/spring-kafka/reference/3.2/retrytopic/dlt-strategies.html)"
"스프링 카프카에서 @DltHandler 어노테이션은 어떤 역할을 하나요?","@DltHandler 어노테이션은 클래스의 메소드에서 DLT 처리를 위한 메소드를 지정하는 데 사용됩니다. 동일한 메소드는 해당 클래스 내의 모든 @RetryableTopic 어노테이션이 지정된 메소드에 대해 사용됩니다. @DltHandler 메소드는 RetryTopicConfigurationBuilder.dltHandlerMethod(String, String) 메소드를 통해 제공될 수도 있습니다. (Source: https://docs.spring.io/spring-kafka/reference/3.2/retrytopic/dlt-strategies.html)"
"스프링 카프카에서 DLT 처리 실패 시 어떤 동작을 할 수 있나요?","스프링 카프카에서는 DLT 처리 실패 시 두 가지 동작을 할 수 있습니다. ALWAYS_RETRY_ON_ERROR는 레코드를 DLT 주제로 다시 전달하여 다른 DLT 레코드의 처리를 차단하지 않습니다. FAIL_ON_ERROR는 메시지를 전달하지 않고 실행을 종료합니다. 기본 동작은 ALWAYS_RETRY_ON_ERROR입니다. (출처: https://docs.spring.io/spring-kafka/reference/3.2/retrytopic/dlt-strategies.html)"
"Spring Kafka에서 RetryTopic 구성이 기본 ListenerContainerFactory를 사용하는 대신 다른 ListenerContainerFactory를 지정하는 방법은 무엇인가요?","@RetryableTopic 어노테이션에서 listenerContainerFactory 속성을 사용하여 다른 ListenerContainerFactory의 빈 이름을 제공하거나, RetryTopicConfiguration을 사용하여 빈 이름 또는 인스턴스 자체를 지정할 수 있습니다. (출처: https://docs.spring.io/spring-kafka/reference/html/#retry-topic-lcf)"
"Spring Kafka에서 @RetryableTopic 어노테이션을 사용하여 다른 ListenerContainerFactory를 지정하는 방법은 무엇인가요?","@RetryableTopic 어노테이션에서 listenerContainerFactory 속성을 사용하여 다른 ListenerContainerFactory의 빈 이름을 제공할 수 있습니다. (출처: https://docs.spring.io/spring-kafka/reference/html/#retry-topic-lcf)"
"Spring Kafka에서 2.8.3 버전부터 어떤 기능을 사용할 수 있나요?","2.8.3 버전부터는 RetryTopic과 비-RetryTopic에 대해 동일한 ListenerContainerFactory를 사용할 수 있습니다. (출처: https://docs.spring.io/spring-kafka/reference/html/#retry-topic-lcf)"
"Spring Kafka에서 KafkaBackOffException의 로그 레벨을 어떻게 변경하나요?","Spring Kafka에서 KafkaBackOffException의 로그 레벨을 변경하려면, @Configuration 클래스에서 ListenerContainerFactoryConfigurer의 error handler customizer를 설정해야 합니다. setLogLevel 메서드를 사용하여 원하는 로그 레벨을 지정할 수 있습니다. 예를 들어, WARN 레벨로 변경하려면 다음과 같이 추가하면 됩니다: @Override protected void configureCustomizers(CustomizersConfigurer customizersConfigurer) { customizersConfigurer.customizeErrorHandler(defaultErrorHandler -> defaultErrorHandler.setLogLevel(KafkaException.Level.WARN)) }"
"Spring Kafka에서 KafkaBackOffException의 기본 로그 레벨은 어떻게 되나요?","Spring Kafka에서 KafkaBackOffException의 기본 로그 레벨은 DEBUG입니다. 이는 메시지 재시도 토픽에서 소비할 메시지가 없을 때 KafkaBackOffException이 발생하면 기본 로그 레벨로 기록됩니다."
"Spring Kafka에서 KafkaBackOffException의 로그 레벨을 구성하는 클래스는 무엇인가요?","Spring Kafka에서 KafkaBackOffException의 로그 레벨을 구성하려면, @Configuration 클래스에서 ListenerContainerFactoryConfigurer의 error handler customizer를 설정해야 합니다. 이를 통해 KafkaBackOffException의 로그 레벨을 변경할 수 있습니다."
"Spring for Apache Kafka에서 Kafka Streams를 사용하는 방법은 무엇인가요?","Spring for Apache Kafka에서 Kafka Streams를 사용하려면, Kafka Streams jar 파일이 클래스패스에 있어야 합니다. 이는 Spring for Apache Kafka 프로젝트의 선택적 의존성이며, 자동으로 다운로드되지 않습니다. Kafka Streams API를 사용하는 방법은 무엇인가요?"
"Spring for Apache Kafka에서 StreamsBuilder와 KafkaStreams의 주요 구성 요소는 무엇인가요?","Spring for Apache Kafka에서 StreamsBuilder는 KStream 또는 KTable 인스턴스를 빌드하는 API를 가지고 있으며, KafkaStreams는 이러한 인스턴스의 수명 주기를 관리하는 역할을 합니다. 모든 KStream 인스턴스는 단일 StreamsBuilder에 의해 KafkaStreams 인스턴스로 노출되며, 동일한 시간에 시작 및 중지됩니다."
"Spring for Apache Kafka에서 Kafka Streams의 수명 주기를 관리하는 방법은 무엇인가요?","Spring for Apache Kafka에서 StreamsBuilderFactoryBean을 사용하여 Spring 애플리케이션 컨텍스트 관점에서 Kafka Streams를 사용하고 컨테이너를 통해 수명 주기 관리를 사용할 수 있습니다. 기본적으로 StreamsBuilderFactoryBean은 내부 KafkaStreams 인스턴스의 수명 주기를 관리하기 위해 SmartLifecycle을 구현합니다. StreamsBuilder에서 KStream 인스턴스를 정의한 후 KafkaStreams를 시작해야 합니다."
"스프링 부트와 함께 임베디드 카프카 브루커를 사용하는 방법은 무엇인가요?","스프링 부트에서는 spring.kafka.bootstrap-servers와 같은 시스템 속성을 설정하여 임베디드 카프카 브루커를 사용할 수 있습니다. 이 속성은 Kafka 클라이언트를 자동 구성하기 위해 설정되어야 합니다. 임베디드 카프카 브루커를 시작하기 전에 spring.embedded.kafka.brokers.property=spring.kafka.bootstrap-servers와 같은 시스템 속성을 설정할 수 있습니다. 임베디드 카프카 브루커를 사용할 때는 spring-cloud-stream-test-support 종속성을 제거해야 합니다. 임베디드 카프카 브루커와 테스트 바인더를 함께 사용하지 않는 것이 좋습니다. 일반적으로 여러 테스트 클래스에서 단일 브루커를 사용하려면 규칙을 @ClassRule로 사용하고 각 테스트에서 다른 토픽을 사용하는 것이 좋습니다."
"스프링 부트 애플리케이션 테스트에서 임베디드 카프카 브루커를 사용하는 다른 방법은 무엇인가요?","스프링 부트 애플리케이션 테스트에서 임베디드 카프카 브루커를 사용하는 다른 방법으로는 JUnit4 클래스 규칙을 사용하는 것과 @EmbeddedKafka 어노테이션을 사용하는 것이 있습니다. JUnit4 클래스 규칙을 사용하는 방법은 임베디드 브루커를 만들기 위해 클래스 규칙을 사용하는 것입니다. @EmbeddedKafka 어노테이션을 사용하는 방법은 @EmbeddedKafka 어노테이션을 사용하여 임베디드 브루커를 만드는 것입니다. 이 어노테이션은 브루커 속성과 토픽을 설정하는 데 사용할 수 있으며, 프로퍼티 플레이스홀더를 지원합니다. @EmbeddedKafka 어노테이션을 @SpringJunitConfig와 함께 사용할 때, 임베디드 브루커는 테스트 애플리케이션 컨텍스트에 추가됩니다. 그렇지 않으면 EmbeddedKafkaCondition이 브루커를 만듭니다. 이 조건은 파라미터 해결자를 포함하므로 테스트 메서드에서 브루커에 액세스할 수 있습니다. @EmbeddedKafka 어노테이션을 JUnit4와 JUnit5 모두에서 사용할 수 있습니다."
"Kafka에 대한 테스트를 위해 어떻게 모의 소비자 및 생산자를 사용할 수 있나요?","kafka-clients 라이브러리에서는 테스트 목적으로 MockConsumer 및 MockProducer 클래스를 제공합니다. 프레임워크에서는 이제 MockConsumerFactory 및 MockProducerFactory 구현을 제공하여 이러한 클래스를 리스너 컨테이너 또는 KafkaTemplate과 함께 사용할 수 있습니다. MockConsumerFactory 및 MockProducerFactory는 기본 팩토리(실행 중이거나 임베디드된 브로커가 필요함) 대신 사용할 수 있습니다. MockProducerFactory에는 간단한 팩토리를 만드는 것과 트랜잭션을 지원하는 팩토리를 만드는 것 두 가지 생성자가 있습니다. MockProducer를 사용할 때 각 send 후에 프로듀서를 닫지 않으려면 슈퍼 클래스의 close 메서드를 호출하지 않는 close 메서드를 재정의하는 사용자 지정 MockProducer 구현을 제공할 수 있습니다. 이렇게 하면 동일한 프로듀서에서 여러 번 게시를 확인할 때 테스트에 편리합니다."
"Spring Boot 애플리케이션에서 Spring for Apache Kafka를 사용할 때 Apache Kafka 종속성 버전을 어떻게 결정하나요?","Spring Boot 애플리케이션에서 Spring for Apache Kafka를 사용할 때 Apache Kafka 종속성 버전은 Spring Boot의 종속성 관리에 의해 결정됩니다. (출처: https://docs.spring.io/spring-kafka/reference/3.2/appendix/override-boot-dependencies.html)"
"Spring Boot의 종속성 관리를 사용하여 kafka-clients 또는 kafka-streams의 다른 버전을 사용하려면 어떻게 해야 하나요?","kafka-clients 또는 kafka-streams의 다른 버전을 사용하고 테스트를 위해 임베드된 Kafka 브로커를 사용하려면 Spring Boot 종속성 관리에서 사용되는 버전을 재정의하고 kafka.version 속성을 설정해야 합니다. (출처: https://docs.spring.io/spring-kafka/reference/3.2/appendix/override-boot-dependencies.html)"
"Spring Boot와 함께 사용할 수 있는 다른 Spring for Apache Kafka 버전을 설정하려면 어떻게 해야 하나요?","Spring Boot와 함께 사용할 수 있는 다른 Spring for Apache Kafka 버전을 설정하려면 spring-kafka.version 속성을 설정해야 합니다. (출처: https://docs.spring.io/spring-kafka/reference/3.2/appendix/override-boot-dependencies.html)"
"Spring Kafka에서 Micrometer Observation을 어떻게 사용할 수 있나요?","Spring Kafka에서는 Micrometer Observation을 사용하여 메트릭, 스팬, 컨벤션을 생성합니다. 이를 통해 Apache Kafka 리스너와 KafkaTemplate에 대한 정보를 확인할 수 있습니다. 메트릭은 타이머와 롱 태스크 타이머를 사용하며, 각 백엔드에서 실제 기본 단위를 결정합니다. 스팬은 메시징 시스템, 소비자 그룹, 파티션 등에 대한 태그 키를 포함합니다. 컨벤션은 KafkaListenerObservation과 KafkaTemplateObservation을 포함하며, 각각 해당하는 ObservationContext에서 사용됩니다. (Source: <https://docs.spring.io/spring-kafka/reference/3.2/appendix/micrometer.html>)"
"Spring Kafka에서 Micrometer Observation과 관련된 메트릭은 어떤 종류가 있나요?","Spring Kafka에서 Micrometer Observation과 관련된 메트릭은 타이머, 타이머, 롱 태스크 타이머 등이 있습니다. 타이머 메트릭은 Apache Kafka 리스너와 KafkaTemplate에 대한 시간을 측정하고, 롱 태스크 타이머 메트릭은 활성 작업의 수를 측정합니다. Micrometer는 기본 단위로 나노초를 사용하지만, Prometheus와 같은 백엔드에서는 실제 기본 단위를 결정합니다. (Source: <https://docs.spring.io/spring-kafka/reference/3.2/appendix/micrometer.html>)"
"Spring Kafka에서 Micrometer Observation과 관련된 컨벤션은 어떻게 사용되나요?","Spring Kafka에서 Micrometer Observation과 관련된 컨벤션은 KafkaListenerObservation과 KafkaTemplateObservation을 포함합니다. 각각 해당하는 ObservationContext에서 사용되며, KafkaRecordReceiverContext와 KafkaRecordSenderContext에서 사용됩니다. GlobalObservationConvention과 ObservationConvention으로 선언되며, 이를 통해 Apache Kafka 리스너와 KafkaTemplate에 대한 정보를 얻을 수 있습니다. (Source: <https://docs.spring.io/spring-kafka/reference/3.2/appendix/micrometer.html>)"
"Spring AOT native hints란 무엇이며, Spring for Apache Kafka를 사용하는 Spring 애플리케이션의 네이티브 이미지 개발에 어떻게 도움이 되나요?","Spring AOT native hints는 Spring for Apache Kafka를 사용하는 Spring 애플리케이션의 네이티브 이미지를 개발하는 데 도움이 되는 힌트입니다. 이 힌트는 @KafkaListener에서 사용되는 AVRO 생성 클래스에 대한 힌트를 포함하여 Spring for Apache Kafka의 네이티브 이미지를 개발하는 데 도움이 됩니다. (출처: https://docs.spring.io/spring-kafka/reference/3.2/appendix/native-images.html)"
"spring-kafka-test와 EmbeddedKafkaBroker는 Spring AOT native images에서 지원되나요?","아니요, spring-kafka-test (특히 EmbeddedKafkaBroker)는 Spring AOT native images에서 지원되지 않습니다. (출처: https://docs.spring.io/spring-kafka/reference/3.2/appendix/native-images.html)"
"Spring AOT native images에 대한 더 많은 예제를 찾을 수 있는 곳은 어디인가요?","Spring AOT native images에 대한 몇 가지 예제는 spring-aot-smoke-tests GitHub 저장소에서 찾을 수 있습니다. (출처: https://docs.spring.io/spring-kafka/reference/3.2/appendix/native-images.html)"
"Spring Kafka 3.1에서 3.0과 비교하여 어떤 변경 사항이 있나요?","Spring Kafka 3.1에서는 Kafka Client Version이 3.6.0 kafka-clients로 요구되며, EmbeddedKafkaBroker에서 Zookeeper 대신 Kraft를 사용하는 추가 구현이 제공되고, JsonDeserializer가 DeserializationException이 발생했을 때 SerializationException 메시지 형식이 변경되었으며, ContainerPostProcessor가 추가되어 리스너 컨테이너에 적용할 수 있습니다. 또한 ErrorHandlingDeserializer에 Validator를 추가하여 유효성 검사 실패 시 예외를 throw할 수 있습니다. 또한 Retryable Topics의 suffix가 -retry-5000에서 -retry로 변경되었으며, Listener Container Changes가 추가되어 null consumer group.id로 수동으로 파티션을 할당할 때 AckMode가 자동으로 coerced to MANUAL로 변경되었습니다. (Source: https://docs.spring.io/spring-kafka/reference/html/#change-history)"
"Spring Kafka 3.0에서 2.9와 비교하여 어떤 변경 사항이 있나요?","Spring Kafka 3.0에서는 Kafka Client Version이 3.3.1 kafka-clients로 요구되며, Exactly Once Semantics에서 EOSMode.V1 (aka ALPHA)가 더 이상 지원되지 않습니다. 또한 Observation이 Micrometer를 사용하여 타이머 및 트레이싱을 활성화할 수 있으며, Native Images가 지원됩니다. 또한 Global Single Embedded Kafka가 전체 테스트 플랜에서 단일 전역 인스턴스로 시작할 수 있으며, Retryable Topics Changes가 추가되어 Non-Blocking Retries 인프라 빈의 부트스트래핑이 변경되었습니다. 또한 Listener Container Changes가 추가되어 소비자 인증 및 권한 부여 실패와 관련된 이벤트가 컨테이너에 의해 게시되며, 소비자 스레드에서 사용되는 스레드 이름을 사용자 지정할 수 있습니다. 또한 KafkaTemplate 및 ReplyingKafkaTemplate 변경 사항이 추가되어 반환되는 future가 ListenableFuture 대신 CompletableFuture로 변경되었습니다. 또한 @KafkaListener 변경 사항이 추가되어 사용자 정의 상관 헤더를 사용할 수 있으며, 일괄 처리 전체가 처리되기 전에 일괄 처리의 일부를 수동으로 커밋할 수 있습니다. 또한 KafkaHeaders 변경 사항이 추가되어 KafkaHeaders의 4가지 상수가 제거되었습니다. 또한 Testing Changes가 추가되어 MockConsumerFactory 및 MockProducerFactory가 도입되었습니다. (Source: https://docs.spring.io/spring-kafka/reference/html/#change-history)"
"Spring Kafka 2.9에서 2.8과 비교하여 어떤 변경 사항이 있나요?","Spring Kafka 2.9에서는 Kafka Client Version이 3.2.0 kafka-clients로 요구되며, Error Handler Changes가 추가되어 DefaultErrorHandler가 컨테이너를 일시 중지하고 이전 폴링의 나머지 결과를 사용할 수 있으며, DefaultErrorHandler에 BackOffHandler 속성이 추가되었습니다. 또한 Listener Container Changes가 추가되어 interceptBeforeTx가 모든 트랜잭션 관리자와 함께 작동하며, pauseImmediate 속성이 추가되어 현재 레코드가 처리된 후 소비자 일시 중지를 허용합니다. 또한 Header Mapper Changes가 추가되어 어떤 인바운드 헤더를 매핑할지 구성할 수 있습니다. 또한 KafkaTemplate 변경 사항에는 이 릴리스를 사용할 때 전환하는 데 도움이 되는 내용이 포함되어 있습니다. 또한 ReplyingKafkaTemplate 변경 사항에는 ReplyingKafkaTemplate을 사용하는 방법에 대한 자세한 내용이 포함되어 있습니다. 또한 @KafkaListener 변경 사항에는 사용자 정의 상관 헤더를 사용할 수 있는 기능과 일괄 처리 오류 처리기와 함께 변환 오류를 처리할 수 있는 기능이 포함되어 있습니다. 또한 Testing Changes에는 MockConsumerFactory 및 MockProducerFactory에 대한 정보가 포함되어 있습니다. (출처: https://docs.spring.io/spring-kafka/reference/html/#change-history)"
