"스프링 모듈리티(Spring Modulith)는 어떤 프로젝트인가요?","스프링 모듈리티는 도메인 주도형 모듈식 애플리케이션을 스프링 부트를 사용하여 구축하기 위한 의견 있는 툴킷입니다. 이는 애플리케이션의 기능적인 구조를 구현하는 방법에 대한 의견을 구현하며, 개별적인 논리적인 부분이 서로 상호 작용할 수 있도록 합니다. 이를 통해 개발자는 시간이 지남에 따라 변화하는 비즈니스 요구 사항을 수용할 수 있도록 업데이트하기 쉬운 애플리케이션을 구축할 수 있습니다. (출처: https://docs.spring.io/spring-modulith/reference/index.html)"
"스프링 모듈리티를 사용하기 위해 어떻게 BOM을 선언해야 하나요?","Maven POM에서 다음 BOM을 선언하는 것이 좋습니다: <dependencyManagement> <dependencies> <dependency> <groupId>org.springframework.modulith</groupId> <artifactId>spring-modulith-bom</artifactId> <version>1.2.4</version> <scope>import</scope> <type>pom</type> </dependency> </dependencies> </dependencyManagement>. Gradle에서는 다음과 같이 선언할 수 있습니다: dependencyManagement { imports { mavenBom 'org.springframework.modulith:spring-modulith-bom:1.2.4' } }. 스프링 모듈리티 기능에 대한 개별 섹션에서는 해당 기능을 사용하기 위해 필요한 개별 아티팩트를 참조합니다. 사용 가능한 모든 모듈에 대한 개요는 스프링 모듈리티 모듈(https://docs.spring.io/spring-modulith/reference/html/appendix.html#artifacts)을 참조하십시오. (출처: https://docs.spring.io/spring-modulith/reference/index.html)"
"스프링 모듈리티의 예제 코드를 어디에서 찾을 수 있나요?","프로젝트의 예제 코드에서 기능을 직접 테스트하고 작동 방식을 확인할 수 있습니다. 예제는 다음 위치에서 찾을 수 있습니다: https://github.com/spring-projects/spring-modulith/tree/1.2.4/spring-modulith-examples. (출처: https://docs.spring.io/spring-modulith/reference/index.html)"
"스프링 모듈리티란 무엇이며, 어떤 목적으로 사용되나요?","스프링 모듈리티는 스프링 부트 애플리케이션에서 논리적인 모듈을 구현하는 개발자를 지원하는 프레임워크입니다. 이를 통해 개발자는 구조적 유효성 검사, 모듈 배치 문서화, 개별 모듈에 대한 통합 테스트 실행, 런타임 중 모듈 상호 작용 관찰 등을 수행할 수 있습니다. 이는 느슨하게 결합된 방식으로 모듈 상호 작용을 구현하는 데 도움이 됩니다."
"스프링 부트 애플리케이션에서 애플리케이션 모듈이란 무엇이며, 어떻게 정의되나요?","스프링 부트 애플리케이션에서 애플리케이션 모듈은 기능의 단위로서, 다른 모듈에 노출되는 API, 다른 모듈에서 액세스할 수 없도록 구현된 내부 구현 구성 요소, 그리고 다른 모듈에서 노출된 API에 대한 참조로 구성됩니다. 모듈은 주로 Java 패키지 구조에 따라 정의됩니다."
"스프링 모듈리티에서 패키지 정보 파일을 사용하는 목적은 무엇인가요?","스프링 모듈리티에서 패키지 정보 파일은 애플리케이션 모듈과 명명된 인터페이스를 정의하고 구성하는 데 사용됩니다. @ApplicationModule 및 @NamedInterface 어노테이션은 패키지 정보 파일을 통해 적용되어 모듈 및 해당 모듈의 API에 대한 정보를 제공합니다."
"스프링에서 애플리케이션 이벤트를 처리하는 주요 방법은 무엇인가요?","이벤트 발행과 소비입니다. 이는 애플리케이션 모듈 간의 상호작용을 위한 주요 수단이며, 이벤트 발생과 소비를 통해 모듈 간의 결합도를 낮출 수 있습니다. 이를 통해 애플리케이션 모듈 통합 테스트를 용이하게 할 수 있습니다."
"스프링에서 이벤트 발행과 소비를 구현하는 방법은 무엇인가요?","ApplicationEventPublisher 인터페이스를 사용하여 이벤트를 발행하고, ApplicationListener 인터페이스를 구현하여 이벤트를 소비할 수 있습니다. 또한, @EventListener 어노테이션을 사용하여 메서드를 이벤트 리스너로 등록할 수 있습니다. 이벤트 발행과 소비를 통해 모듈 간의 결합도를 낮출 수 있습니다."
"스프링에서 이벤트 발행과 소비를 트랜잭션 내에서 처리하는 방법은 무엇인가요?","스프링에서 이벤트 발행과 소비를 트랜잭션 내에서 처리하기 위해 @Transactional 어노테이션을 사용하여 이벤트 리스너 메서드를 트랜잭션으로 감싸줍니다. 이를 통해 이벤트 발행과 소비가 트랜잭션의 일부로 처리되어 데이터 일관성을 유지할 수 있습니다."
"스프링 모둘리스(Spring Modulith)의 Moments는 어떤 용도로 사용되는 API인가요?","스프링 모둘리스(Spring Modulith)의 Moments는 시간 경과 이벤트를 구현하는 API입니다. 이는 특정 시간이 경과했을 때 동작을 트리거하는 이벤트 기반 접근 방식입니다. (출처: https://docs.spring.io/spring-modulith/reference/moments.html)"
"프로젝트에서 Spring Modulith Moments를 사용하려면 어떤 종속성을 추가해야 하나요?","프로젝트에서 Spring Modulith Moments를 사용하려면 Maven의 경우 <dependency> 요소에, Gradle의 경우 dependencies 블록에 다음 종속성을 추가해야 합니다: Maven: <groupId>org.springframework.modulith</groupId> <artifactId>spring-modulith-moments</artifactId>, Gradle: implementation 'org.springframework.modulith:spring-modulith-moments'. (출처: https://docs.spring.io/spring-modulith/reference/moments.html)"
"Spring Modulith Moments에서 제공하는 Passage of Time Events를 사용자 정의하려면 어떻게 해야 하나요?","Spring Modulith Moments에서 제공하는 Passage of Time Events를 사용자 정의하려면 Clock 인터페이스를 구현하는 사용자 정의 Clock 빈을 애플리케이션 컨텍스트에 선언하면 됩니다. 이를 통해 Moments가 사용하는 기본 Clock을 재정의할 수 있습니다. (출처: https://docs.spring.io/spring-modulith/reference/moments.html)"
"Spring Modulith의 Documenter 추상화는 어떤 종류의 스니펫을 생성할 수 있나요?","C4 및 UML 구성 요소 다이어그램, 애플리케이션 모듈 캔버스"
"Spring Modulith의 Documenter를 사용하여 애플리케이션 모듈 구성 요소 다이어그램을 생성하는 방법은 무엇인가요?","ApplicationModules 인스턴스를 Documenter에 전달하여 스니펫을 생성합니다."
"Spring Modulith의 Documenter를 사용하여 애플리케이션 모듈 캔버스를 생성하는 방법은 무엇인가요?","Documenter.writeModuleCanvases()를 호출합니다."
"스프링 모듈리스의 런타임 서포트는 어떤 목적으로 사용되나요?","스프링 모듈리스의 런타임 서포트는 애플리케이션 모듈의 초기화를 지원하기 위해 사용됩니다. 이를 설정하기 위해서는 프로젝트에 spring-modulith-runtime JAR을 포함해야 합니다. 이를 통해 ArchUnit과 JGraphT 라이브러리를 애플리케이션에 포함시킬 수 있습니다."
"스프링 모듈리스의 런타임 서포트를 사용하면 어떤 구성 요소가 등록되나요?","스프링 모듈리스의 런타임 서포트를 사용하면 ApplicationModulesRuntime, SpringBootApplicationRuntime, 그리고 ApplicationStartedEvent에 대한 이벤트 리스너가 애플리케이션에 등록됩니다. 이를 통해 애플리케이션 모듈의 의존성 구조를 따라 초기화 코드를 실행할 수 있습니다."
"스프링 모듈리스의 ApplicationModuleInitializer 인터페이스는 어떤 역할을 하나요?","스프링 모듈리스의 ApplicationModuleInitializer 인터페이스는 애플리케이션 모듈 초기화 시 특정 모듈에 대한 코드를 실행할 수 있도록 지원합니다. 이 인터페이스를 사용하면 초기화 코드의 실행 순서가 애플리케이션 모듈의 의존성 구조를 따르도록 보장할 수 있습니다."
"스프링 모듈리티 인사이트 스타터를 사용하는 방법은 무엇인가요?","스프링 모듈리티 인사이트 스타터를 사용하려면 Maven 또는 Gradle 프로젝트에 관련 의존성을 추가해야 합니다. Maven의 경우, `<dependency>` 태그를 사용하여 `org.springframework.modulith:spring-modulith-starter-insight` 의존성을 추가합니다. Gradle의 경우, `dependencies` 블록에 `runtimeOnly 'org.springframework.modulith:spring-modulith-starter-insight:1.2.4'`를 추가합니다. 이를 통해 액추에이터 및 관찰 가능성 지원과 스프링 부트의 액추에이터 스타트를 포함하여 일반 액추에이터를 지원할 수 있습니다. 그러나 Zipkin, Wavefront 등과 같은 모니터링 도구에 애플리케이션을 연결하려면 OpenTelemetry 또는 Brave를 통해 추가 의존성을 추가해야 합니다. 자세한 내용은 해당 섹션(https://docs.spring.io/spring-boot/docs/current/reference/htmlsingle/#actuator.micrometer-tracing)을 참조하십시오."
"애플리케이션 모듈 액추에이터를 활성화하는 방법은 무엇인가요?","애플리케이션 모듈 액추에이터를 활성화하려면 Maven 또는 Gradle 프로젝트에 `org.springframework.modulith:spring-modulith-actuator` 의존성을 추가해야 합니다. 이를 통해 애플리케이션 모듈 구조를 스프링 부트 액추에이터로 노출할 수 있습니다. 일반적으로 액추에이터를 활성화하려면 `org.springframework.boot:spring-boot-starter-actuator` 의존성도 필요합니다. 애플리케이션을 실행하면 `http://localhost:8080/actuator`에서 modulith 액추에이터 리소스에 액세스할 수 있습니다. 응답은 애플리케이션 모듈의 기술 이름, 표시 이름, 기본 패키지 및 종속성을 표시합니다."
"애플리케이션 모듈 간의 상호 작용을 관찰하려면 어떻게 해야 하나요?","애플리케이션 모듈 간의 상호 작용을 관찰하려면 Maven 또는 Gradle 프로젝트에 `org.springframework.modulith:spring-modulith-observability` 의존성을 추가해야 합니다. 이를 통해 Micrometer 스패인을 생성하여 Zipkin과 같은 도구에서 시각화할 수 있는 트레이스에 포함할 수 있습니다. 또한, 관찰 가능성 메타데이터를 전송하는 데 사용할 도구링에 따라 추가 인프라 의존성을 구성해야 합니다. 사용 설명은 해당 섹션(https://docs.spring.io/spring-boot/docs/current/reference/htmlsingle/#actuator.micrometer-tracing)을 참조하십시오."
"스프링 모둘리스에서 이벤트 외부화를 활성화하는 방법은 무엇인가요?","스프링 모둘리스에서 이벤트 외부화를 활성화하려면, application property 'spring.modulith.events.externalization.enabled'를 true로 설정하면 됩니다. (출처: https://docs.spring.io/spring-modulith/reference/appendix.html)"
"스프링 모둘리스에서 JDBC를 사용하여 이벤트 출판 레지스트리 스키마를 초기화하는 방법은 무엇인가요?","스프링 모둘리스에서 JDBC를 사용하여 이벤트 출판 레지스트리 스키마를 초기화하려면, application property 'spring.modulith.events.jdbc.schema-initialization.enabled'를 true로 설정하면 됩니다. (출처: https://docs.spring.io/spring-modulith/reference/appendix.html)"
"스프링 모둘리스에서 KafkaTemplate에서 JSON 지원을 활성화하는 방법은 무엇인가요?","스프링 모둘리스에서 KafkaTemplate에서 JSON 지원을 활성화하려면, application property 'spring.modulith.events.kafka.enable-json'를 true로 설정하면 됩니다. (출처: https://docs.spring.io/spring-modulith/reference/appendix.html)"
