"Spring Session의 최신 안정 버전은 무엇인가요?","Spring Session 3.3.2 (출처: https://docs.spring.io/spring-session/reference/3.0/whats-new.html)"
"Spring Session 3.3.2에서 어떤 새로운 기능이 추가되었나요?","Spring Session 3.3.2에서 추가된 새로운 기능에 대한 자세한 정보는 해당 버전의 릴리스 노트를 참조하시기 바랍니다. (출처: https://docs.spring.io/spring-session/reference/3.0/whats-new.html)"
"Spring Session의 최신 안정 버전을 사용해야 하는 이유는 무엇인가요?","Spring Session의 최신 안정 버전을 사용하는 것은 버그 수정, 성능 향상, 새로운 기능 등을 포함하여 더 나은 사용자 경험을 제공하기 때문입니다. (출처: https://docs.spring.io/spring-session/reference/3.0/whats-new.html)"
"Spring Session을 사용하여 HttpSession을 Redis로 대체하는 방법은 무엇인가요?","Spring Session을 사용하여 HttpSession을 Redis로 대체하려면, Spring Session 샘플 애플리케이션 중 HttpSession with Redis 샘플 애플리케이션을 참고하면 됩니다. 이 샘플 애플리케이션은 Spring Session을 사용하여 HttpSession을 Redis로 대체하는 방법을 보여줍니다. 또한, Spring Session 문서에서 제공하는 HttpSession with Redis 가이드를 참고하여 자세한 내용을 확인할 수 있습니다. (출처: <https://docs.spring.io/spring-session/reference/3.0/samples.html>)"
"Spring Session을 사용하여 HttpSession을 JDBC로 대체하는 방법은 무엇인가요?","Spring Session을 사용하여 HttpSession을 JDBC로 대체하려면, Spring Session 샘플 애플리케이션 중 HttpSession with JDBC 샘플 애플리케이션을 참고하면 됩니다. 이 샘플 애플리케이션은 Spring Session을 사용하여 HttpSession을 JDBC로 대체하는 방법을 보여줍니다. 또한, Spring Session 문서에서 제공하는 HttpSession with JDBC 가이드를 참고하여 자세한 내용을 확인할 수 있습니다. (출처: <https://docs.spring.io/spring-session/reference/3.0/samples.html>)"
"Spring Session과 함께 WebSockets를 사용하는 방법은 무엇인가요?","Spring Session과 함께 WebSockets를 사용하려면, Spring Session 샘플 애플리케이션 중 WebSockets 샘플 애플리케이션을 참고하면 됩니다. 이 샘플 애플리케이션은 Spring Session과 WebSockets를 함께 사용하는 방법을 보여줍니다. 또한, Spring Session 문서에서 제공하는 WebSockets 가이드를 참고하여 자세한 내용을 확인할 수 있습니다. (출처: <https://docs.spring.io/spring-session/reference/3.0/samples.html>)"
"Spring Session을 Redis와 함께 JSON 형식으로 구성하는 방법은 무엇인가요?","Spring Session을 Redis와 함께 JSON 형식으로 구성하려면, https://github.com/spring-projects/spring-session/tree/3.0.4/spring-session-samples/spring-session-sample-boot-redis-json에서 제공하는 샘플을 참고할 수 있습니다. 이 샘플은 Spring Data Redis를 사용하여 Redis에 JSON 형식으로 세션을 저장하는 방법을 보여줍니다. 또한, 해당 저장소에서 제공하는 문서를 참고하여 자세한 구성을 확인할 수 있습니다."
"Spring Session에서 Redis와 함께 JSON 형식을 사용하는 방법은 무엇인가요?","Spring Session에서 Redis와 함께 JSON 형식을 사용하려면, https://github.com/spring-projects/spring-session/tree/3.0.4/spring-session-samples/spring-session-sample-boot-redis-json에서 제공하는 샘플을 참고할 수 있습니다. 이 샘플은 Spring Data Redis를 사용하여 Redis에 JSON 형식으로 세션을 저장하는 방법을 보여줍니다. 또한, 해당 저장소에서 제공하는 문서를 참고하여 자세한 구성을 확인할 수 있습니다."
"Spring Session과 Redis의 JSON 형식 통합에 대해 자세히 알 수 있는 자료는 어디에서 찾을 수 있나요?","Spring Session과 Redis의 JSON 형식 통합에 대한 자세한 내용은 https://github.com/spring-projects/spring-session/tree/3.0.4/spring-session-samples/spring-session-sample-boot-redis-json에서 확인할 수 있습니다. 이 저장소에는 Spring Session을 Redis와 함께 JSON 형식으로 구성하는 방법에 대한 샘플과 문서가 포함되어 있습니다. 또한, 해당 저장소에서 제공하는 문서를 참고하여 자세한 구성을 확인할 수 있습니다."
"Spring Session을 Redis와 함께 사용하기 위해 필요한 의존성은 무엇인가요?","Spring Session을 Redis와 함께 사용하기 위해 필요한 의존성은 `spring-session-data-redis`입니다."
"Spring Boot에서 Redis를 사용한 Spring Session을 구성하는 방법은 무엇인가요?","Spring Boot에서 Redis를 사용한 Spring Session을 구성하려면, `spring.session.store-type` 속성을 `redis`로 설정하는 애플리케이션 속성 파일에 속성을 추가하면 됩니다. 이를 통해 Spring Boot는 Redis를 백엔드로 사용하는 HttpSession을 구성합니다."
"Spring Boot에서 Redis 서버로의 연결을 구성하는 방법은 무엇인가요?","Spring Boot에서 Redis 서버로의 연결을 구성하려면, `spring.data.redis.host`, `spring.data.redis.password`, `spring.data.redis.port` 등의 속성을 애플리케이션 속성 파일에 추가하면 됩니다. 이를 통해 Redis 서버의 호스트, 비밀번호, 포트 등을 설정할 수 있습니다."
"Spring Session을 MongoDB와 함께 사용하려면 어떤 단계를 따라야 하나요?","Spring Session을 MongoDB와 함께 사용하려면 먼저 최신 안정 버전인 Spring Session 3.3.2를 사용해야 합니다. 그런 다음 MongoDB에 의해 백업되는 Spring Session을 사용하는 방법을 설명하는 가이드를 따라야 합니다. 다음으로, Maven을 사용하는 경우 spring-session-data-mongodb 종속성을 추가해야 합니다. 그 후, HttpSession 구현을 Spring Session에 의해 백업되는 구현으로 대체하는 Servlet Filter를 만드는 Spring 구성을 만들어야 합니다. 또한 MongoDB 서버에 연결하기 위해 구성을 업데이트해야 합니다. 마지막으로, Servlet Container(예: Tomcat)가 모든 요청에 대해 springSessionRepositoryFilter를 사용하도록 구성해야 합니다."
"Spring Session을 MongoDB와 함께 사용하는 방법은 무엇인가요?","Spring Session을 MongoDB와 함께 사용하려면 먼저 Spring Session을 MongoDB로 백업하는 방법을 설명하는 가이드를 따라야 합니다. 다음으로, Maven을 사용하는 경우 spring-session-data-mongodb 종속성을 추가해야 합니다. 그 후, HttpSession 구현을 Spring Session에 의해 백업되는 구현으로 대체하는 Servlet Filter를 만드는 Spring 구성을 만들어야 합니다. 또한 MongoDB 서버에 연결하기 위해 구성을 업데이트해야 합니다. 마지막으로, Servlet Container(예: Tomcat)가 모든 요청에 대해 springSessionRepositoryFilter를 사용하도록 구성해야 합니다."
"Spring Session을 MongoDB와 함께 사용하는 샘플 애플리케이션은 어디에서 찾을 수 있나요?","Spring Session을 MongoDB와 함께 사용하는 샘플 애플리케이션은 https://github.com/spring-projects/spring-session/archive/3.0.4.zip에서 찾을 수 있습니다. 샘플을 실행하려면 소스 코드를 가져와서 ./gradlew :samples:mongo:bootRun 명령을 실행하면 됩니다. 이제 http://localhost:8080에서 애플리케이션에 액세스할 수 있습니다."
"스프링 부트에서 스프링 세션을 사용하여 웹 애플리케이션의 HttpSession을 관계형 데이터베이스에 백업하는 방법은 무엇인가요?","스프링 부트에서 스프링 세션을 사용하여 웹 애플리케이션의 HttpSession을 관계형 데이터베이스에 백업하려면, 필요한 종속성을 추가하고, 스프링 부트 구성을 생성하고, 데이터 소스를 구성하고, 서블릿 컨테이너 초기화를 수행해야 합니다. 자세한 내용은 다음 링크된 문서를 참조하십시오: https://docs.spring.io/spring-session/reference/3.0/guides/boot-jdbc.html"
"스프링 세션과 함께 사용할 때, 스프링 부트에서 JDBC URL, 로그인 사용자 이름 및 비밀번호를 구성하는 방법은 무엇인가요?","스프링 세션과 함께 사용할 때, 스프링 부트에서 JDBC URL, 로그인 사용자 이름 및 비밀번호를 구성하려면, application.properties 파일에 다음 속성을 포함해야 합니다: spring.datasource.url, spring.datasource.username, spring.datasource.password. 자세한 내용은 다음 링크된 문서를 참조하십시오: https://docs.spring.io/spring-session/reference/3.0/guides/boot-jdbc.html"
"스프링 세션은 어떻게 HttpSession 구현을 관계형 데이터베이스에 백업하는 구현으로 대체하나요?","스프링 세션은 HttpSession을 관계형 데이터베이스에 백업하는 구현으로 대체하여 작동합니다. Spring Session은 HttpSession을 관계형 데이터베이스에 백업하는 구현으로 대체하며, Spring Security의 SecurityContextPersistenceFilter가 SecurityContext를 HttpSession에 저장할 때, 해당 정보가 H2 데이터베이스에 저장됩니다. 자세한 내용은 다음 링크된 문서를 참조하십시오: https://docs.spring.io/spring-session/reference/3.0/guides/boot-jdbc.html"
"Spring Session에서 Hazelcast를 세션 저장소로 사용하는 방법은 무엇인가요?","Hazelcast를 세션 저장소로 사용하는 Spring Boot 애플리케이션을 생성하려면, 해당 샘플 프로젝트를 GitHub 저장소에서 찾을 수 있습니다. 예시 코드는 다음과 같습니다: https://github.com/spring-projects/spring-session/tree/3.0.4/spring-session-samples/spring-session-sample-boot-hazelcast"
"Spring Session에서 Hazelcast 구성을 사용자 정의하는 방법은 무엇인가요?","Hazelcast 구성을 사용자 정의하려면, HazelcastConfig 클래스를 확장하고 필요한 구성을 추가하면 됩니다. 예시 코드는 다음과 같습니다: https://github.com/spring-projects/spring-session/tree/3.0.4/spring-session-samples/spring-session-sample-boot-hazelcast"
"Spring Session에서 Hazelcast 클러스터에서 세션을 분산하는 방법은 무엇인가요?","Hazelcast 클러스터에서 세션을 분산하려면, HazelcastClusterProxyFactoryBean을 구성하고 클러스터 구성 정보를 제공해야 합니다. 예시 코드는 다음과 같습니다: https://github.com/spring-projects/spring-session/tree/3.0.4/spring-session-samples/spring-session-sample-boot-hazelcast"
"스프링 세션에서 사용자 이름으로 세션을 찾는 방법은 무엇인가요?","스프링 세션에서 사용자 이름으로 세션을 찾으려면 먼저 FindByIndexNameSessionRepository를 구현하는 SessionRepository를 선택해야 합니다. 그런 다음 개발자는 FindByIndexNameSessionRepository.PRINCIPAL_NAME_INDEX_NAME 속성에 사용자 이름을 채워서 스프링 세션에 어떤 사용자가 세션과 연결되어 있는지 알려줘야 합니다. 일반적으로 사용자가 인증한 직후에 다음 코드를 사용하여 이 작업을 수행할 수 있습니다. `String username = 'username'; this.session.setAttribute(FindByIndexNameSessionRepository.PRINCIPAL_NAME_INDEX_NAME, username);`"
"스프링 세션에서 세션에 추가 데이터를 매핑하는 방법은 무엇인가요?","스프링 세션에서 세션에 추가 데이터를 매핑하려면 사용할 세션 속성과 제공할 정보를 결정해야 합니다. 그런 다음 세션 속성으로 추가되는 자바 빈을 만듭니다. 추가 데이터를 세션에 주입하려면 SessionDetailsFilter를 사용하여 각 HTTP 요청에서 세션에 SessionDetails를 설정합니다. FindByIndexNameSessionRepository를 사용하여 사용자 이름으로 세션을 검색할 때 세션에서 SessionDetails에 액세스할 수 있습니다."
"특정 사용자의 세션을 찾으려면 어떻게 해야 하나요?","특정 사용자의 세션을 찾으려면 FindByIndexNameSessionRepository를 사용하여 principalName 매개변수로 사용자의 이름을 전달하면 됩니다. 다음은 사용자의 모든 세션을 찾는 예입니다. `@Autowired FindByIndexNameSessionRepository<? extends Session> sessions; @RequestMapping('/') public String index(Principal principal, Model model) { Collection<? extends Session> usersSessions = this.sessions.findByPrincipalName(principal.getName()).values(); model.addAttribute('sessions', usersSessions); return 'index'; }`"
"Spring Session의 WebSocket 지원은 어떤 JSR과 함께 작동하지 않나요?","JSR-356(https://www.jcp.org/en/jsr/detail?id=356) (출처: {https://docs.spring.io/spring-session/reference/3.0/guides/boot-websocket.html})"
"Spring Session을 WebSocket과 함께 사용하려면 어떤 구성을 변경해야 하나요?","WebSocketMessageBrokerConfigurer를 구현하는 대신 AbstractSessionWebSocketMessageBrokerConfigurer를 확장하고, registerStompEndpoints 메서드를 configureStompEndpoints로 이름을 변경해야 합니다. (출처: {https://docs.spring.io/spring-session/reference/3.0/guides/boot-websocket.html})"
"Spring Session의 WebSocket 지원은 어떤 작업을 수행하나요?","WebSocketConnectHandlerDecoratorFactory를 WebSocketHandlerDecoratorFactory로 추가하고, SessionRepositoryMessageInterceptor를 HandshakeInterceptor와 ChannelInterceptor로 추가하며, WebSocketRegistryListener를 생성합니다. (출처: {https://docs.spring.io/spring-session/reference/3.0/guides/boot-websocket.html})"
"Spring WebFlux에서 세션을 구현하기 위해 Spring Session을 사용하는 방법은 무엇인가요?","Spring WebFlux에서 세션을 구현하기 위해 Spring Session을 사용하려면, 먼저 프로젝트에 필요한 의존성을 추가해야 합니다. 그런 다음, WebFlux 구성 클래스에서 Spring Session을 구성해야 합니다. 마지막으로, 세션에 액세스하고 조작하기 위해 @SessionAttributes 어노테이션을 사용할 수 있습니다. (Source: https://github.com/spring-projects/spring-session/tree/3.0.4/spring-session-samples/spring-session-sample-boot-webflux)"
"Spring WebFlux에서 세션에 데이터를 저장하고 검색하는 방법은 무엇인가요?","Spring WebFlux에서 세션에 데이터를 저장하고 검색하려면, Mono<ServerResponse> get() 및 Mono<ServerResponse> put() 메서드를 사용할 수 있습니다. 이러한 메서드를 사용하여 세션에 데이터를 저장하고 검색할 수 있습니다. (Source: https://github.com/spring-projects/spring-session/tree/3.0.4/spring-session-samples/spring-session-sample-boot-webflux)"
"Spring WebFlux에서 세션 속성을 사용하는 방법은 무엇인가요?","Spring WebFlux에서 세션 속성을 사용하려면, @SessionAttributes 어노테이션을 사용하여 세션에서 가져올 속성을 지정해야 합니다. 그런 다음, 세션 속성을 사용할 컨트롤러 메서드에 @SessionAttributes 어노테이션을 추가해야 합니다. (Source: https://github.com/spring-projects/spring-session/tree/3.0.4/spring-session-samples/spring-session-sample-boot-webflux)"
"Spring Session의 최신 안정 버전은 무엇인가요?","Spring Session의 최신 안정 버전은 3.3.2입니다. (출처: https://docs.spring.io/spring-session/reference/3.0/guides/java-redis.html)"
"Spring Session을 사용하여 웹 애플리케이션의 HttpSession을 Redis에 투명하게 백업하는 방법은 무엇인가요?","Spring Session을 사용하여 웹 애플리케이션의 HttpSession을 Redis에 투명하게 백업하려면 Java Configuration을 사용하여 Redis에 백업된 HttpSession을 사용하도록 Spring Session을 설정해야 합니다. 이를 위해 필요한 종속성을 추가하고, Spring 구성을 만들고, Java Servlet Container를 초기화해야 합니다. 자세한 내용은 https://docs.spring.io/spring-session/reference/3.0/guides/java-redis.html을 참조하십시오. (출처: https://docs.spring.io/spring-session/reference/3.0/guides/java-redis.html)"
"Spring Session을 사용하여 웹 애플리케이션의 HttpSession을 Redis에 백업하는 데 필요한 종속성은 무엇인가요?","Spring Session을 사용하여 웹 애플리케이션의 HttpSession을 Redis에 백업하려면 spring-session-data-redis, lettuce-core 및 spring-web 종속성을 추가해야 합니다. 또한 Spring Snapshot Maven Repository를 추가해야 합니다. 자세한 내용은 https://docs.spring.io/spring-session/reference/3.0/guides/java-redis.html을 참조하십시오. (출처: https://docs.spring.io/spring-session/reference/3.0/guides/java-redis.html)"
"Spring Session을 사용하기 위해 필요한 의존성은 무엇인가요?","Maven을 사용하는 경우, pom.xml 파일에 '<groupId>com.hazelcast</groupId> <artifactId>hazelcast</artifactId> <version>5.1.4</version>' 및 '<groupId>org.springframework</groupId> <artifactId>spring-web</artifactId> <version>6.0.13</version>' 의존성을 추가해야 합니다."
"Spring Session을 Hazelcast와 함께 사용하기 위해 필요한 Spring 구성은 무엇인가요?","필수 의존성을 추가한 후, 서블릿 필터를 생성하기 위해 Spring 구성을 만들어야 합니다. 이 필터는 HttpSession 구현을 Spring Session에서 제공하는 구현으로 대체합니다. 이를 위해 '@EnableHazelcastHttpSession' 어노테이션과 'HazelcastInstance' 빈을 가진 'HazelcastHttpSessionConfig' 클래스를 추가해야 합니다."
"Hazelcast에서 Spring Session 샘플 애플리케이션을 실행하려면 어떻게 해야 하나요?","샘플을 실행하려면 소스를 가져오고 'gradlew :spring-session-sample-javaconfig-hazelcast:tomcatRun' 명령을 실행해야 합니다. 기본적으로 Hazelcast는 애플리케이션과 함께 임베디드 모드로 실행되지만, 독립 실행형 인스턴스에 연결하려면 참조 문서의 지침에 따라 구성할 수 있습니다."
"Spring Session을 사용하여 REST 엔드포인트를 사용할 때 HttpSession을 투명하게 Redis에 백업하는 방법은 무엇인가요?","Spring Session을 사용하여 REST 엔드포인트를 사용할 때 HttpSession을 투명하게 Redis에 백업하려면, Spring Session, spring-session-data-redis, lettuce-core, spring-web의 지정된 버전을 의존성으로 추가해야 합니다. 그런 다음, LettuceConnectionFactory, HttpSessionIdResolver, RedisHttpSessionConfiguration 등의 빈을 생성하여 Spring 구성을 만듭니다. 마지막으로, AbstractHttpSessionApplicationInitializer를 확장하여 서블릿 컨테이너 초기화를 수행합니다."
"Spring Session을 사용하여 REST 엔드포인트를 사용할 때 HttpSession을 투명하게 Redis에 백업하는 데 사용되는 서블릿 필터의 이름은 무엇인가요?","Spring Session을 사용하여 REST 엔드포인트를 사용할 때 HttpSession을 투명하게 Redis에 백업하는 데 사용되는 서블릿 필터의 이름은 springSessionRepositoryFilter입니다."
"Spring Session의 HttpSession 통합을 커스터마이즈하여 쿠키 대신 HTTP 헤더를 사용하여 현재 세션 정보를 전달하는 방법은 무엇인가요?","Spring Session의 HttpSession 통합을 커스터마이즈하여 쿠키 대신 HTTP 헤더를 사용하여 현재 세션 정보를 전달하려면, HeaderHttpSessionIdResolver 클래스를 사용하고 xAuthToken 메서드를 호출해야 합니다."
"Spring Session과 Spring Security를 함께 사용하는 방법은 무엇인가요?","Spring Session과 Spring Security를 함께 사용하는 방법은 Spring Security를 이미 애플리케이션에 적용한 후, Spring Session 가이드를 참조하여 구성하는 것입니다. Spring Session은 @EnableRedisHttpSession 어노테이션과 Spring Session을 Redis에 연결하기 위한 RedisConnectionFactory를 생성하는 Spring Configuration이 필요합니다. 또한, Spring Session과 Spring Security를 위한 적절한 의존성을 업데이트해야 합니다. Spring Session을 사용하는 샘플 애플리케이션은 Spring Session 저장소(https://github.com/spring-projects/spring-session/archive/3.0.4.zip)에서 확인할 수 있습니다."
"Spring Session을 사용하기 위해 어떤 의존성을 업데이트해야 하나요?","Spring Session을 사용하기 위해 필요한 의존성은 Maven의 경우 pom.xml 파일에 추가해야 합니다. 필요한 의존성은 spring-session-data-redis, lettuce-core, spring-web입니다. 의존성 버전은 Spring Session 3.0.4 버전과 일치해야 합니다. Spring Session을 사용하는 데 필요한 의존성은 Spring Session 참조 문서(https://docs.spring.io/spring-session/reference/3.0/guides/java-security.html)에서 확인할 수 있습니다."
"Spring Session은 보안 컨텍스트를 어떻게 Redis에 지속시키나요?","Spring Session은 Spring Security의 SecurityContextPersistenceFilter를 사용하여 보안 컨텍스트를 Redis에 지속시킵니다. HttpSession에 SecurityContext를 저장하면 자동으로 Redis에 지속됩니다. 새로운 HttpSession이 생성될 때, Spring Session은 브라우저에 SESSION이라는 이름의 쿠키를 생성합니다. 이 쿠키는 세션의 ID를 포함하고 있습니다. Redis-cli를 사용하여 쿠키 값을 삭제하여 세션을 제거할 수 있습니다."
"스프링 세션에서 Redis를 사용하여 HttpSession을 백업하는 방법은 무엇인가요?","스프링 세션에서 Redis를 사용하여 HttpSession을 백업하려면, 먼저 Maven 의존성을 업데이트하고, Spring 구성을 생성하여 HttpSession 구현을 Spring Session으로 대체해야 합니다. 그런 다음, Spring 구성을 로드하기 위해 XML 서블릿 컨테이너 초기화를 구성하고, DelegatingFilterProxy를 사용하여 요청마다 Spring Session 구현을 사용하도록 설정해야 합니다.
(출처: <https://docs.spring.io/spring-session/reference/3.0/guides/xml-redis.html>)"
"스프링 세션에서 XML 기반 구성을 사용하는 방법은 무엇인가요?","스프링 세션에서 XML 기반 구성을 사용하려면, <context:annotation-config/>와 RedisHttpSessionConfiguration을 조합하여 Spring Bean을 생성하고, RedisConnectionFactory를 생성하여 Redis 서버에 연결합니다. 그런 다음, ContextLoaderListener를 사용하여 Spring 구성을 로드합니다.
(출처: <https://docs.spring.io/spring-session/reference/3.0/guides/xml-redis.html>)"
"스프링 세션에서 Redis와 함께 작동하는 샘플 애플리케이션을 실행하려면 어떻게 해야 하나요?","스프링 세션에서 Redis와 함께 작동하는 샘플 애플리케이션을 실행하려면, 소스 코드를 가져오고, Redis 2.8 이상을 설치하고, 제공된 명령어를 사용하여 샘플을 실행해야 합니다. 그런 다음, 웹 브라우저에서 애플리케이션을 실행하고, Redis를 사용하여 세션 속성을 테스트할 수 있습니다.
(출처: <https://docs.spring.io/spring-session/reference/3.0/guides/xml-redis.html>)"
"Spring Session의 최신 안정 버전은 무엇인가요?","Spring Session 3.3.2입니다. (출처: https://docs.spring.io/spring-session/reference/3.0/configurations.html)"
"Spring Session을 지원하는 데이터 스토어에 대한 구성 방법을 알려주세요.","지원하는 데이터 스토어에 대한 자세한 구성 방법은 Spring Session 공식 문서의 'Configuration' 섹션을 참조하세요. (출처: https://docs.spring.io/spring-session/reference/3.0/configurations.html)"
"Spring Session의 구성에 대한 가이드는 어디에서 찾을 수 있나요?","Spring Session의 구성 가이드는 공식 문서의 'Configuration' 섹션에서 제공됩니다. (출처: https://docs.spring.io/spring-session/reference/3.0/configurations.html)"
"Redis 구성을 사용자 정의하려면 어떻게 해야 하나요?","Spring Boot 속성을 사용하여 Redis 구성을 사용자 정의할 수 있습니다. spring.session.redis.host 속성을 설정하여 Redis 호스트를 지정하고, spring.session.redis.port 속성을 설정하여 Redis 포트를 지정할 수 있습니다. 자세한 내용은 <https://docs.spring.io/spring-boot/docs/3.0.7/reference/html/application-properties.html#application-properties.data.spring.data.redis.host>에서 확인할 수 있습니다."
"RedisSessionRepository와 RedisIndexedSessionRepository 중 어떤 것을 선택해야 하나요?","RedisSessionRepository와 RedisIndexedSessionRepository는 모두 세션 데이터를 Redis에 저장하는 SessionRepository 인터페이스의 구현체입니다. 그러나 세션 인덱싱 및 쿼리 처리 방식에서 차이가 있습니다. RedisSessionRepository는 추가 인덱싱 없이 Redis에 세션 데이터를 저장하는 기본 구현체이며, 간단한 키-값 구조를 사용하여 세션 속성을 저장합니다. RedisIndexedSessionRepository는 Redis에 저장된 세션에 대한 인덱싱 기능을 제공하는 확장 구현체입니다. 자세한 내용은 <https://docs.spring.io/spring-session/reference/3.0/configuration/redis.html#choosing-between-regular-and-indexed>에서 확인할 수 있습니다."
"JSON을 사용하여 세션을 직렬화하려면 어떻게 해야 하나요?","Spring Session은 기본적으로 세션 속성을 직렬화하기 위해 Java 직렬화를 사용합니다. 그러나 동일한 Redis 인스턴스를 사용하는 여러 애플리케이션이 있는 경우 특히 문제가 발생할 수 있습니다. 이 문제를 해결하기 위해 RedisSerializer 빈을 제공하여 세션이 Redis에 직렬화되는 방식을 사용자 정의할 수 있습니다. Spring Data Redis는 Jackson의 ObjectMapper를 사용하여 객체를 직렬화 및 역직렬화하는 GenericJackson2JsonRedisSerializer를 제공합니다. 자세한 내용은 <https://docs.spring.io/spring-session/reference/3.0/configuration/redis.html#serializing-session-using-json>에서 확인할 수 있습니다."
"Spring Session과 HttpSession을 통합하는 이유는 무엇인가요?","Spring Session은 HttpSession과 투명한 통합을 제공하여 개발자가 HttpSession 구현을 Spring Session으로 대체할 수 있게 합니다. 이를 통해 클러스터링된 세션과 RESTful API를 지원하는 등의 이점을 얻을 수 있습니다."
"Spring Session의 Java 기반 구성에서 Redis를 사용하여 HttpSession을 백업하는 방법은 무엇인가요?","Java 기반 구성을 사용하여 Redis를 사용하여 HttpSession을 백업하려면, Config 클래스에 @EnableRedisHttpSession 어노테이션을 추가하고, HttpSession을 Spring Session으로 대체하는 Servlet 필터를 생성해야 합니다. 또한, RedisConnectionFactory를 생성하고, Spring이 Config 클래스를 로드하도록 Spring 애플리케이션을 초기화해야 합니다."
"Spring Session의 XML 기반 구성에서 Redis를 사용하여 HttpSession을 백업하는 방법은 무엇인가요?","XML 기반 구성을 사용하여 Redis를 사용하여 HttpSession을 백업하려면, session.xml 파일에 <context:annotation-config/>와 RedisHttpSessionConfiguration을 추가하고, HttpSession을 Spring Session으로 대체하는 Servlet 필터를 생성해야 합니다. 또한, RedisConnectionFactory를 생성하고, Spring이 session.xml 구성을 로드하도록 웹 애플리케이션을 초기화해야 합니다."
"Spring Session의 WebSocket 지원은 JSR-356과 어떻게 다른가요?","Spring Session의 WebSocket 지원은 JSR-356과 달리, JSR-356은 들어오는 WebSocket 메시지를 가로챌 수 있는 메커니즘이 없기 때문에, 들어오는 WebSocket 메시지를 투명하게 가로챌 수 있습니다. (출처: https://docs.spring.io/spring-session/reference/3.0/web-socket.html)"
"Spring Session과 WebSocket을 함께 사용하는 이유는 무엇인가요?","Spring Session과 WebSocket을 함께 사용하면, WebSocket 기반 애플리케이션에서 HttpSession을 타임아웃시키지 않고, WebSocket 연결이 종료될 때 자동으로 HttpSession을 종료할 수 있어 사용자 경험을 향상시킬 수 있습니다. (출처: https://docs.spring.io/spring-session/reference/3.0/web-socket.html)"
"Spring Session의 WebSocket 통합을 Spring 애플리케이션에 통합하는 방법은 무엇인가요?","Spring Session의 WebSocket 통합을 Spring 애플리케이션에 통합하려면, 먼저 HttpSession 통합을 설정한 다음, Spring 구성을 업데이트하여 AbstractSessionWebSocketMessageBrokerConfigurer를 확장하고, 등록 방법의 이름을 변경하고, WebSocket 엔드포인트를 구성해야 합니다. (출처: https://docs.spring.io/spring-session/reference/3.0/web-socket.html)"
"스프링 세션과 웹 세션을 통합하면 어떤 이점이 있나요?","스프링 세션과 웹 세션을 통합하면 애플리케이션 컨테이너에 종속되지 않고 클러스터링된 세션을(#websession-redis) 간단하게 지원할 수 있습니다. 또한, 스프링 세션은 스프링 웹플럭스의 웹 세션과 투명한 통합을 제공하여, 스프링 세션에 의해 지원되는 구현체로 웹 세션 구현체를 교체할 수 있습니다. 이 기능은 자동으로 통합되어 있어, 개발자가 직접 구현할 필요가 없습니다. (출처: <https://docs.spring.io/spring-session/reference/3.0/web-session.html>)"
"스프링 세션과 웹 세션 통합에서 WebSessionStore API는 어떤 역할을 하나요?","WebSessionStore API는 웹 세션을 지속시키는 전략을 제시하는 인터페이스입니다. 스프링 세션은 이 API를 통해 웹 세션과 투명한 통합을 제공합니다. 스프링 세션은 ReactiveSessionRepository를 사용하여 WebSession 구현체를 스프링 세션에 의해 지원되는 구현체로 교체합니다. 이 기능을 활용하기 위해서는 사용자 정의 WebSessionStore를 만들고, 이를 ApplicationContext에서 webSessionManager라는 이름의 빈으로 등록해야 합니다. (출처: <https://docs.spring.io/spring-session/reference/3.0/web-session.html>)"
"스프링 세션과 웹 세션을 Redis와 함께 사용하려면 어떻게 구성해야 하나요?","스프링 세션과 웹 세션을 Redis와 함께 사용하려면, Redis 서버와의 연결을 담당하는 RedisConnectionFactory를 만들어야 합니다. 그리고 이를 사용하여 @EnableRedisWebSession 어노테이션을 사용하여 Spring bean인 webSessionManager를 만듭니다. 이 bean은 WebSessionManager를 구현하며, 이를 통해 WebSession 구현체를 스프링 세션에 의해 지원되는 구현체로 교체할 수 있습니다. (출처: <https://docs.spring.io/spring-session/reference/3.0/web-session.html>)"
"스프링 보안과 스프링 세션의 통합으로 어떤 이점이 있나요?","스프링 보안과 스프링 세션의 통합은 Remember-me 인증 지원, 동시 세션 제어 등 다양한 이점을 제공합니다. 이를 통해 세션 만료 기간을 변경하고, 사용자가 세션을 사용할 때마다 세션 쿠키가 만료되도록 설정할 수 있습니다. 또한, 동시 세션 제어를 통해 사용자가 동시에 활성화할 수 있는 세션 수를 제한할 수 있습니다. (출처: https://docs.spring.io/spring-session/reference/3.0/spring-security.html)"
"스프링 세션에서 Remember-me 기능을 어떻게 구성하나요?","스프링 세션에서 Remember-me 기능을 구성하기 위해서는 SpringSessionRememberMeServices 빈을 생성하고, Java Configuration에서는 HttpSecurity 설정에서 rememberMeServices 빈을 설정해야 합니다. XML 기반 구성에서는 security:remember-me 요소를 사용하고 services-ref 속성을 사용하여 rememberMeServices 빈을 참조해야 합니다. (출처: https://docs.spring.io/spring-session/reference/3.0/spring-security.html)"
"스프링 보안의 세션 레지스트리를 스프링 세션과 통합할 때 주의해야 할 점은 무엇인가요?","스프링 보안의 세션 레지스트리를 스프링 세션과 통합할 때, Spring Session의 SessionRegistry 구현은 getAllPrincipals 메서드를 지원하지 않습니다. 이 메서드는 Spring Session을 사용하여 검색할 수 없는 정보를 가져오기 때문입니다. 그러나 이 메서드는 Spring Security에서 호출되지 않으므로, 세션 레지스트리에 직접 액세스하는 애플리케이션에만 영향을 미칩니다. (출처: https://docs.spring.io/spring-session/reference/3.0/spring-security.html)"
"Spring Session 3.3.2에서 어떤 변경 사항이 있었나요?","Spring Session 3.3.2는 Java 17과 Spring Framework 6.0을 기반으로 하며, API를 개선하고 조화시키며, 사용되지 않는 구성 요소를 제거하는 데 중점을 둔 변경 사항이 있었습니다. (출처: https://docs.spring.io/spring-session/reference/3.0/upgrading.html)"
"Spring Session 3.0에서 어떤 패키지와 클래스, 메서드가 변경되었나요?","Spring Session 3.0에서는 사용되지 않는 패키지와 클래스, 메서드가 제거되었습니다. (출처: https://docs.spring.io/spring-session/reference/3.0/upgrading.html)"
"Spring Session 3.0에서 어떤 버전의 Java와 Spring Framework가 필요한가요?","Spring Session 3.0은 Java 17과 Spring Framework 6.0이 필요합니다. (출처: https://docs.spring.io/spring-session/reference/3.0/upgrading.html)"
