"스프링의 데이터 통합 여정은 어떤 프로젝트로 시작되었나요?","스프링의 데이터 통합 여정은 Spring Integration 프로젝트로 시작되었습니다. (출처: https://docs.spring.io/spring-cloud-stream/reference/htmlsingle/)"
"Spring Cloud Stream은 어떤 이유로 만들어졌나요?","Spring Cloud Stream은 데이터 통합 작업 부하를 확장하기 위해 Spring Integration과 Spring Boot를 결합하여 만들어졌습니다. (출처: https://docs.spring.io/spring-cloud-stream/reference/htmlsingle/)"
"Spring Cloud Stream을 사용하여 개발자는 어떤 이점을 얻을 수 있나요?","Spring Cloud Stream을 사용하면 개발자는 데이터 중심 애플리케이션을 독립적으로 빌드, 테스트 및 배포할 수 있으며, 메시징을 통한 구성을 포함한 현대적인 마이크로서비스 아키텍처 패턴을 적용할 수 있습니다. 또한 이벤트 중심적 사고로 애플리케이션 책임을 분리하고, 비즈니스 로직을 메시지 브로커로 이식하고, 일반적인 사용 사례에 대한 프레임워크의 자동 콘텐츠 유형 지원을 활용할 수 있습니다. (출처: https://docs.spring.io/spring-cloud-stream/reference/htmlsingle/)"
"Spring Cloud Stream의 참조 문서 섹션은 어떤 것들이 있나요?","Spring Cloud Stream의 참조 문서 섹션에는 개요, 역사, 퀵 스타트, 개념, 아키텍처 개요, 바인더 추상화, 핵심 기능 등이 포함되어 있습니다. (출처: https://docs.spring.io/spring-cloud-stream/reference/index.html)"
"Rabbit MQ, Apache Kafka, Apache Kafka Streams, Apache Pulsar, Solace PubSub+에 대한 Spring Cloud Stream 바인더 참조를 찾을 수 있는 위치는 어디인가요?","Rabbit MQ, Apache Kafka, Apache Kafka Streams, Apache Pulsar, Solace PubSub+에 대한 Spring Cloud Stream 바인더 참조는 각각 다음과 같은 위치에서 찾을 수 있습니다: https://docs.spring.io/spring-cloud-stream/docs/Elmhurst.SR3/reference/htmlsingle/#spring-cloud-stream-binder-rabbit, https://docs.spring.io/spring-cloud-stream/docs/Elmhurst.SR3/reference/htmlsingle/#spring-cloud-stream-binder-kafka, https://docs.spring.io/spring-cloud-stream/docs/Elmhurst.SR3/reference/htmlsingle/#spring-cloud-stream-binder-kafka-streams, https://docs.spring.io/spring-cloud-stream/docs/Elmhurst.SR3/reference/htmlsingle/#spring-cloud-stream-binder-pulsar, https://github.com/SolaceProducts/solace-spring-cloud/tree/master/solace-spring-cloud-starters/solace-spring-cloud-stream-starter#spring-cloud-stream-binder-for-solace-pubsub. (출처: https://docs.spring.io/spring-cloud-stream/reference/index.html)"
"Spring Cloud Stream에서 추가 바인더를 제공하는 파트너 유지 관리 바인더 구현은 어떤 것들이 있나요?","Spring Cloud Stream에서 추가 바인더를 제공하는 파트너 유지 관리 바인더 구현으로는 Azure Event Hubs, Google PubSub, Solace PubSub+ 등이 있습니다. (출처: https://docs.spring.io/spring-cloud-stream/reference/index.html)"
"Spring Cloud Stream은 무엇이며, 어떤 용도로 사용되나요?","Spring Cloud Stream은 메시지 기반 마이크로서비스 애플리케이션을 구축하기 위한 프레임워크로, Spring Boot와 Spring Integration을 활용하여 독립적인 프로덕션급 Spring 애플리케이션을 만들고 메시지 브로커와의 연결성을 제공합니다. 이를 통해 여러 벤더의 미들웨어를 의견 있는 방식으로 구성하고, 지속성 있는 게시-구독 의미론, 소비자 그룹, 파티션 등의 개념을 도입합니다."
"Spring Cloud Stream을 사용하여 메시지 브로커에 연결하려면 어떻게 해야 하나요?","Spring Cloud Stream을 사용하여 메시지 브로커에 연결하려면, 애플리케이션의 클래스패스에 spring-cloud-stream 종속성을 추가하면 제공됩니다. binder (나중에 자세히 설명)에 의해 제공되는 메시지 브로커에 즉시 연결할 수 있으며, run (들어오는 메시지를 기반으로)에 의해 실행되는 기능적 요구 사항을 구현할 수 있습니다. 이는 java.util.function.Function입니다."
"Spring Cloud Stream이 제공하는 주요 개념과 추상화는 무엇인가요?","Spring Cloud Stream은 메시지 기반 마이크로서비스 애플리케이션을 작성하는 것을 단순화하는 여러 가지 추상화와 기본 요소를 제공합니다. 이러한 주요 개념과 추상화에는 프로그래밍 모델, 바인더 추상화, 오류 처리, 관찰 가능성, 구성 옵션, 콘텐츠 유형 협상, 애플리케이션 간 통신, 파티셔닝, 테스트 및 건강 표시기가 포함됩니다."
"Spring Cloud Stream에서 Binder 추상화는 무엇인가요?","Spring Cloud Stream에서 Binder 추상화는 Spring Cloud Stream 애플리케이션이 미들웨어에 연결하는 방법을 유연하게 만드는 확장 지점입니다. 프레임워크는 Kafka와 Rabbit MQ를 위한 Binder 구현을 제공하며, 사용자 정의 Binder를 구현할 수도 있습니다. Binder 추상화는 Spring Boot를 사용하여 구성을 처리하며, Spring Cloud Stream 애플리케이션이 미들웨어에 연결할 때 유연성을 제공합니다. (출처: https://docs.spring.io/spring-cloud-stream/reference/htmlsingle/)"
"Spring Cloud Stream에서 커스텀 바인더를 구현하는 방법은 무엇인가요?","커스텀 바인더를 구현하려면 medium.com의 'How to create a Spring Cloud Stream Binder from scratch' 게시물을 참고하시면 됩니다. 이 게시물에서는 커뮤니티 멤버가 커스텀 바인더를 구현하기 위해 필요한 단계와 예제를 자세히 설명하고 있습니다. 또한, 'Implementing Custom Binders' 섹션에서도 단계가 강조되어 있습니다. (출처: https://docs.spring.io/spring-cloud-stream/reference/htmlsingle/)"
"Spring Cloud Stream에서 바인더를 감지하고 사용하는 방법은 무엇인가요?","Spring Cloud Stream은 클래스패스에서 발견된 바인더를 자동으로 감지하고 사용합니다. 동일한 코드로 다양한 유형의 미들웨어를 사용하려면 빌드 시간에 다른 바인더를 포함하면 됩니다. 더 복잡한 사용 사례의 경우, 여러 바인더를 애플리케이션과 함께 패키징하고 런타임에 바인더를 선택할 수도 있습니다. (출처: https://docs.spring.io/spring-cloud-stream/reference/htmlsingle/)"
"스프링 클라우드 스트림에서 publish-subscribe 통신 모델의 주요 이점은 무엇인가요?","스프링 클라우드 스트림에서 publish-subscribe 통신 모델은 생산자와 소비자의 복잡성을 줄이고, 새로운 애플리케이션을 기존 흐름에 방해 없이 추가할 수 있도록 합니다. 또한, 공유 토픽을 통한 모든 통신은 마이크로서비스 간의 결합도를 감소시킵니다. (출처: https://docs.spring.io/spring-cloud-stream/reference/spring-cloud-stream/overview-persistent-publish-subscribe-support.html)"
"스프링 클라우드 스트림에서 publish-subscribe 통신 모델을 사용하는 이유는 무엇인가요?","스프링 클라우드 스트림은 publish-subscribe 통신 모델을 애플리케이션 모델의 의견 있는 선택으로 만들기 위해 이 모델을 사용합니다. 네이티브 미들웨어 지원을 사용하여 Spring Cloud Stream은 다양한 플랫폼에서 publish-subscribe 모델의 사용을 간소화합니다. (출처: {https://docs.spring.io/spring-cloud-stream/reference/spring-cloud-stream/overview-persistent-publish-subscribe-support.html})"
"Spring Cloud Stream에서 publish-subscribe 통신 모델을 사용하면 어떤 이점이 있나요?","Spring Cloud Stream에서 publish-subscribe 통신 모델을 사용하면 생산자와 소비자의 복잡성을 줄이고, 새로운 애플리케이션을 기존 흐름에 방해 없이 추가할 수 있습니다. 또한, 공유 토픽을 통한 모든 통신은 마이크로서비스 간의 결합도를 감소시킵니다. (출처: {https://docs.spring.io/spring-cloud-stream/reference/spring-cloud-stream/overview-persistent-publish-subscribe-support.html})"
"스프링 클라우드의 컨슈머 그룹이란 무엇인가요?","스프링 클라우드의 컨슈머 그룹은 경쟁하는 컨슈머 관계를 가진 애플리케이션의 인스턴스들을 그룹화하는 개념입니다. 각 컨슈머 바인딩은 spring.cloud.stream.bindings.<bindingName>.group 속성을 사용하여 그룹 이름을 지정할 수 있습니다. 기본적으로 그룹이 지정되지 않은 경우, 스프링 클라우드는 애플리케이션을 익명 및 독립적인 단일 멤버 컨슈머 그룹에 할당하여 다른 모든 컨슈머 그룹과 게시-구독 관계를 형성합니다."
"컨슈머 그룹이 지정되지 않은 경우, 어떤 기본 동작이 발생하나요?","컨슈머 그룹이 지정되지 않은 경우, 스프링 클라우드는 애플리케이션을 익명 및 독립적인 단일 멤버 컨슈머 그룹에 할당하여 다른 모든 컨슈머 그룹과 게시-구독 관계를 형성합니다."
"스프링 클라우드의 컨슈머 그룹은 어떤 다른 개념과 유사하고 영감을 받았나요?","스프링 클라우드의 컨슈머 그룹은 Kafka 컨슈머 그룹과 유사하고 영감을 받았습니다."
"스프링 클라우드 스트림에서 파티셔닝이란 무엇이며, 어떤 경우에 유용하게 사용될까요?","파티셔닝은 스프링 클라우드 스트림에서 데이터를 여러 인스턴스에 분산 처리하는 기능입니다. 이는 상태 저장 처리 시나리오에서 관련 데이터가 함께 처리되어야 하는 경우에 유용합니다. 예를 들어, 시간 창 평균 계산 예제에서는 특정 센서에서 측정된 모든 값이 동일한 애플리케이션 인스턴스에서 처리되는 것이 중요합니다. 이를 통해 성능 및 일관성 요구 사항을 충족할 수 있습니다."
"스프링 클라우드 스트림에서 출력을 파티셔닝하려면 어떻게 구성해야 하나요?","출력을 파티셔닝하려면 출력 바인딩의 partitionKeyExpression 또는 partitionKeyExtractorName 속성 중 하나만 설정하고, partitionCount 속성을 함께 설정해야 합니다. 예를 들어, 다음은 유효한 일반적인 구성입니다: `spring.cloud.stream.bindings.func-out-0.producer.partitionKeyExpression=headers.id spring.cloud.stream.bindings.func-out-0.producer.partitionCount=5`"
"스프링 클라우드 스트림에서 입력을 파티셔닝하려면 어떻게 구성해야 하나요?","입력을 파티셔닝하려면 바인딩의 partitioned 속성을 설정하고, 애플리케이션 자체의 instanceIndex 및 instanceCount 속성을 구성해야 합니다. 예를 들어, 다음은 예시 구성입니다: `spring.cloud.stream.bindings.uppercase-in-0.consumer.partitioned=true spring.cloud.stream.instanceIndex=3 spring.cloud.stream.instanceCount=5`"
"Spring Cloud Stream의 프로그래밍 모델에서 Destination Binders의 역할은 무엇인가요?","Destination Binders는 외부 메시징 시스템과의 통합을 제공하는 구성 요소입니다. 이들은 외부 메시징 시스템을 애플리케이션의 메시지에 대한 프로듀서와 컨슈머에 연결하는 역할을 합니다. (출처: https://docs.spring.io/spring-cloud-stream/reference/spring-cloud-stream/programming-model.html)"
"Spring Cloud Stream의 프로그래밍 모델에서 Bindings는 어떤 역할을 하나요?","Bindings는 외부 메시징 시스템과 애플리케이션의 메시지에 대한 프로듀서와 컨슈머를 연결하는 역할을 합니다. 이들은 Destination Binders에 의해 생성되며, 애플리케이션과 외부 메시징 시스템 간의 통신을 가능하게 합니다. (출처: https://docs.spring.io/spring-cloud-stream/reference/spring-cloud-stream/programming-model.html)"
"Spring Cloud Stream의 프로그래밍 모델에서 Message는 어떤 역할을 하나요?","Message는 프로듀서와 컨슈머가 Destination Binders (그리고 외부 메시징 시스템을 통해 다른 애플리케이션)와 통신하기 위해 사용하는 정규화된 데이터 구조입니다. 이는 애플리케이션과 외부 메시징 시스템 간의 통신에 사용되는 핵심 데이터 구조입니다. (출처: https://docs.spring.io/spring-cloud-stream/reference/spring-cloud-stream/programming-model.html)"
"Destination Binders는 어떤 역할을 하는 Spring Cloud Stream의 확장 컴포넌트인가요?","Destination Binders는 Spring Cloud Stream의 확장 컴포넌트로, 외부 메시징 시스템과의 통합을 위한 필요한 구성과 구현을 제공하는 역할을 합니다. (출처: https://docs.spring.io/spring-cloud-stream/reference/spring-cloud-stream/destination-binders.html)"
"Destination Binders가 처리하는 보일러 플레이트 책임에는 어떤 것들이 포함되나요?","Destination Binders는 연결, 위임 및 생산자와 소비자 간의 메시지 라우팅, 데이터 유형 변환, 사용자 코드 호출 등 많은 보일러 플레이트 책임을 처리합니다. (출처: https://docs.spring.io/spring-cloud-stream/reference/spring-cloud-stream/destination-binders.html)"
"Destination Binders가 작업을 수행하기 위해 필요한 지침은 어떤 형태로 제공되어야 하나요?","Destination Binders는 최소한의 필요한 지침으로 구성된 바인딩 구성의 형태로 사용자 지침이 필요합니다. (출처: https://docs.spring.io/spring-cloud-stream/reference/spring-cloud-stream/destination-binders.html)"
"Spring Cloud Stream에서 바인딩이란 무엇이며 어떤 역할을 하나요?","바인딩은 외부 메시징 시스템과 애플리케이션에서 제공하는 Producers 및 Consumers 간의 연결을 제공합니다. 이를 통해 애플리케이션은 다양한 메시징 시스템과 통합될 수 있습니다. (출처: https://docs.spring.io/spring-cloud-stream/reference/htmlsingle/)"
"Spring Cloud Stream 애플리케이션에서 메시지의 페이로드는 어떻게 처리되나요?","샘플 애플리케이션은 메시지의 페이로드를 문자열로 수신하고, 콘솔에 로그한 다음, 대문자로 변환하여 하류로 전송합니다. 이는 Content Type Negotiation 섹션에서 설명되어 있습니다. (출처: https://docs.spring.io/spring-cloud-stream/reference/htmlsingle/)"
"Spring Cloud Stream 애플리케이션에서 메시지의 자동 처리는 어떻게 이루어지나요?","Supplier, Function 또는 Consumer 타입의 빈은 기본 메시지 핸들러로 처리되어 제공된 바인더에서 노출된 대상에 바인딩됩니다. 이는 추가 구성을 피하기 위해 특정 네이밍 규칙과 규칙을 따릅니다. (출처: https://docs.spring.io/spring-cloud-stream/reference/htmlsingle/)"
"스프링 클라우드 스트림에서 함수 타입의 바인딩 이름의 규칙은 무엇인가요?","스프링 클라우드 스트림에서 함수 타입의 바인딩 이름은 입력과 출력 바인딩에 대한 규칙을 가지고 있습니다. 입력 바인딩 이름은 <functionName>-in-<index> 형식으로 지정되며, 출력 바인딩 이름은 <functionName>-out-<index> 형식으로 지정됩니다. index는 단일 입력/출력 함수의 경우 항상 0이므로 다중 입력 및 출력 인수를 가진 함수에만 관련이 있습니다. 예를 들어, 'uppercase' 함수의 입력을 'my-topic'이라는 원격 대상에 매핑하려면 --spring.cloud.stream.bindings.uppercase-in-0.destination=my-topic 속성을 사용할 수 있습니다."
"스프링 클라우드 스트림에서 함수 타입의 바인딩에 더 설명적인 이름을 지정하는 방법은 무엇인가요?","스프링 클라우드 스트림에서 함수 타입의 바인딩에 더 설명적인 이름을 지정하려면 --spring.cloud.stream.function.bindings.<binding-name>=<descriptive-name> 속성을 사용할 수 있습니다. 이를 통해 암시적 바인딩 이름을 명시적 바인딩 이름으로 매핑할 수 있으며, 'input', 'orders' 등과 같은 더 설명적인 이름을 지정할 수 있습니다. 예를 들어, --spring.cloud.stream.function.bindings.uppercase-in-0=input는 uppercase-in-0 바인딩 이름을 'input'으로 매핑합니다. 이제 모든 구성 속성은 명시적 바인딩 이름을 참조할 수 있습니다. 예를 들어, --spring.cloud.stream.bindings.input.destination=my-topic입니다."
"스프링 클라우드 스트림에서 함수 타입의 바인딩에 설명적인 이름을 사용하는 것에 대한 권장 사항이 있나요?","스프링 클라우드 스트림에서 함수 타입의 바인딩에 설명적인 이름을 사용하는 것은 대부분의 경우 과도한 기능일 수 있습니다. 특히 함수 합성(Functional Composition)의 경우를 제외하고는 사용하지 않는 것이 좋습니다. 설명적인 이름을 사용하면 암시적 바인딩 이름을 명시적 바인딩 이름으로 매핑하여 구성을 더 읽기 쉽게 만들 수 있지만, 어떤 함수에 해당하는지 상관 관계를 이해하기 위해 여전히 명시적 바인딩 이름을 참조해야 합니다. 대신, --spring.cloud.stream.bindings.uppercase-in-0.destination=sample-topic과 같이 바인더 대상과 바인딩 이름 사이의 명확한 경로를 제공하는 것이 좋습니다."
"Spring Cloud Stream에서 Actuator 엔드포인트를 통해 바인딩을 시각화하고 제어하는 방법은 무엇인가요?","Spring Cloud Stream에서 Actuator 엔드포인트를 통해 바인딩을 시각화하고 제어하기 위해서는 먼저 web 또는 webflux 의존성을 추가하고, actuator 의존성도 수동으로 추가해야 합니다. 그런 다음, management.endpoints.web.exposure.include 속성을 설정하여 바인딩 Actuator 엔드포인트를 활성화해야 합니다. 이러한 전제 조건이 충족되면, actuator/bindings 엔드포인트를 통해 현재 바인딩을 시각화하거나, POST 요청을 통해 개별 바인딩을 중지, 시작, 일시 중지 또는 재개할 수 있습니다."
"Spring Cloud Stream에서 개별 바인딩을 프로그래밍 방식으로 제어하는 방법은 무엇인가요?","Spring Cloud Stream에서 개별 바인딩을 프로그래밍 방식으로 제어하기 위해서는 BindingsLifecycleController를 사용할 수 있습니다. Spring Application Context에서 BindingsLifecycleController를 검색하고, 개별 메서드를 호출하여 바인딩의 수명 주기를 제어할 수 있습니다. 예를 들어, bindingsController.changeState('echo-in-0', State.STOPPED)를 사용하여 바인딩을 중지하거나, bindingsController.start('echo-in-0')를 사용하여 바인딩을 시작할 수 있습니다."
"Spring Cloud Stream에서 바인딩 Actuator 엔드포인트를 사용할 때 민감한 데이터를 보호하는 방법은 무엇인가요?","바인딩 Actuator 엔드포인트를 사용할 때 민감한 데이터를 보호하기 위해 최종 사용자 애플리케이션에서 Spring Boot의 SanitizingFunction을 Bean으로 제공할 수 있습니다. 이를 통해 Apache Kafka의 sasl.jaas.config 속성에 대한 값을 스크램블링하여 민감한 데이터를 보호할 수 있습니다."
"Spring Cloud Stream 애플리케이션에서 생산자와 소비자를 어떻게 구현할 수 있나요?","Spring Cloud Stream 애플리케이션에서는 @Bean을 사용하여 함수를 작성하고 이를 노출시킴으로써 생산자와 소비자를 구현할 수 있습니다. 또한 Spring Integration 어노테이션 기반 구성 또는 Spring Cloud Stream 어노테이션 기반 구성을 사용할 수도 있습니다. 그러나 spring-cloud-stream 3.x부터는 함수 구현을 사용하는 것이 권장됩니다. Spring Cloud Function은 자바.util.function.[Supplier/Function/Consumer] 유형의 빈으로 표현할 수 있는 대안입니다. 외부 대상에 바인딩할 함수 빈을 지정하려면 spring.cloud.function.definition 속성을 제공해야 합니다. 단일 함수 빈인 경우 spring.cloud.function.definition 속성을 생략할 수 있습니다. 그러나 혼동을 피하기 위해 이 속성을 사용하는 것이 좋습니다. 자동 발견을 false로 설정하여 자동 발견을 비활성화할 수 있습니다."
"Spring Cloud Stream에서 함수 결합 이름의 의미는 무엇인가요?","Spring Cloud Stream에서 함수 결합 이름은 함수 빈과 외부 대상에 바인딩을 설정하는 데 사용되는 명명 규칙입니다. 입력 및 출력 바인딩 이름은 기본적으로 함수 이름-in-0 및 함수 이름-out-0으로 지정됩니다. 그러나 spring.cloud.stream.function.bindings 속성을 사용하여 더 설명적인 바인딩 이름을 제공할 수 있습니다."
"Spring Cloud Stream에서 Supplier, Function 및 Consumer의 차이점은 무엇인가요?","Supplier, Function 및 Consumer는 모두 Spring Cloud Stream에서 리액티브 및 비동기 프로그래밍 모델을 지원하는 데 사용됩니다. Supplier는 데이터의 소스이며, Function은 메시지를 처리하는 메시지 핸들러이며, Consumer는 바인딩된 대상에 전송된 데이터에 의해 트리거되는 이벤트 기반 구성 요소입니다. 그러나 Supplier는 Function 및 Consumer와 달리 트리거되는 방식이 다른 범주에 속합니다."
"Spring Cloud Stream에서 이벤트 라우팅이란 무엇인가요?","Spring Cloud Stream에서 이벤트 라우팅은 a) 특정 이벤트 구독자에게 이벤트를 라우팅하거나 b) 이벤트 구독자가 생성한 이벤트를 특정 목적지로 라우팅하는 기능을 말합니다."
"Spring Cloud Function 3.0의 RoutingFunction을 사용하여 이벤트를 라우팅하는 방법은 무엇인가요?","Spring Cloud Function 3.0의 RoutingFunction을 사용하여 이벤트를 라우팅하려면 --spring.cloud.stream.function.routing.enabled=true 애플리케이션 속성을 통해 활성화하거나 spring.cloud.function.routing-expression 속성을 제공해야 합니다. 활성화되면 RoutingFunction은 제공된 지침에 따라 메시지를 다른 함수로 라우팅합니다. 라우팅 지침은 개별 메시지나 애플리케이션 속성으로 제공될 수 있습니다."
"Spring Cloud Stream에서 동적으로 바인딩된 목적지로 메시지를 보내려면 어떻게 해야 하나요?","Spring Cloud Stream에서 동적으로 바인딩된 목적지로 메시지를 보내려면 spring.cloud.stream.sendto.destination 헤더를 사용하여 목적지를 해결하도록 프레임워크에 위임할 수 있습니다. 또는 NewDestinationBindingCallback 빈을 등록하여 바인딩이 생성되기 직전에 호출할 수 있습니다. NewDestinationBindingCallback은 바인더에서 사용하는 확장된 프로듀서 속성의 제네릭 유형을 사용합니다."
"Spring Cloud Function의 PostProcessingFunction은 어떤 용도로 사용되며, 어떻게 구현할 수 있나요?","Spring Cloud Function의 PostProcessingFunction은 함수 호출 주기가 완료된 후 추가적인 작업을 수행해야 할 때 사용됩니다. 이를 구현하기 위해 PostProcessingFunction 인터페이스를 확장하고, postProcess(Message) 메서드를 오버라이딩하여 추가적인 작업을 수행하면 됩니다. Option 1: 함수를 PostProcessingFunction으로 구현하고, postProcess(Message) 메서드를 오버라이딩하여 추가적인 작업을 포함시킬 수 있습니다. Option 2: 기존 함수가 있고 구현을 변경하지 않거나 POJO로 유지하고 싶다면, postProcess(Message) 메서드만 구현하고 다른 함수와 함께 이 새로운 후처리 함수를 구성할 수 있습니다. NOTE: 함수 구성의 경우, PostProcessingFunction의 마지막 인스턴스만 효과가 있습니다. (출처: https://docs.spring.io/spring-cloud-function/docs/current/reference/htmlsingle/#post-processing-function)"
"Spring Cloud Function의 PostProcessingFunction을 구현할 때, 어떤 두 가지 옵션이 있나요?","Spring Cloud Function의 PostProcessingFunction을 구현할 때, 두 가지 옵션이 있습니다. Option 1: 함수를 PostProcessingFunction으로 구현하고, postProcess(Message) 메서드를 오버라이딩하여 추가적인 작업을 포함시킬 수 있습니다. Option 2: 기존 함수가 있고 구현을 변경하지 않거나 POJO로 유지하고 싶다면, postProcess(Message) 메서드만 구현하고 다른 함수와 함께 이 새로운 후처리 함수를 구성할 수 있습니다. (출처: https://docs.spring.io/spring-cloud-function/docs/current/reference/htmlsingle/#post-processing-function)"
"PostProcessingFunction을 사용하면서 함수 구성을 할 때, 어떤 점에 유의해야 하나요?","PostProcessingFunction을 사용하면서 함수 구성을 할 때, 주의해야 할 점은 함수 구성 시, 마지막 PostProcessingFunction 인스턴스만 효과가 있다는 것입니다. 예를 들어, foo|bar|baz와 같은 함수 정의가 있고, foo와 baz가 모두 PostProcessingFunction 인스턴스인 경우, baz.postProcess(Message)만 호출됩니다. baz가 PostProcessingFunction 인스턴스가 아닌 경우, 후처리 기능이 수행되지 않습니다. (출처: https://docs.spring.io/spring-cloud-function/docs/current/reference/htmlsingle/#post-processing-function)"
"스프링 클라우드의 바인더 추상화란 무엇인가요?","스프링 클라우드의 바인더 추상화는 외부 미들웨어의 물리적 목적지에 연결하기 위한 바인더 추상화를 제공합니다. 이 추상화는 메인 개념, 주요 구성 요소 및 구현별 세부 정보를 다룹니다. (출처: https://docs.spring.io/spring-cloud-stream/reference/spring-cloud-stream/binders.html)"
"스프링 클라우드에서 프로듀서와 컨슈머의 관계는 어떻게 되나요?","스프링 클라우드에서 프로듀서는 바인딩 목적지로 메시지를 보내는 구성 요소이며, 컨슈머는 바인딩 목적지에서 메시지를 받는 구성 요소입니다. 프로듀서와 컨슈머는 외부 메시지 브로커에 바인딩될 수 있으며, 바인딩 목적지는 메시지 브로커에 대한 바인더 구현으로 바인딩될 수 있습니다. (출처: https://docs.spring.io/spring-cloud-stream/reference/spring-cloud-stream/binders.html)"
"바인더 SPI의 주요 구성 요소는 무엇인가요?","바인더 SPI의 주요 구성 요소는 바인더 추상화, 바인더 감지, 클래스 경로의 여러 바인더, 여러 시스템에 연결 및 멀티 바인더 애플리케이션에서 바인더 사용자 지정입니다. (출처: https://docs.spring.io/spring-cloud-stream/reference/spring-cloud-stream/binders.html)"
"Binder SPI란 무엇이며, 어떤 목적으로 사용되나요?","Binder SPI는 외부 미들웨어와의 연결을 위한 플러그인 메커니즘을 제공하는 인터페이스, 기본 유틸리티 클래스 및 발견 전략으로 구성된 메커니즘입니다. Binder SPI의 주요 목적은 입력 및 출력을 외부 미들웨어에 연결하는 전략인 Binder 인터페이스를 제공하는 것입니다. (출처: <https://docs.spring.io/spring-cloud-stream/reference/html/>)"
"Binder 인터페이스는 어떻게 정의되나요?","Binder 인터페이스는 Binder<T, C extends ConsumerProperties, P extends ProducerProperties>로 정의되며, 입력 및 출력 바인딩 대상, 확장된 소비자 및 생산자 속성 등 여러 확장 지점을 제공합니다. (출처: <https://docs.spring.io/spring-cloud-stream/reference/html/>)"
"Spring Cloud Stream에서 사용자 정의 바인더를 구현하는 방법은 무엇인가요?","Spring Cloud Stream에서 적합한 바인더를 찾을 수 없는 경우, Binder 추상화를 사용하여 사용자 정의 바인더를 구현할 수 있습니다. 이를 위해 Binder 인터페이스를 구현하는 클래스, Binder 유형의 빈을 생성하는 Spring @Configuration 클래스, 그리고 META-INF/spring.binders 파일에 하나 이상의 바인더 정의가 포함되어야 합니다. 사용자 정의 바인더를 구현하는 방법에 대한 자세한 내용은 <https://medium.com/@domenicosibilio/how-to-create-a-spring-cloud-stream-binder-from-scratch-ab8b29ee931b> 게시물 및 <https://docs.spring.io/spring-cloud-stream/docs/Elmhurst.SR2/reference/html/#_implementing_custom_binders> 섹션에서 확인할 수 있습니다. (출처: <https://docs.spring.io/spring-cloud-stream/reference/html/>)"
"Spring Cloud Stream에서 바인더 SPI란 무엇인가요?","바인더 SPI는 Spring Cloud Stream에서 사용자 코드와 메시지 브로커를 연결하는 작업을 수행하는 인터페이스의 구현체입니다. 각 바인더 구현체는 일반적으로 하나의 메시징 시스템에 연결됩니다. (출처: https://docs.spring.io/spring-cloud-stream/reference/htmlsingle/)"
"Spring Cloud Stream에서 바인더를 감지하는 방법은 무엇인가요?","Spring Cloud Stream은 기본적으로 Spring Boot의 자동 구성을 사용하여 바인딩 프로세스를 구성합니다. 클래스패스에서 단일 바인더 구현체가 발견되면, Spring Cloud Stream은 해당 바인더를 자동으로 사용합니다. (출처: https://docs.spring.io/spring-cloud-stream/reference/htmlsingle/)"
"Spring Cloud Stream 프로젝트에서 RabbitMQ에만 바인딩하려면 어떻게 해야 하나요?","Spring Cloud Stream 프로젝트에서 RabbitMQ에만 바인딩하려면 <dependency> <groupId>org.springframework.cloud</groupId> <artifactId>spring-cloud-stream-binder-rabbit</artifactId> </dependency>와 같은 종속성을 추가해야 합니다. 다른 바인더 종속성의 구체적인 Maven 좌표는 해당 바인더 구현체의 문서를 참조하십시오. (출처: https://docs.spring.io/spring-cloud-stream/reference/htmlsingle/)"
"스프링 클라우드 스트림에서 여러 시스템에 연결하기 위해 환경 설정을 지정하는 방법은 무엇인가요?","스프링 클라우드 스트림에서 여러 시스템에 연결하기 위해 환경 설정을 지정하려면, 동일한 유형의 여러 브로커에 연결할 때 binder 구성을 지정할 수 있습니다. 각 구성은 다른 환경 설정을 가지고 있어야 합니다. binder 구성을 명시적으로 켜면 기본 binder 구성 프로세스가 완전히 비활성화됩니다. 이 경우 사용 중인 모든 바인더는 구성에 포함되어야 합니다. 일반적인 구성은 binders, bindings 및 binders 내부의 environment 속성을 통해 이루어집니다. 환경 속성은 특정 바인더에 대한 추가 구성을 추가하는 데 유용할 수 있습니다. 예를 들어, spring.main.sources를 사용하여 특정 바인더에 대한 추가 구성을 추가할 수 있습니다. 특정 바인더 환경에 대해 특정 프로필을 활성화하려면 spring.profiles.active 속성을 사용해야 합니다."
"스프링 클라우드 스트림에서 binder 구성이란 무엇이며, 어떻게 사용되나요?","스프링 클라우드 스트림에서 binder 구성은 애플리케이션의 Spring Boot 자동 구성을 공유하는 바인더 인스턴스를 만듭니다. 애플리케이션이 동일한 유형의 여러 브로커에 연결해야 하는 경우, 각 구성이 다른 환경 설정을 가지는 여러 바인더 구성을 지정할 수 있습니다. binder 구성을 명시적으로 켜면 기본 바인더 구성 프로세스가 완전히 비활성화됩니다. 이 경우 사용 중인 모든 바인더는 구성에 포함되어야 합니다. 일반적인 구성은 binders, bindings 및 binders 내부의 environment 속성을 통해 이루어집니다. 환경 속성은 특정 바인더에 대한 추가 구성을 추가하는 데 유용할 수 있습니다. 예를 들어, spring.main.sources를 사용하여 특정 바인더에 대한 추가 구성을 추가할 수 있습니다. 특정 바인더 환경에 대해 특정 프로필을 활성화하려면 spring.profiles.active 속성을 사용해야 합니다."
"스프링 클라우드 스트림에서 defaultCandidate 속성은 무엇이며, 어떤 역할을 하나요?","스프링 클라우드 스트림에서 defaultCandidate 속성은 binder 구성이 Spring Boot 자동 구성의 일부인지 여부를 나타내는 데 사용됩니다. 속성이 true로 설정되면, 바인더 구성은 Spring Boot 자동 구성의 일부입니다. 속성이 false로 설정되면, 바인더 구성은 Spring Boot 자동 구성의 일부가 아닙니다. 또한, defaultCandidate 플래그가 false로 설정된 바인더 구성은 기본 바인더 구성 프로세스와 독립적으로 존재하는 구성을 나타냅니다. 이는 여러 RabbitMQ 브로커 인스턴스에 연결되는 프로세서 애플리케이션의 일반적인 구성 예제에서 확인할 수 있습니다."
"Spring Cloud Stream에서 바인더를 커스터마이징하는 방법은 무엇인가요?","Spring Cloud Stream에서 바인더를 커스터마이징하려면 BinderCustomizer 인터페이스를 구현하면 됩니다. 이 인터페이스를 구현하면 다양한 바인더가 서로 다른 애플리케이션 컨텍스트에 존재하더라도 커스터마이징을 적용할 수 있습니다. BinderCustomizer 인터페이스를 구현하면 바인더가 시작되기 전에 커스터마이징이 이루어집니다. 사용자는 바인더 유형을 확인하고 필요한 커스터마이징을 적용해야 합니다. 다음은 BinderCustomizer 빈을 제공하는 예시입니다: @Bean public BinderCustomizer binderCustomizer() { return (binder, binderName) -> { if (binder instanceof KafkaMessageChannelBinder kafkaMessageChannelBinder) { kafkaMessageChannelBinder.setRebalanceListener(...); } else if (binder instanceof KStreamBinder) { ... } else if (binder instanceof RabbitMessageChannelBinder) { ... } }; }"
"Spring Cloud Stream에서 동일한 유형의 바인더가 여러 개 있는 경우 어떻게 커스터마이징할 수 있나요?","Spring Cloud Stream에서 동일한 유형의 바인더가 여러 개 있는 경우 BinderCustomizer 인터페이스를 구현할 때 바인더 이름을 사용하여 커스터마이징을 필터링할 수 있습니다."
"Spring Cloud Stream에서 바인더를 커스터마이징해야 하는 이유는 무엇인가요?","Spring Cloud Stream에서 바인더를 커스터마이징해야 하는 이유는 애플리케이션에 여러 개의 바인더가 있고 바인더를 커스터마이징하려는 경우입니다. 이 경우 애플리케이션에 BinderCustomizer 구현을 제공하여 커스터마이징을 달성할 수 있습니다. 단일 바인더가 있는 애플리케이션의 경우 이 특별한 커스터마이저는 필요하지 않습니다. 왜냐하면 바인더 컨텍스트가 직접 커스터마이징 빈에 액세스할 수 있기 때문입니다."
"Spring Cloud Stream에서 RetryTemplate을 사용하여 Message Handler에서 예외가 발생했을 때 어떤 동작을 하나요?","Spring Cloud Stream에서 RetryTemplate을 사용하여 Message Handler에서 예외가 발생하면, RetryTemplate을 통해 동일한 메시지를 다시 처리하려는 여러 시도를 수행합니다."
"Spring Cloud Stream에서 DLQ(Dead Letter Queue)란 무엇이며, 어떻게 구성하나요?","DLQ는 실패한 메시지를 별도의 목적지로 전송하여 후속 재처리 또는 감사 및 조정을 위한 대기열입니다. Spring Cloud Stream에서 DLQ를 구성하려면 그룹 및 대상 속성을 제공하여 적절한 DLQ 대상 이름을 지정해야 합니다."
"Spring Cloud Stream에서 RetryTemplate의 동작을 사용자 정의하려면 어떻게 해야 하나요?","Spring Cloud Stream에서 RetryTemplate의 동작을 사용자 정의하려면 애플리케이션 구성에서 RetryTemplate의 인스턴스를 빈으로 구성하고 @StreamRetryTemplate로 자격을 부여하면 됩니다."
"스프링 클라우드 스트림에서 옵저버빌리티를 구현하기 위해 필요한 의존성은 무엇인가요?","<dependency> <groupId>org.springframework.boot</groupId> <artifactId>spring-boot-starter-actuator</artifactId> </dependency> <dependency> <groupId>io.projectreactor</groupId> <artifactId>reactor-core-micrometer</artifactId> </dependency> and one of the available tracer bridges. For example Zipkin Brave(https://zipkin.io/) <dependency> <groupId>io.micrometer</groupId> <artifactId>micrometer-tracing-bridge-brave</artifactId> </dependency>"
"옵저버빌리티가 반응형 함수와 명령형 함수에 어떤 영향을 미치나요?","명령형 함수는 ObservationFunctionAroundWrapper로 감싸져 있어 관찰 레지스트리와의 상호작용을 처리하는 필요한 인프라를 제공합니다. 이는 함수의 각 호출마다 발생하며, 함수의 각 호출마다 관찰이 첨부됩니다 (즉, 메시지당 단일 관찰). 반면, 반응형 함수는 명령형 함수와는 본질적으로 다르며, ObservationFunctionAroundWrapper로 감싸지지 않습니다. 반응형 함수는 초기화 함수이며, 사용자 제공의 스트림 처리 코드(Flux)를 바인더가 제공하는 소스 및 대상 스트림에 연결하는 역할을 합니다. 이는 애플리케이션 시작 중에 한 번만 호출됩니다. 스트림 코드가 소스/대상 스트림에 연결되면 실제 스트림 처리에 대한 가시성과 제어권이 없습니다. 관찰은 수동으로 처리해야 하며, 반응형 API의 tap 연산자를 사용하여 스트림의 세그먼트에 액세스하고 ObservationRegistry의 인스턴스를 제공함으로써 쉽게 수행할 수 있습니다."
"반응형 함수에서 관찰을 수동으로 처리하는 방법은 무엇인가요?","반응형 API의 tap 연산자를 사용하여 스트림의 세그먼트에 액세스하고 ObservationRegistry의 인스턴스를 제공함으로써 수동으로 관찰을 처리할 수 있습니다. 이러한 세그먼트는 관찰의 단위를 정의하며, Flux의 단일 항목, 범위 또는 스트림 내에서 관찰하려는 다른 모든 것이 될 수 있습니다. 예를 들어, `@SpringBootApplication public class DemoStreamApplication { Logger logger = LoggerFactory.getLogger(DemoStreamApplication.class); public static void main(String[] args) { Hooks.enableAutomaticContextPropagation(); SpringApplication.run(DemoStreamApplication.class, args); } @Bean public Function<Flux<String>, Flux<String>> uppercase(ObservationRegistry registry) { return flux -> flux.flatMap(item -> { return Mono.just(item) .map(value -> value.toUpperCase()) .doOnNext(v -> logger.info(v)) .tap(Micrometer.observation(registry)); }); } }`"
"Spring Cloud Stream에서 어떤 종류의 구성 옵션을 지원하나요?","Spring Cloud Stream은 일반적인 구성 옵션과 바인딩 및 바인더에 대한 구성을 지원합니다. (출처: https://docs.spring.io/spring-cloud-stream/reference/htmlsingle/)"
"Spring Cloud Stream 애플리케이션의 구성 옵션은 어떻게 제공될 수 있나요?","Spring Cloud Stream 애플리케이션의 구성 옵션은 Spring Boot에서 지원하는 모든 메커니즘을 통해 제공될 수 있습니다. 이에는 애플리케이션 인자, 환경 변수, YAML 또는 .properties 파일이 포함됩니다. (출처: https://docs.spring.io/spring-cloud-stream/reference/htmlsingle/)"
"Spring Cloud Stream에서 일부 바인더는 어떻게 추가적인 바인딩 속성을 지원하나요?","일부 바인더는 추가적인 바인딩 속성을 지원하여 미들웨어별 기능을 지원합니다. (출처: https://docs.spring.io/spring-cloud-stream/reference/htmlsingle/)"
"Spring Cloud Stream에서 BindingServiceProperties의 목적은 무엇인가요?","Spring Cloud Stream에서 BindingServiceProperties는 애플리케이션의 배포 인스턴스 수, 인스턴스 인덱스, 동적으로 바인딩할 수 있는 목적지 목록, 기본 바인더 사용, 클라우드 커넥터 재정의, 바인딩 재시도 간격과 관련된 속성을 노출합니다. (출처: https://docs.spring.io/spring-cloud-stream/reference/html/#_binding_service_properties)"
"spring.cloud.stream.instanceCount 속성은 어떤 경우에 설정해야 하나요?","spring.cloud.stream.instanceCount 속성은 프로듀서 측에서 파티셔닝을 사용하거나 Kafka에서 autoRebalanceEnabled=false를 사용할 때 설정해야 합니다. (출처: https://docs.spring.io/spring-cloud-stream/reference/html/#_binding_service_properties)"
"spring.cloud.stream.dynamicDestinations 속성은 무엇인가요?","spring.cloud.stream.dynamicDestinations 속성은 동적으로 바인딩할 수 있는 목적지 목록을 지정하는 데 사용됩니다. (출처: https://docs.spring.io/spring-cloud-stream/reference/html/#_binding_service_properties)"
"Spring Cloud Stream에서 Binding Properties의 형식은 무엇인가요?","Spring Cloud Stream에서 Binding Properties의 형식은 spring.cloud.stream.bindings.<bindingName>.<property>=<value>입니다."
"Spring Cloud Stream에서 공통 Binding Properties는 어떻게 설정할 수 있나요?","Spring Cloud Stream에서 공통 Binding Properties는 spring.cloud.stream.default.<property>=<value> 및 spring.cloud.stream.default.<producer|consumer>.<property>=<value> 형식으로 설정할 수 있습니다."
"Spring Cloud Stream에서 확장된 Binding Properties의 기본값을 설정하는 방법은 무엇인가요?","Spring Cloud Stream에서 확장된 Binding Properties의 기본값은 spring.cloud.stream.<binder-type>.default.<producer|consumer>.<property>=<value> 형식으로 설정할 수 있습니다."
"Spring Cloud Stream에서 메시지 변환을 수행하는 이유는 무엇인가요?","Spring Cloud Stream에서 메시지 변환은 들어오는 메시지의 내용을 애플리케이션 제공 핸들러의 시그니처와 일치하도록 변환하기 위해 필요합니다. 또한 나가는 메시지의 내용을 와이어 형식으로 변환하여 바인더 구현에 따라 결정됩니다. 이는 Kafka 및 Rabbit 바인더의 경우 일반적으로 byte[] 형식입니다. 변환은 MessageConverter를 사용하여 수행됩니다. 자세한 내용은 다음 블로그 포스트(https://spring.io/blog/2018/02/26/spring-cloud-stream-2-0-content-type-negotiation-and-transformation)를 참조하십시오. (출처: https://docs.spring.io/spring-cloud-stream/reference/html/spring-cloud-stream.html#_message_conversion)"
"Spring Cloud Stream에서 메시지 변환을 수행하는 데 사용되는 MessageConverter의 역할은 무엇인가요?","MessageConverter는 Spring Cloud Stream에서 메시지 변환을 수행하는 데 사용됩니다. 메시지 변환은 들어오는 메시지의 내용을 애플리케이션 제공 핸들러의 시그니처와 일치하도록 변환하고 나가는 메시지의 내용을 와이어 형식으로 변환하여 바인더 구현에 따라 결정됩니다. 이는 Kafka 및 Rabbit 바인더의 경우 일반적으로 byte[] 형식입니다. 변환은 MessageConverter를 사용하여 수행됩니다. 자세한 내용은 다음 블로그 포스트(https://spring.io/blog/2018/02/26/spring-cloud-stream-2-0-content-type-negotiation-and-transformation)를 참조하십시오. (출처: https://docs.spring.io/spring-cloud-stream/reference/html/spring-cloud-stream.html#_message_conversion)"
"Spring Cloud Stream에서 Content Type Negotiation이 필요한 이유는 무엇인가요?","Spring Cloud Stream에서 Content Type Negotiation은 들어오는 메시지의 내용을 애플리케이션 제공 핸들러의 시그니처와 일치하도록 변환하기 위해 필요합니다. 이는 메시지가 목적지에 도달하기 전에 원하는 모양이나 크기로 변환되어야 하는 이유 중 하나입니다. 또 다른 이유는 나가는 메시지의 내용을 바인더 구현에 따라 결정되는 와이어 형식으로 변환하기 위함입니다. 이는 Kafka 및 Rabbit 바인더의 경우 일반적으로 byte[] 형식입니다. 자세한 내용은 다음 블로그 포스트(https://spring.io/blog/2018/02/26/spring-cloud-stream-2-0-content-type-negotiation-and-transformation)를 참조하십시오. (출처: https://docs.spring.io/spring-cloud-stream/reference/html/spring-cloud-stream.html#_content_type_negotiation)"
"How does the framework handle payload conversion when contentType is application/json?","The framework uses the JsonMessageConverter to handle payload conversion to/from POJO for cases when contentType is application/json (DEFAULT). (Source: https://docs.spring.io/spring-cloud-stream/reference/spring-cloud-stream/provided-messageconverters.html)"
"What is the purpose of the ByteArrayMessageConverter?","The ByteArrayMessageConverter supports conversion of the payload of the Message from byte[] to byte[] for cases when contentType is application/octet-stream and exists primarily for backward compatibility. It essentially acts as a pass-through. (Source: https://docs.spring.io/spring-cloud-stream/reference/spring-cloud-stream/provided-messageconverters.html)"
"How does the framework handle payload conversion when contentType is text/plain?","The framework's ObjectStringMessageConverter supports conversion of any type to a String when contentType is text/plain. It invokes Object's toString() method or, if the payload is byte[], a new String(byte[]). (Source: https://docs.spring.io/spring-cloud-stream/reference/spring-cloud-stream/provided-messageconverters.html)"
"Spring Cloud Stream에서 애플리케이션 간 통신을 가능하게 하는 기능은 무엇인가요?","Spring Cloud Stream은 애플리케이션 간 통신을 가능하게 합니다. (출처: https://docs.spring.io/spring-cloud-stream/reference/htmlsingle/)"
"Spring Cloud Stream에서 애플리케이션 인스턴스 연결과 관련된 주요 주제는 무엇인가요?","Spring Cloud Stream에서 애플리케이션 인스턴스 연결과 관련된 주요 주제는 다음과 같습니다: 여러 애플리케이션 인스턴스 연결 개요, 인스턴스 인덱스 및 인스턴스 수. (출처: https://docs.spring.io/spring-cloud-stream/reference/htmlsingle/)"
"Spring Cloud Stream에서 애플리케이션 간 통신을 설정할 때 어떤 측면이 고려되나요?","Spring Cloud Stream에서 애플리케이션 간 통신을 설정할 때 고려되는 측면은 다음과 같습니다: 여러 애플리케이션 인스턴스 연결 개요, 인스턴스 인덱스 및 인스턴스 수. (출처: https://docs.spring.io/spring-cloud-stream/reference/htmlsingle/)"
"Spring Cloud Stream에서 Spring Boot 애플리케이션이 메시징 시스템에 연결하기 쉬운 이유는 무엇인가요?","Spring Cloud Stream은 개별 Spring Boot 애플리케이션이 메시징 시스템에 쉽게 연결할 수 있도록 합니다. (출처: https://docs.spring.io/spring-cloud-stream/reference/spring-cloud-stream/overview-connecting-multiple-application-instances.html)"
"Spring Cloud Stream의 일반적인 시나리오는 무엇인가요?","Spring Cloud Stream의 일반적인 시나리오는 마이크로서비스 애플리케이션이 서로에게 데이터를 보내는 다중 애플리케이션 파이프라인을 생성하는 것입니다. (출처: https://docs.spring.io/spring-cloud-stream/reference/spring-cloud-stream/overview-connecting-multiple-application-instances.html)"
"Spring Cloud Stream에서 Time Source 애플리케이션이 Log Sink 애플리케이션과 통신하려면 어떻게 해야 하나요?","Time Source 애플리케이션의 출력 바인딩과 Log Sink 애플리케이션의 입력 바인딩을 ticktock이라는 공통 목적지로 연결하여 통신할 수 있습니다. (출처: https://docs.spring.io/spring-cloud-stream/reference/spring-cloud-stream/overview-connecting-multiple-application-instances.html)"
"스프링 클라우드 스트림에서 인스턴스 인덱스와 인스턴스 카운트는 무엇인가요?","스프링 클라우드 스트림에서 인스턴스 인덱스와 인스턴스 카운트는 애플리케이션의 인스턴스 수를 파악하고 각 인스턴스의 인덱스를 식별하여 파티셔닝 동작을 처리하는 데 사용됩니다. 이 기능은 기본적으로 활성화되어 있으며, spring.cloud.stream.instanceCount 및 spring.cloud.stream.instanceIndex 속성을 통해 구성할 수 있습니다. Kafka 바인더와 같은 특정 바인더는 여러 소비자 인스턴스 간에 데이터를 올바르게 분할하기 위해 이 속성을 요구합니다. (출처: https://docs.spring.io/spring-cloud-stream/reference/html/spring-cloud-stream.html#_instance_index_and_instance_count)"
"스프링 클라우드 스트림에서 인스턴스 인덱스와 인스턴스 카운트를 설정하는 방법은 무엇인가요?","스프링 클라우드 스트림에서 인스턴스 인덱스와 인스턴스 카운트는 spring.cloud.stream.instanceCount 및 spring.cloud.stream.instanceIndex 속성을 사용하여 설정할 수 있습니다. 기본적으로 인스턴스 카운트는 1이며, 인스턴스 인덱스는 0입니다. 그러나 스프링 클라우드 데이터 플로우를 통해 애플리케이션을 배포하는 경우 이 속성은 자동으로 구성됩니다. 독립적으로 애플리케이션을 실행하는 경우 이 속성을 올바르게 설정해야 합니다. (출처: https://docs.spring.io/spring-cloud-stream/reference/html/spring-cloud-stream.html#_instance_index_and_instance_count)"
"스프링 클라우드 스트림에서 인스턴스 인덱스와 인스턴스 카운트를 구성하는 것이 왜 중요한가요?","스프링 클라우드 스트림에서 인스턴스 인덱스와 인스턴스 카운트를 구성하는 것은 파티셔닝 동작을 올바르게 처리하고 여러 소비자 인스턴스 간에 데이터를 올바르게 분할하는 데 중요합니다. 이 속성은 특정 바인더에서 필수적이며, 특히 Kafka 바인더에서 필요합니다. 이 속성을 올바르게 구성하지 않으면 애플리케이션의 동작이 예상치 못한 결과를 초래할 수 있습니다. (출처: https://docs.spring.io/spring-cloud-stream/reference/html/spring-cloud-stream.html#_instance_index_and_instance_count)"
"스프링 클라우드 스트림의 파티셔닝이란 무엇인가요?","스프링 클라우드 스트림의 파티셔닝은 데이터를 여러 인스턴스 간에 분산 처리하는 기능을 제공합니다. 파티셔닝된 시나리오에서는 물리적인 통신 매체(브로커 토픽 등)가 여러 파티션으로 구성됩니다. 하나 이상의 생산자 애플리케이션 인스턴스가 여러 소비자 애플리케이션 인스턴스로 데이터를 보내고, 공통된 특성으로 식별되는 데이터가 동일한 소비자 인스턴스에서 처리되도록 보장합니다."
"파티셔닝을 설정하기 위해 데이터 생산 및 데이터 소비 양쪽 끝을 구성해야 하는 이유는 무엇인가요?","파티셔닝을 설정하려면 데이터 생산자와 소비자 양쪽 끝을 구성해야 합니다. 스프링 클라우드 스트림에서는 파티셔닝을 위해 출력 바인딩 및 입력 바인딩을 구성해야 합니다. 출력 바인딩 구성에는 파티션 키 표현식, 파티션 키 추출기 이름, 파티션 수 등을 설정하고, 입력 바인딩 구성에는 파티셔닝, 인스턴스 인덱스 및 인스턴스 수를 설정해야 합니다."
"파티셔닝을 사용한 데이터 처리 시나리오를 설정하는 방법은 무엇인가요?","파티셔닝을 사용한 데이터 처리 시나리오를 설정하려면 데이터 생산자와 소비자 양쪽 끝을 구성해야 합니다. 출력 바인딩을 구성하여 파티션된 데이터를 전송하고, 입력 바인딩을 구성하여 파티션된 데이터를 수신하도록 설정합니다. 출력 바인딩을 구성할 때는 파티션 키 표현식, 파티션 키 추출기 이름, 파티션 수 등을 설정하고, 입력 바인딩을 구성할 때는 파티션, 인스턴스 인덱스, 인스턴스 수 등을 설정합니다."
"Spring Cloud Stream에서 Test Binder를 활성화하는 방법은 무엇인가요?","Test Binder를 활성화하려면 해당 클래스에 `@EnableTestBinder` 어노테이션을 추가해야 합니다."
"Spring Cloud Stream에서 Test Binder를 사용하려면 필요한 의존성은 무엇인가요?","Test Binder를 사용하려면 Maven POM 파일에서 `spring-cloud-stream-test-binder`를 의존성으로 추가하고 Gradle 빌드 스크립트에서 `testImplementation`으로 추가해야 합니다."
"Spring Cloud Stream Test Binder의 장점은 무엇인가요?","Spring Cloud Stream Test Binder는 실제 메시지 브로커 없이도 간단한 단위 테스트로 마이크로서비스를 테스트할 수 있도록 도와줍니다. 또한, Spring Integration Test Binder는 단위 테스트와 통합 테스트 사이의 다리 역할을 하며, Spring Integration 프레임워크를 기반으로 하여 네트워킹 없이도 실제 바인더와 유사한 환경을 제공합니다."
"Spring Cloud Stream 샘플을 어디에서 찾을 수 있나요?","GitHub의 spring-cloud-stream-samples(https://github.com/spring-cloud/spring-cloud-stream-samples) 저장소에서 찾을 수 있습니다. (출처: https://docs.spring.io/spring-cloud-stream/reference/htmlsingle/)"
"Spring Cloud Stream 샘플을 실행하기 위한 요구 사항은 무엇인가요?","Spring Cloud Stream 샘플을 실행하기 위한 요구 사항은 Spring Boot, Maven 또는 Gradle, 그리고 Java 개발 환경이 필요합니다. (출처: https://docs.spring.io/spring-cloud-stream/docs/current/reference/htmlsingle/)"
"Spring Cloud Stream 샘플을 실행하는 방법은 무엇인가요?","Spring Cloud Stream 샘플을 실행하는 방법은 저장소를 복제하고, Maven 또는 Gradle을 사용하여 프로젝트를 빌드하고, 선호하는 IDE에서 실행하거나 명령줄에서 실행하는 것입니다. (출처: https://docs.spring.io/spring-cloud-stream/docs/current/reference/htmlsingle/)"
"Spring Cloud Stream 애플리케이션에서 Apache Kafka 바인더를 사용하려면 어떻게 해야 하나요?","Spring Cloud Stream 애플리케이션의 종속성으로 spring-cloud-stream-binder-kafka를 추가하거나, Spring Cloud Stream Kafka Starter를 사용해야 합니다. Maven의 경우, 각각 다음과 같은 예시 코드가 있습니다. <dependency> <groupId>org.springframework.cloud</groupId> <artifactId>spring-cloud-stream-binder-kafka</artifactId> </dependency> 또는 <dependency> <groupId>org.springframework.cloud</groupId> <artifactId>spring-cloud-starter-stream-kafka</artifactId> </dependency>"
"Spring Cloud Stream에서 Apache Kafka 바인더를 사용하기 위한 구체적인 종속성은 무엇인가요?","Maven의 경우, Spring Cloud Stream 애플리케이션에서 Apache Kafka 바인더를 사용하기 위해 spring-cloud-stream-binder-kafka 또는 spring-cloud-starter-stream-kafka 종속성을 추가해야 합니다. 해당 종속성은 다음과 같은 예시 코드에서 확인할 수 있습니다. <dependency> <groupId>org.springframework.cloud</groupId> <artifactId>spring-cloud-stream-binder-kafka</artifactId> </dependency> 또는 <dependency> <groupId>org.springframework.cloud</groupId> <artifactId>spring-cloud-starter-stream-kafka</artifactId> </dependency>"
"Spring Cloud Stream 애플리케이션에서 Apache Kafka 바인더를 사용하기 위한 다른 옵션은 무엇인가요?","Spring Cloud Stream 애플리케이션에서 Apache Kafka 바인더를 사용하기 위해 Spring Cloud Stream Kafka Starter를 사용할 수도 있습니다. Maven의 경우, 다음과 같은 예시 코드가 있습니다. <dependency> <groupId>org.springframework.cloud</groupId> <artifactId>spring-cloud-starter-stream-kafka</artifactId> </dependency> 이는 spring-cloud-stream-binder-kafka를 포함하여 필요한 종속성을 자동으로 추가합니다."
"Apache Kafka 바인더의 구현에서 대상과 Apache Kafka 토픽 간의 매핑에 대해 설명해주세요.","Apache Kafka 바인더 구현은 각 대상을 Apache Kafka 토픽에 매핑합니다. (출처: https://docs.spring.io/spring-cloud-stream/reference/kafka/kafka-binder/overview.html)"
"Apache Kafka 바인더에서 소비자 그룹과 Apache Kafka의 개념 간의 매핑에 대해 설명해주세요.","소비자 그룹은 Apache Kafka 바인더에서 직접 Apache Kafka의 동일한 개념에 매핑됩니다. (출처: https://docs.spring.io/spring-cloud-stream/reference/kafka/kafka-binder/overview.html)"
"Apache Kafka 바인더의 kafka-clients 버전과 통신하는 Apache Kafka 브로커의 최소 지원 버전을 알려주세요.","Apache Kafka 바인더의 현재 사용 중인 kafka-clients 버전은 3.1.0입니다. 이 클라이언트는 이전 브로커와 통신할 수 있지만, 특정 기능은 사용할 수 없을 수 있습니다. 예를 들어, 0.11.x.x 이전 버전에서는 네이티브 헤더가 지원되지 않으며, 0.11.x.x에서는 autoAddPartitions 속성이 지원되지 않습니다. (출처: https://docs.spring.io/spring-cloud-stream/reference/kafka/kafka-binder/overview.html)"
"Spring Cloud Stream의 Kafka Binder에서 공통 구성 옵션과 속성은 어디에 문서화되어 있나요?","공통 구성 옵션과 속성은 core documentation의 binding properties(https://docs.spring.io/spring-cloud-stream/docs/current/reference/html/spring-cloud-stream.html#binding-properties)에 문서화되어 있습니다."
"Spring Cloud Stream의 Kafka Binder에서 기본 브로커 포트는 무엇인가요?","기본 브로커 포트는 9092입니다."
"Spring Cloud Stream의 Kafka Binder에서 멀티 브로커를 구성하려면 어떤 속성을 사용해야 하나요?","멀티 브로커를 구성하려면 spring.cloud.stream.kafka.binder.brokers 속성을 사용합니다."
"Kafka consumer auto.offset.reset semantics란 무엇인가요?","Kafka consumer auto.offset.reset semantics는 바인딩의 소비자 그룹에 대한 파티션의 커밋된 오프셋이 없을 때 초기 위치를 결정합니다. 기본값은 명시적인 그룹이 있는 바인딩은 earliest를 사용하고, 그룹이 없는 익명 바인딩은 latest를 사용합니다. 이러한 기본값은 startOffset 바인딩 속성을 설정하여 재정의할 수 있습니다. (출처: https://docs.spring.io/spring-cloud-stream/reference/htmlsingle/#kafka-binder-reset-offsets)"
"Spring Cloud Stream Kafka 바인더에서 resetOffsets 속성은 어떻게 작동하나요?","Spring Cloud Stream Kafka 바인더에서 resetOffsets 속성이 true로 설정되면, 브로커에 커밋된 오프셋이 없을 때 적용되는 semantics와 유사한 semantics를 적용합니다. 즉, 현재 커밋된 오프셋을 무시합니다. 이는 컴팩트된 키/값 쌍을 포함하는 토픽에서 소비하거나, 이 바인딩이 실행되는 동안 발생하는 이벤트에만 관심이 있는 이벤트 토픽에서 소비할 때 두 가지 사용 사례가 있습니다. (출처: https://docs.spring.io/spring-cloud-stream/reference/htmlsingle/#kafka-binder-reset-offsets)"
"Spring Cloud Stream Kafka 바인더에서 topic offsets를 제어하는 방법은 무엇인가요?","Spring Cloud Stream Kafka 바인더에서 rebalance listener를 사용하여 topic offsets를 더 세밀하게 제어할 수 있습니다. 리스너가 제공되면 resetOffsets를 true로 설정해서는 안 됩니다. 그렇지 않으면 오류가 발생합니다. (출처: https://docs.spring.io/spring-cloud-stream/reference/htmlsingle/#kafka-binder-reset-offsets)"
"Spring Cloud Stream에서 Kafka 바인더를 사용하여 소비자 일시 중지 및 재개를 어떻게 관리할 수 있나요?","Spring Cloud Stream에서 Kafka 바인더를 사용하여 일시 중지 및 재개는 Binding visualization and control 문서에서 설명한 대로 바인딩 라이프사이클을 관리하여 State.PAUSED 및 State.RESUMED를 사용하여 수행할 수 있습니다. (출처: https://docs.spring.io/spring-cloud-stream/reference/htmlsingle/#kafka-binder-pause-resume)"
"Spring Cloud Stream에서 Kafka 바인더를 사용하여 일시 중지된 소비자를 재개하려면 어떻게 해야 하나요?","Spring Cloud Stream에서 Kafka 바인더를 사용하여 일시 중지된 소비자를 재개하려면 ListenerContainerIdleEvent 인스턴스를 수신하는 ApplicationListener 또는 @EventListener 메서드를 사용할 수 있습니다. 이벤트 발생 빈도는 idleEventInterval 속성에 의해 제어됩니다. (출처: https://docs.spring.io/spring-cloud-stream/reference/htmlsingle/#kafka-binder-pause-resume)"
"Spring Cloud Stream에서 Kafka 바인더를 사용하여 일시 중지 및 재개할 때 파티션 재균형을 방지하려면 어떻게 해야 하나요?","Spring Cloud Stream에서 Kafka 바인더를 사용하여 일시 중지 및 재개할 때 파티션 재균형을 방지하려면 Binding visualization and control 문서에서 설명한 대로 바인딩 라이프사이클을 관리하여 State.PAUSED 및 State.RESUMED를 사용하여 소비를 일시 중지할 수 있습니다. (출처: https://docs.spring.io/spring-cloud-stream/reference/htmlsingle/#kafka-binder-pause-resume)"
"스프링 클라우드 스트림에서 Kafka 바인더 트랜잭션을 사용하려면 어떤 속성을 설정해야 하나요?","`spring.cloud.stream.kafka.binder.transaction.transactionIdPrefix`를 비어 있지 않은 값으로 설정하면 트랜잭션을 사용할 수 있습니다. 예를 들어, `tx-`와 같이 설정합니다. (출처: {https://docs.spring.io/spring-cloud-stream/reference/htmlsingle/})"
"스프링 클라우드 스트림에서 트랜잭션과 함께 바인더 재시도(및 데드 레터링)를 사용할 수 있나요?","아니요, 트랜잭션과 함께 바인더 재시도(및 데드 레터링)는 지원되지 않습니다. 재시도는 원래 트랜잭션에서 실행되며, 롤백될 경우 게시된 레코드도 롤백됩니다. 대신, 재시도와 데드 레터링 속성은 컨테이너 수준에서 재시도를 활성화하기 위해 DefaultAfterRollbackProcessor를 구성하는 데 사용됩니다. (출처: {https://docs.spring.io/spring-cloud-stream/reference/htmlsingle/})"
"스프링 클라우드 스트림에서 트랜잭션이 있는 소스 애플리케이션에서 트랜잭션 매니저를 어떻게 구성해야 하나요?","트랜잭션이 있는 소스 애플리케이션에서 트랜잭션 매니저를 구성하려면, 트랜잭션 프로듀서 팩토리에 대한 참조를 가져와 이를 사용하여 KafkaTransactionManager 빈을 정의해야 합니다. 그런 다음 TransactionTemplate 또는 @Transactional과 같은 일반적인 Spring 트랜잭션 지원을 사용합니다. (출처: {https://docs.spring.io/spring-cloud-stream/reference/htmlsingle/})"
"Spring Cloud Stream에서 버전 1.3부터 예외가 무조건적으로 오류 채널로 전송되는 이유는 무엇인가요?","소비자 목적지마다 예외가 무조건적으로 오류 채널로 전송되는 이유는 오류 처리를 강화하기 위함입니다. (출처: https://docs.spring.io/spring-cloud-stream/reference/htmlsingle/#kafka-binder-error-channels)"
"Spring Cloud Stream에서 async producer send 실패를 오류 채널로 전송하도록 구성할 수 있나요?","네, Spring Cloud Stream은 async producer send 실패를 오류 채널로 전송하도록 구성할 수 있습니다. (출처: https://docs.spring.io/spring-cloud-stream/reference/htmlsingle/#kafka-binder-error-channels)"
"Spring Cloud Stream에서 producer 예외 처리를 자동으로 처리하나요? 예를 들어, dead letter topic으로 전송하는 기능을 제공하나요?","Spring Cloud Stream은 producer 예외 처리를 자동으로 처리하지 않습니다. 예를 들어, dead letter topic으로 전송하는 기능은 제공하지 않습니다. 이러한 예외를 직접 Spring Integration flow로 처리해야 합니다. (출처: https://docs.spring.io/spring-cloud-stream/reference/htmlsingle/#kafka-binder-error-channels)"
"Kafka 바인더 모듈에서 노출되는 메트릭은 무엇인가요?","Kafka 바인더 모듈에서는 spring.cloud.stream.binder.kafka.offset 메트릭을 제공합니다. 이 메트릭은 Micrometer 라이브러리를 기반으로 하며, 소비자 그룹, 주제 및 해당 주제의 최신 오프셋에서 커밋된 오프셋까지의 실제 레이그를 포함합니다. 이 메트릭은 PaaS 플랫폼에 자동 확장 피드백을 제공하는 데 특히 유용합니다. 이 메트릭을 수집하려면 Micrometer가 클래스 경로에 있어야 하며, 애플리케이션에서 다른 유사한 빈을 제공하지 않아야 합니다. (출처: https://docs.spring.io/spring-cloud-stream/reference/htmlsingle/#kafka-binder-metrics)"
"Kafka 바인더 모듈에서 메트릭을 수집하는 데 사용되는 라이브러리는 무엇인가요?","Kafka 바인더 모듈에서 메트릭을 수집하는 데 사용되는 라이브러리는 Micrometer입니다. 이 라이브러리를 사용하면 메트릭을 생성하고, 소비자 그룹, 주제 및 해당 주제의 최신 오프셋에서 커밋된 오프셋까지의 실제 레이그를 포함합니다. (출처: https://docs.spring.io/spring-cloud-stream/reference/htmlsingle/#kafka-binder-metrics)"
"Spring Cloud Stream 애플리케이션에서 KafkaBinderMetrics 빈을 생성하지 않으려면 어떻게 해야 하나요?","Spring Cloud Stream 애플리케이션에서 KafkaBinderMetrics 빈을 생성하지 않으려면 NoOpBindingMeters 구성 요소를 제공하고, MeterFilter.denyNameStartsWith(KafkaBinderMetrics.OFFSET_LAG_METRIC_NAME)를 사용하여 선택적으로 미터를 억제할 수 있습니다. (출처: https://docs.spring.io/spring-cloud-stream/reference/htmlsingle/#kafka-binder-metrics)"
"스프링 클라우드 스트림에서 KafkaBindingRebalanceListener의 역할은 무엇인가요?","KafkaBindingRebalanceListener는 Kafka 소비자 바인딩에 대한 콜백을 처리하는 인터페이스입니다. 이 인터페이스는 초기 할당 시 토픽/파티션을 임의의 오프셋으로 이동하거나 소비자에 대해 다른 작업을 수행하려는 경우 바인딩 리밸런싱에 대한 사용자 지정 로직을 제공합니다. 버전 2.1부터 애플리케이션 컨텍스트에 단일 KafkaBindingRebalanceListener 빈을 제공하면 모든 Kafka 소비자 바인딩에 연결됩니다. (출처: https://docs.spring.io/spring-cloud-stream/reference/htmlsingle/#_kafka_binding_rebalance_listener)"
"KafkaBindingRebalanceListener 인터페이스의 각 메서드는 어떤 역할을 하나요?","KafkaBindingRebalanceListener 인터페이스에는 3개의 메서드가 있습니다. onPartitionsRevokedBeforeCommit은 보류 중인 오프셋이 커밋되기 전에 호출되며, onPartitionsRevokedAfterCommit은 보류 중인 오프셋이 커밋된 후에 호출되며, onPartitionsAssigned는 파티션이 초기 할당되거나 리밸런싱 후에 호출됩니다. 이러한 메서드는 애플리케이션이 초기 할당 시에만 seek 작업을 수행하거나 소비자 바인딩에 대한 사용자 지정 로직을 수행할 수 있도록 합니다. (출처: https://docs.spring.io/spring-cloud-stream/reference/htmlsingle/#_kafka_binding_rebalance_listener)"
"KafkaBindingRebalanceListener를 제공하는 경우 resetOffsets 소비자 속성을 true로 설정할 수 없는 이유는 무엇인가요?","KafkaBindingRebalanceListener를 제공하는 경우 resetOffsets 소비자 속성을 true로 설정할 수 없습니다. 이는 KafkaBindingRebalanceListener를 사용하는 경우 소비자 바인딩에서 오프셋을 자동으로 관리하기 때문입니다. resetOffsets 속성을 true로 설정하면 바인딩 리밸런싱 시 사용자 지정 로직이 무시될 수 있습니다. 따라서 KafkaBindingRebalanceListener를 제공하는 경우 resetOffsets 속성을 사용하지 않아야 합니다. (출처: https://docs.spring.io/spring-cloud-stream/reference/htmlsingle/#_kafka_binding_rebalance_listener)"
"Spring Cloud Stream에서 리스너 컨테이너에서 리스너 컨테이너 외부에서 재시도 및 데드 레터 처리를 구성하려면 어떻게 해야 하나요?","`ListenerContainerWithDlqAndRetryCustomizer` 유형의 빈을 정의하고 `configure` 메서드를 사용하여 리스너 컨테이너를 구성합니다. `retryAndDlqInBinding` 메서드를 재정의하여 바인더에서 바인딩으로 리트라이 및 DLQ를 이동할지 여부를 결정합니다. 그런 다음 `BinderCustomizer`를 사용하여 바인더에 컨테이너 커스터마이저를 설정합니다. (출처: https://docs.spring.io/spring-cloud-stream/reference/html/spring-cloud-stream-kafka.html#retry-dlq)"
"Spring Cloud Stream Kafka 바인더에서 재시도 및 데드 레터 처리에 사용되는 기본 백오프 전략은 무엇인가요?","기본적으로 지수 백오프 전략이 사용되며, 기본 백오프는 30초이고 최대 백오프는 10분입니다. 백오프 속성은 `spring.kafka.consumer.retry.backoff` 및 `spring.kafka.consumer.retry.max-backoff` 속성을 사용하여 구성할 수 있습니다. (출처: https://docs.spring.io/spring-cloud-stream/reference/html/spring-cloud-stream-kafka.html#retry-dlq)"
"Spring Cloud Stream에서 데드 레터 주제에 메시지를 게시하려면 어떻게 해야 하나요?","바인더에서 `enableDlq` 속성을 `true`로 설정하여 데드 레터 처리 기능을 활성화합니다. 그런 다음 `DeadLetterPublishingRecoverer`를 사용하여 데드 레터 주제에 메시지를 게시합니다. `DeadLetterPublishingRecoverer`는 바인더에서 구성된 데드 레터 주제 이름에 따라 메시지를 게시합니다. (출처: https://docs.spring.io/spring-cloud-stream/reference/html/spring-cloud-stream-kafka.html#retry-dlq)"
"Kafka에서 ConsumerFactory와 ProducerFactory를 생성할 때 사용되는 소비자 및 생산자 구성의 고급 커스터마이징을 수행하려면 어떻게 해야 하나요?","ConsumerConfigCustomizer 및 ProducerConfigCustomizer 인터페이스를 구현하면 됩니다. 이 인터페이스를 구현하면 소비자 및 생산자 속성에 사용되는 구성 맵을 구성하는 방법을 제공합니다. 예를 들어, 애플리케이션 수준에서 정의된 빈에 액세스하려면 configure 메서드의 구현에 주입할 수 있습니다. 바인더가 이러한 커스터마이저를 빈으로 발견하면 소비자 및 생산자 팩토리를 만들기 직전에 configure 메서드를 호출합니다. 이 인터페이스는 또한 생산자 및 소비자 속성을 커스터마이징하는 동안 바인딩 및 대상 이름에 액세스할 수 있도록 합니다."
"Spring Cloud Stream에서 ConsumerConfigCustomizer를 구현할 때 어떤 이점이 있나요?","ConsumerConfigCustomizer를 구현하면 애플리케이션 수준에서 정의된 빈에 액세스하고 configure 메서드의 구현에 주입할 수 있습니다. 이를 통해 사용자 정의가 더욱 유연하고 강력해집니다. 또한, 바인더가 이러한 커스터마이저를 빈으로 발견하면 소비자 팩토리를 만들기 직전에 configure 메서드를 호출하므로, 사용자 정의가 적용되도록 보장할 수 있습니다."
"Spring Cloud Stream에서 ProducerConfigCustomizer 인터페이스를 사용할 때 어떤 이점이 있나요?","ProducerConfigCustomizer 인터페이스를 사용하면 생산자 속성을 커스터마이징하고 바인딩 및 대상 이름에 액세스할 수 있습니다. 이를 통해 애플리케이션에 맞는 사용자 정의가 가능하며, Kafka 프로듀서의 동작을 더욱 세밀하게 제어할 수 있습니다."
"Spring Cloud Stream Kafka Binder에서 AdminClient의 구성을 사용자 정의하려면 어떻게 해야 하나요?","AdminClientConfigCustomizer를 제공하여 AdminClient의 구성을 사용자 정의할 수 있습니다. AdminClientConfigCustomizer의 configure 메서드를 사용하여 AdminClient 속성에 액세스하고 추가 사용자 지정을 정의할 수 있습니다. Binder의 Kafka 토픽 프로비전러는 이 커스터마이저를 통해 제공된 속성에 가장 높은 우선 순위를 부여합니다. 다음은 이 커스터마이저 빈을 제공하는 예입니다. @Bean public AdminClientConfigCustomizer adminClientConfigCustomizer() { return props -> { props.put(CommonClientConfigs.SECURITY_PROTOCOL_CONFIG, 'SASL_SSL'); }; } (출처: <https://docs.spring.io/spring-cloud-stream/reference/htmlsingle/#kafka-binder-admin-client-config-cust>)"
"AdminClientConfigCustomizer의 configure 메서드는 어떤 역할을 하나요?","AdminClientConfigCustomizer의 configure 메서드는 AdminClient 속성에 액세스할 수 있는 메서드로, 이를 사용하여 추가 사용자 지정을 정의할 수 있습니다. (출처: <https://docs.spring.io/spring-cloud-stream/reference/htmlsingle/#kafka-binder-admin-client-config-cust>)"
"AdminClientConfigCustomizer를 사용하여 어떤 속성에 가장 높은 우선 순위를 부여하나요?","Binder의 Kafka 토픽 프로비전러는 AdminClientConfigCustomizer를 통해 제공된 속성에 가장 높은 우선 순위를 부여합니다. (출처: <https://docs.spring.io/spring-cloud-stream/reference/htmlsingle/#kafka-binder-admin-client-config-cust>)"
"Spring Boot 애플리케이션에서 기본 Kafka 바인더 건강 표시기를 비활성화하고 사용자 지정 구현을 포함하려면 어떻게 해야 합니까?","KafkaBinderHealth 인터페이스에 대한 구현을 제공하면 됩니다. KafkaBinderHealth는 HealthIndicator에서 확장되는 마커 인터페이스입니다. 사용자 지정 구현에서는 health() 메서드에 대한 구현을 제공해야 합니다. 사용자 지정 구현은 애플리케이션 구성에서 빈으로 존재해야 합니다. 바인더가 사용자 지정 구현을 발견하면 기본 구현 대신 해당 구현을 사용합니다. 다음은 애플리케이션에서 이러한 사용자 지정 구현 빈을 만드는 예입니다. @Bean public KafkaBinderHealth kafkaBinderHealthIndicator() { return new KafkaBinderHealth() { @Override public Health health() { // 사용자 지정 구현 세부 정보. } }; }"
"Kafka 바인더가 Spring Boot 액추에이터가 클래스 경로에 있을 때 활성화하는 건강 표시기의 유형은 무엇입니까?","기본 건강 표시기"
"바인더가 기본 구현 대신 사용자 지정 Kafka 바인더 건강 표시기를 사용하려면 사용자 지정 구현에 어떤 인터페이스가 구현되어야 합니까?","KafkaBinderHealth"
"스프링 클라우드 스트림에서 DLQ를 활성화하려면 어떤 Kafka 바인더 기반 애플리케이션에서 필수적인 consumer group은 어떤 속성을 통해 제공되어야 하나요?","소비자 그룹은 spring.cloud.stream.bindings.<binding-name>.group 속성을 통해 제공되어야 합니다. (출처: https://docs.spring.io/spring-cloud-stream/reference/htmlsingle/)"
"스프링 클라우드 스트림의 DLQ 동작에서 max-attempts 속성이 기본적으로 어떻게 설정되어 있나요?","max-attempts 속성은 기본적으로 3으로 설정되어 있습니다. (출처: https://docs.spring.io/spring-cloud-stream/reference/htmlsingle/)"
"스프링 클라우드 스트림에서 DLQ가 활성화되었을 때, 기본적으로 전송 오류가 발생한 레코드를 처리하는 방법은 무엇인가요?","DLQ가 활성화되었을 때, 전송 오류가 발생한 레코드는 기본적으로 DLQ 토픽으로 전송됩니다. (출처: https://docs.spring.io/spring-cloud-stream/reference/htmlsingle/)"
"Spring Cloud Stream Kafka Binder에서 Dead-Letter topic으로 레코드를 보낼 때 기본적으로 어떤 파티션이 사용되는가요?","기본적으로 Dead-Letter topic으로 레코드를 보낼 때 원래 레코드와 동일한 파티션이 사용됩니다. (출처: https://docs.spring.io/spring-cloud-stream/reference/htmlsingle/#kafka-binder-dlq-partition)"
"Spring Cloud Stream Kafka Binder에서 Dead-Letter topic으로 레코드를 보낼 때 파티션 함수를 변경하려면 어떻게 해야 하나요?","DlqPartitionFunction 인터페이스를 구현하는 @Bean을 애플리케이션 컨텍스트에 추가하여 Dead-Letter topic으로 레코드를 보낼 때 파티션 함수를 변경할 수 있습니다. (출처: https://docs.spring.io/spring-cloud-stream/reference/htmlsingle/#kafka-binder-dlq-partition)"
"Spring Cloud Stream Kafka Binder에서 DLQ 토픽의 이름을 커스터마이징하려면 어떻게 해야 하나요?","DlqDestinationResolver 인터페이스를 구현하는 @Bean을 애플리케이션 컨텍스트에 추가하여 DLQ 토픽의 이름을 커스터마이징할 수 있습니다. (출처: https://docs.spring.io/spring-cloud-stream/reference/htmlsingle/#kafka-binder-dlq-partition)"
"Spring Cloud Stream과 Kafka Binder를 사용하여 메시지 처리 순서를 엄격하게 유지하려면 어떻게 해야 하나요?","특정 파티션에 데이터를 보내서 엄격한 메시지 처리 순서를 유지하려면 Kafka Binder를 사용하여 프로듀서와 소비자 측면을 구성할 수 있습니다. 다음 예제는 이를 수행하는 방법을 보여줍니다: 1) Spring Cloud Stream 애플리케이션을 Spring Boot 애플리케이션으로 생성합니다. 2) Spring Cloud Stream starter와 Kafka Binder를 의존성으로 추가합니다. 3) Spring Cloud Stream DSL을 사용하여 Kafka 토픽에 데이터를 보내고 받는 스트림을 정의합니다. 4) 프로듀서 측에서 파티션 키 표현을 사용하여 메시지를 특정 파티션으로 보냅니다. 5) 소비자 측에서 파티션을 할당하고 메시지를 처리합니다. (출처: {https://docs.spring.io/spring-cloud-stream/reference/html/single.html#_partitioning} 및 {https://docs.spring.io/spring-cloud-stream/docs/Elmhurst.SR3/reference/html/spring-cloud-stream-kafka-binding-support.html})"
"Kafka Binder를 사용하여 파티션 키 표현을 설정하는 방법은 무엇인가요?","Kafka Binder를 사용하여 파티션 키 표현을 설정하려면 Spring Cloud Stream 바인딩 구성을 업데이트하여 파티션 키 표현을 지정해야 합니다. 파티션 키 표현은 메시지를 특정 파티션으로 보내는 데 사용되는 헤더 또는 표현식입니다. 예를 들어, 다음과 같이 'partitionKey' 헤더를 파티션 키로 사용할 수 있습니다: spring.cloud.stream.bindings.input.partitionKeyExpression=headers['partitionKey']. (출처: {https://docs.spring.io/spring-cloud-stream/docs/Elmhurst.SR3/reference/html/spring-cloud-stream-kafka-binding-support.html} 및 {https://docs.spring.io/spring-cloud-stream/docs/Elmhurst.SR3/reference/html/spring-cloud-stream-binder-kafka-config.html#_partition_key_expression})"
"Spring Cloud Stream과 Kafka Binder를 사용할 때 파티션 수가 변경되면 어떻게 동작하나요?","Spring Cloud Stream과 Kafka Binder를 사용할 때 파티션 수가 변경되면 Spring Cloud Stream의 'producer.dynamicPartitionUpdatesEnabled' 속성을 사용하여 동적으로 업데이트할 수 있습니다. 기본적으로 이 속성은 비활성화되어 있습니다. 'producer.dynamicPartitionUpdatesEnabled' 속성을 활성화하면 Kafka 토픽의 파티션 수 변경이 런타임 중에 감지되고 Kafka Binder를 통해 적절하게 처리됩니다. 이 동작을 활성화하려면 spring.cloud.stream.kafka.producer.dynamicPartitionUpdatesEnabled 속성을 true로 설정하십시오. 또한 'spring.kafka.producer.properties.metadata.max.age.ms' 매개 변수를 사용하여 업데이트 간격을 구성 할 수 있습니다. 파티션 수 변경이 발생할 때 메시지 손실이 발생할 수 있으므로 주의해야 합니다. (출처: {https://docs.spring.io/spring-cloud-stream/docs/Elmhurst.SR3/reference/html/spring-cloud-stream-kafka-binding-support.html} 및 {https://docs.spring.io/spring-cloud-stream/docs/Elmhurst.SR3/reference/html/spring-cloud-stream-binder-kafka-config.html#_producer_dynamic_partition_updates} )"
"Reactive Kafka binder를 사용하려면 어떻게 Maven 의존성을 추가해야 하나요?","<dependency> <groupId>org.springframework.cloud</groupId> <artifactId>spring-cloud-stream-binder-kafka-reactive</artifactId> </dependency>"
"Spring Cloud Stream의 Reactive Kafka binder를 사용하는 방법에 대해 자세히 알고 싶다면 어떤 문서를 참고해야 하나요?","https://docs.spring.io/spring-cloud-stream/reference/htmlsingle/#kafka-reactive-binder"
"Spring Cloud Stream의 Reactive Kafka binder는 어떤 종류의 애플리케이션을 지원하나요?","Spring Cloud Stream의 Reactive Kafka binder는 반응형 애플리케이션을 지원합니다."
"스프링 클라우드 스트림 리액티브 카프카 바인더란 무엇인가요?","스프링 클라우드 스트림 리액티브 카프카 바인더는 스프링 클라우드 스트림의 카프카 바인더 중 하나로, 카프카와의 연결 및 메시지 전송을 위해 리액티브 스트림을 사용하는 바인더입니다. 이를 사용하면 애플리케이션이 카프카로부터 메시지를 소비하고, 리액티브 스트림을 사용하여 처리한 후, 다시 카프카로 메시지를 전송할 수 있습니다. 이는 전통적인 카프카 바인더와는 달리, 리액티브 스트림을 지원하여 애플리케이션의 응답성과 확장성을 높일 수 있습니다.
(출처: <https://docs.spring.io/spring-cloud-stream/reference/htmlsingle/>)"
"리액티브 카프카 바인더를 사용하면 어떤 이점이 있나요?","리액티브 카프카 바인더를 사용하면, 수신한 메시지를 바로 처리하지 않고, 비동기적으로 처리할 수 있습니다. 이를 통해 애플리케이션의 응답성을 높일 수 있으며, 메시지 처리 중 발생할 수 있는 에러를 처리할 수 있습니다. 또한, 리액티브 바인더는 리액티브 스트림을 지원하므로, 파이프라인의 여러 단계에서 메시지를 처리할 수 있습니다. 이를 통해 애플리케이션의 확장성을 높일 수 있습니다.
(출처: <https://docs.spring.io/spring-cloud-stream/reference/htmlsingle/>)"
"리액티브 카프카 바인더의 단점은 무엇인가요?","리액티브 카프카 바인더는 전통적인 카프카 바인더와는 달리, 리액티브 스트림을 지원하므로, 이를 사용하기 위해서는 리액티브 프로그래밍에 대한 이해가 필요합니다. 또한, 리액티브 바인더는 전통적인 바인더와는 달리, 메시지를 바로 처리하지 않고, 비동기적으로 처리하므로, 처리 시간이 길어질 수 있습니다.
(출처: <https://docs.spring.io/spring-cloud-stream/reference/htmlsingle/>)"
"Reactor Kafka에서 들어오는 레코드에 ReceiverRecord 타입에 접근하려면 어떻게 해야 하나요?","애플리케이션에서 커스텀 RecordMessageConverter 구현을 제공하여 기본 동작을 재정의할 수 있습니다. 예를 들어, raw Flux<ReceiverRecord<byte[], byte[]>>로 레코드를 소비하려면 애플리케이션에서 fullRawReceivedRecord() 빈 정의를 제공할 수 있습니다. 그런 다음, 프레임워크에 필요한 바인딩에 대해 이 변환기를 사용하도록 지시해야 합니다. lowercase-in-0은 lowercase 함수의 입력 바인딩 이름이며, outbound (lowercase-out-0)의 경우 일반 MessagingMessageConverter를 계속 사용합니다. MessagingMessageConverter는 ConsumerRecord의 페이로드와 헤더를 변환합니다. toMessage 구현에서 raw ConsumerRecord (reactive binder 컨텍스트에서 ReceiverRecord)를 받은 다음 Message 내부에 래핑합니다. 그런 다음 ReceiverRecord인 메시지 페이로드는 사용자 메서드에 제공됩니다."
"reactive Kafka 바인더를 사용할 때 ReceiverRecord의 레코드를 소비하려면 어떻게 해야 하나요?","애플리케이션에서 커스텀 RecordMessageConverter 구현을 제공하여 기본 동작을 재정의할 수 있습니다. 예를 들어, raw Flux<ReceiverRecord<byte[], byte[]>>로 레코드를 소비하려면 애플리케이션에서 fullRawReceivedRecord() 빈 정의를 제공할 수 있습니다. 그런 다음, 프레임워크에 필요한 바인딩에 대해 이 변환기를 사용하도록 지시해야 합니다. lowercase-in-0은 lowercase 함수의 입력 바인딩 이름이며, outbound (lowercase-out-0)의 경우 일반 MessagingMessageConverter를 계속 사용합니다. MessagingMessageConverter는 ConsumerRecord의 페이로드와 헤더를 변환합니다. toMessage 구현에서 raw ConsumerRecord (reactive binder 컨텍스트에서 ReceiverRecord)를 받은 다음 Message 내부에 래핑합니다. 그런 다음 ReceiverRecord인 메시지 페이로드는 사용자 메서드에 제공됩니다."
"reactiveAutoCommit이 false일 때 레코드의 오프셋을 커밋하려면 어떻게 해야 하나요?","reactiveAutoCommit이 false (기본값)인 경우, offset을 커밋하려면 rec.receiverOffset().acknowledge() (또는 commit())를 호출해야 합니다. reactiveAutoCommit이 true인 경우, flux는 ConsumerRecord를 대신 공급합니다."
"Spring Cloud Stream의 reactive Kafka binder에서 concurrency가 설정되면 어떻게 동작하나요?","concurrency 값이 설정되면 binder는 해당 값만큼의 전용 KafkaReceiver 객체를 생성합니다. 이는 별도의 Flux 구현을 가진 여러 개의 reactive stream을 생성하는 것을 의미합니다. 이는 파티션된 토픽에서 레코드를 소비할 때 유용할 수 있습니다. 예를 들어, 들어오는 토픽에 적어도 세 개의 파티션이 있다고 가정하면, spring.cloud.stream.bindings.lowercase-in-0.consumer.concurrency=3 속성을 설정할 수 있습니다. 이렇게 하면 세 개의 전용 KafkaReceiver 객체가 생성되고, 각각 별도의 Flux 구현을 생성한 다음 핸들러 메서드로 스트리밍합니다. (출처: https://docs.spring.io/spring-cloud-stream/reference/htmlsingle/#kafka-reactive-binder-concurrency)"
"concurrency 설정이 Spring Cloud Stream의 reactive Kafka binder에서 어떻게 여러 개의 reactive stream을 생성하나요?","concurrency 값은 들어오는 토픽의 파티션 수와 일치하도록 설정됩니다. 이렇게 하면 들어오는 토픽의 각 파티션에 대해 별도의 reactive stream이 생성되고, 각 stream은 전용 KafkaReceiver 객체와 Flux 구현을 갖습니다. 이는 들어오는 토픽의 각 파티션에 대해 별도의 reactive stream이 생성되고, 각 stream은 전용 KafkaReceiver 객체와 Flux 구현을 갖습니다. (출처: https://docs.spring.io/spring-cloud-stream/reference/htmlsingle/#kafka-reactive-binder-concurrency)"
"concurrency 속성을 어떻게 설정하여 들어오는 토픽의 각 파티션에 대해 별도의 Flux를 생성할 수 있나요?","concurrency 속성을 설정하여 들어오는 토픽의 파티션 수와 일치하도록 설정할 수 있습니다. 이렇게 하면 들어오는 토픽의 각 파티션에 대해 별도의 reactive stream이 생성되고, 각 stream은 전용 KafkaReceiver 객체와 Flux 구현을 갖습니다. 예를 들어, 들어오는 토픽에 적어도 세 개의 파티션이 있다면, spring.cloud.stream.bindings.lowercase-in-0.consumer.concurrency=3 속성을 설정할 수 있습니다. 이렇게 하면 세 개의 전용 KafkaReceiver 객체가 생성되고, 각각 별도의 Flux 구현을 생성한 다음 핸들러 메서드로 스트리밍합니다. (출처: https://docs.spring.io/spring-cloud-stream/reference/htmlsingle/#kafka-reactive-binder-concurrency)"
"Spring Cloud Stream의 반응형 바인더에서 Multiplex란 무엇인가요?","Multiplex는 Spring Cloud Stream의 반응형 바인더에서 버전 4.0.3부터 지원되는 공통 소비자 속성으로, 단일 바인딩이 여러 토픽에서 소비할 수 있도록 합니다. 기본적으로 false로 설정되며, 공통 목적지 속성에 쉼표로 구분된 목록으로 지정된 각 토픽에 대해 별도의 바인딩이 생성됩니다. (출처: https://docs.spring.io/spring-cloud-stream/reference/htmlsingle/#_multiplex_support)"
"Spring Cloud Stream의 반응형 바인더에서 Multiplex를 사용하는 방법은 무엇인가요?","Spring Cloud Stream의 반응형 바인더에서 Multiplex를 사용하려면, 소비하는 바인딩의 'multiplex' 속성을 'true'로 설정하면 됩니다. 이렇게 설정하면, 단일 바인딩이 지정된 모든 토픽에서 소비하게 됩니다. (출처: https://docs.spring.io/spring-cloud-stream/docs/Elmhurst.SR5/reference/htmlsingle/#_multiplex_support)"
"Spring Cloud Stream의 반응형 바인더에서 Multiplex를 활성화하지 않으면 어떤 동작이 발생하나요?","Spring Cloud Stream의 반응형 바인더에서 Multiplex를 활성화하지 않으면, 기본적으로 각 토픽에 대해 별도의 바인딩이 생성됩니다. 즉, 공통 목적지 속성에 여러 토픽이 지정되어 있더라도, 각각의 토픽에 대해 별도의 소비자 인스턴스가 생성됩니다. (출처: https://docs.spring.io/spring-cloud-stream/docs/Elmhurst.SR5/reference/htmlsingle/#_multiplex_support)"
"Spring Cloud Stream에서 버전 4.0.3부터 어떤 Kafka 바인딩 소비자 속성이 지원되나요?","destination-is-pattern Kafka 바인딩 소비자 속성이 지원됩니다. (출처: https://docs.spring.io/spring-cloud-stream/reference/kafka/kafka-reactive-binder/pattern.html)"
"Spring Cloud Stream에서 Kafka 바인딩 소비자 속성 'destination-is-pattern'은 어떻게 구성되나요?","수신자 옵션은 정규식 패턴으로 구성되어, 해당 패턴과 일치하는 모든 토픽에서 수신할 수 있습니다. (출처: https://docs.spring.io/spring-cloud-stream/reference/kafka/kafka-reactive-binder/pattern.html)"
"Spring Cloud Stream의 Kafka 바인딩 소비자 속성 'destination-is-pattern'은 어떤 버전에서 도입되었나요?","Spring Cloud Stream의 버전 4.0.3부터 지원됩니다. (출처: https://docs.spring.io/spring-cloud-stream/reference/kafka/kafka-reactive-binder/pattern.html)"
"Spring Cloud Stream Kafka Reactive Binder에서 Sender Result Channel은 어떤 버전에서 도입되었나요?","Sender Result Channel은 Spring Cloud Stream Kafka Reactive Binder의 4.0.3 버전에서 도입되었습니다. (출처: <https://docs.spring.io/spring-cloud-stream/reference/htmlsingle/#_sender_results_and_correlation_metadata>)"
"SenderResult<Integer>를 처리하는 방법은 무엇인가요?","SenderResult<Integer>를 처리하기 위해 @ServiceActivator 어노테이션을 사용하여 inputChannel을 'sendResults'로 설정하고, handleResults 메소드에서 SenderResult<Integer> 타입의 파라미터를 받도록 정의할 수 있습니다. 메소드 내부에서는 result.exception()을 확인하여 예외가 발생했는지 여부를 판단하고, 예외가 발생하지 않았다면 successFor(result) 메소드를 호출하고, 예외가 발생했다면 failureFor(result) 메소드를 호출할 수 있습니다. (출처: <https://docs.spring.io/spring-cloud-stream/reference/htmlsingle/#_sender_results_and_correlation_metadata>)"
"출력 레코드에서 Correlation Metadata를 설정하는 방법은 무엇인가요?","출력 레코드에서 Correlation Metadata를 설정하기 위해 CORRELATION_ID 헤더를 원하는 값으로 설정하면 됩니다. 예를 들어, streamBridge.send('words1', MessageBuilder.withPayload('foobar').setCorrelationId(42).build());와 같이 설정할 수 있습니다. (출처: <https://docs.spring.io/spring-cloud-stream/reference/htmlsingle/#_correlation_metadata>)"
"Spring Boot Actuator health endpoint에서 Reactor Kafka binder HealthIndicator 구현을 활성화하려면 어떤 Spring Boot 종속성이 클래스패스에 있어야 합니까?","Spring Boot actuator (Source: https://docs.spring.io/spring-cloud-stream/reference/htmlsingle/#_reactor_kafka_binder_health_indicator)"
"Reactor Kafka binder HealthIndicator 구현은 애플리케이션의 상태에 대한 어떤 정보를 제공합니까?","UP 또는 DOWN, 애플리케이션에서 사용하는 주제 및 바인더가 내부적으로 사용하는 메시지 프로듀서 구성 요소에 대한 다양한 세부 정보 (Source: https://docs.spring.io/spring-cloud-stream/reference/htmlsingle/#_reactor_kafka_binder_health_indicator)"
"Spring 프레임워크에서 Reactor Kafka Binder Health Indicator는 어떤 키로 등록됩니까?","reactorKafka (Source: https://docs.spring.io/spring-cloud-stream/reference/htmlsingle/#_reactor_kafka_binder_health_indicator)"
"Spring Cloud Stream은 Apache Kafka Streams와 어떤 방식으로 통합되나요?","Spring Cloud Stream은 Apache Kafka Streams 바인딩을 위한 바인더 구현을 포함하고 있습니다. 이를 통해 Spring Cloud Stream '프로세서' 애플리케이션은 핵심 비즈니스 로직에서 Apache Kafka Streams API를 직접 사용할 수 있습니다. 바인더 구현은 Spring for Apache Kafka 프로젝트에서 제공하는 기반을 기반으로 구축되었습니다."
"Kafka Streams 바인더 구현은 어떤 주요 유형을 처리하나요?","Kafka Streams 바인더 구현은 Kafka Streams의 세 가지 주요 유형인 KStream, KTable 및 GlobalKTable에 대한 바인딩 기능을 제공합니다. Kafka Streams 애플리케이션은 일반적으로 인바운드 주제에서 레코드를 읽고 비즈니스 로직을 적용한 다음 변환된 레코드를 아웃바운드 주제로 쓰는 모델을 따릅니다."
"Kafka Streams의 프로세서 애플리케이션은 어떤 유형이 될 수 있나요?","Kafka Streams의 프로세서 애플리케이션은 아웃바운드 대상이 없는 프로세서 애플리케이션일 수 있습니다."
"Spring Cloud Stream Kafka Streams 바인더에서 함수형 프로그래밍 스타일을 사용하면 어떤 장점이 있나요?","Spring Cloud Stream Kafka Streams 바인더에서 함수형 프로그래밍 스타일을 사용하면 Java 8의 기능을 활용하여 간결하고 표현력 있는 코드 작성이 가능합니다. 이를 통해 비즈니스 로직에 집중할 수 있으며, Kafka Streams 인프라에 필요한 설정을 프레임워크가 자동으로 처리합니다."
"KStream 바인더에서 함수형 프로그래밍을 사용할 때 입력 바인딩을 여러 개 사용하는 방법은 무엇인가요?","KStream 바인더에서 함수형 프로그래밍을 사용할 때 입력 바인딩을 여러 개 사용하려면 부분 함수를 연결하여 커링(currying) 기술을 사용할 수 있습니다. 이는 작은 수의 입력에 대한 부분적으로 적용된 함수를 작성하고, 이를 연결하여 더 복잡한 함수를 만드는 것을 의미합니다."
"KStream 바인더에서 함수형 프로그래밍을 사용할 때 출력을 여러 토픽으로 브랜치하는 방법은 무엇인가요?","KStream 바인더에서 함수형 프로그래밍을 사용할 때 출력을 여러 토픽으로 브랜치하려면 함수의 반환 유형을 KStream[]로 정의하고, flatMap 또는 flatTransform 메서드를 사용하여 KStream 배열을 반환하면 됩니다. 바인더는 반환된 KStream 배열의 길이를 감지하여 출력 바인딩의 이름을 자동으로 생성합니다."
"Kafka Streams 바인더에서 레코드 직렬화 및 역직렬화는 어떤 방식으로 이루어지나요?","Kafka Streams 바인더는 Kafka에서 제공하는 기본 직렬화 및 역직렬화 기능과 Spring Cloud Stream 프레임워크의 메시지 변환 기능을 활용하여 두 가지 방식으로 레코드를 직렬화하고 역직렬화합니다."
"Kafka Streams 바인더의 이전 버전과 비교하여 인바운드 역직렬화의 기본 동작은 어떻게 변경되었나요?","이전 버전의 Kafka Streams 바인더에서는 프레임워크에 의해 인바운드 역직렬화가 수행되었지만, 현재는 기본적으로 Kafka에서 직접 수행됩니다."
"Kafka Streams 바인더에서 인바운드 역직렬화를 위해 Serde를 어떻게 추론하나요?","Kafka Streams 바인더는 Java 유형 서명을 확인하고 애플리케이션에서 제공된 Serde 빈을 사용하여 인바운드 역직렬화를 위한 매칭되는 Serde를 추론합니다. 또한 Kafka Streams에서 노출되는 유형 중 하나인 경우 해당 Serde를 사용합니다. 추론이 실패하면 Spring Kafka에서 제공하는 JsonSerde를 사용합니다."
"Apache Kafka Streams에서 직렬화/역직렬화 에러 처리를 위한 기본 예외 처리기는 무엇인가요?","Apache Kafka Streams에서 직렬화/역직렬화 에러 처리를 위한 기본 예외 처리기는 'LogAndFailExceptionHandler'입니다."
"Spring Cloud Kafka Streams Binder에서 역직렬화 예외 처리기를 설정하는 방법은 무엇인가요?","Spring Cloud Kafka Streams Binder에서 역직렬화 예외 처리기를 설정하는 방법은 spring.cloud.stream.kafka.streams.binder.deserializationExceptionHandler 속성을 사용하는 것입니다."
"Spring Cloud Kafka Streams Binder에서 DlqDestinationResolver를 구현하는 방법은 무엇인가요?","Spring Cloud Kafka Streams Binder에서 DlqDestinationResolver를 구현하려면, ConsumerRecord와 예외를 입력으로 받아 출력으로는 토픽 이름을 지정할 수 있는 BiFunction 인터페이스를 구현해야 합니다."
"Kafka Streams 프로세서에서 외부 호출을 어떻게 다시 시도할 수 있나요?","Kafka Streams 바인더는 입력 바인딩에 대해 RetryTemplate 빈을 생성합니다. RetryTemplate을 사용하여 비즈니스 로직의 중요한 섹션을 다시 시도할 수 있습니다. RetryTemplate을 주입하고 execute 메서드에 RecoveryCallback을 추가하여 예외를 처리하고 처리를 계속할 수 있습니다. 더 많은 정보를 원하시면 Spring Retry 프로젝트를 참조하세요."
"Kafka Streams 바인더에서 RetryTemplate을 사용자 정의하려면 어떻게 해야 하나요?","사용자 정의 RetryTemplate을 만들고 spring.cloud.stream.bindings.<binding-name>.consumer.retryTemplateName을 통해 제공할 수 있습니다. 사용자 정의 RetryTemplate을 주입하고 비즈니스 로직의 중요한 섹션을 다시 시도하는 데 사용할 수 있습니다. RetryTemplate, 재시도 정책, 백오프 정책 등에 대한 자세한 내용은 Spring Retry 프로젝트를 참조하세요."
"Kafka Streams 프로세서에서 재시도가 소진되면 어떻게 되나요?","기본적으로 재시도가 소진되면 마지막 예외가 발생하여 프로세서가 종료됩니다. 예외를 처리하고 처리를 계속하려면 execute 메서드에 RecoveryCallback을 추가하여 복구 로직을 구현할 수 있습니다."
"Kafka Streams에서 상태 저장소가 자동으로 생성되는 경우는 어떤 경우인가요?","Kafka Streams에서 상태 저장소는 하이 레벨 DSL을 사용하고 적절한 호출을 통해 상태 저장소를 트리거하는 경우 자동으로 생성됩니다. (출처: https://docs.spring.io/spring-cloud-stream/reference/htmlsingle/#kafka-streams-binder-state-store)"
"Kafka Streams에서 들어오는 KTable 바인딩을 명명된 상태 저장소로 구체화하려면 어떻게 해야 하나요?","들어오는 KTable 데이터를 명명된 상태 저장소로 구체화하려면 spring.cloud.stream.kafka.streams.bindings.process-in-1.consumer.materializedAs 속성을 사용하여 incoming-store로 설정하면 됩니다. (출처: https://docs.spring.io/spring-cloud-stream/reference/htmlsingle/#kafka-streams-binder-state-store)"
"Kafka Streams에서 사용자 정의 상태 저장소를 정의하는 방법은 무엇인가요?","Kafka Streams에서 사용자 정의 상태 저장소를 정의하려면 애플리케이션에서 빈으로 정의하고 바인더에 의해 감지되어 Kafka Streams 빌더에 추가됩니다. 상태 저장소를 빈으로 생성하고 binder에 의해 스트림 빌더 객체로 전달되도록 할 수 있습니다. (출처: https://docs.spring.io/spring-cloud-stream/reference/htmlsingle/#kafka-streams-binder-state-store)"
"Kafka Streams 바인더 API에서 InteractiveQueryService 클래스는 어떤 역할을 하나요?","InteractiveQueryService 클래스는 Kafka Streams 바인더 API에서 상태 저장소에 대한 상호작용 쿼리를 수행하는 데 사용됩니다. 이 클래스를 사용하여 애플리케이션에서 Spring 빈으로 액세스할 수 있으며, 특정 상태 저장소에 대한 쿼리를 수행할 수 있습니다. (출처: https://docs.spring.io/spring-cloud-stream/reference/htmlsingle/#kafka-streams-binder-interactive-queries)"
"Spring Cloud Stream의 Kafka Streams 바인더에서 InteractiveQueryService에 액세스하기 위해 Autowired를 사용하는 방법은 무엇인가요?","@Autowired private InteractiveQueryService interactiveQueryService;로 설정할 수 있습니다. 그런 다음 이 빈에 액세스하여 특정 상태 저장소에 대한 쿼리를 수행할 수 있습니다. (출처: https://docs.spring.io/spring-cloud-stream/reference/htmlsingle/#kafka-streams-binder-interactive-queries)"
"Kafka Streams 바인더에서 상태 저장소 쿼리 재시도를 구성하려면 어떤 속성을 사용할 수 있나요?","spring.cloud.stream.kafka.streams.binder.stateStoreRetry.maxAttempts 및 spring.cloud.stream.kafka.streams.binder.stateStoreRetry.backOffInterval 속성을 사용하여 상태 저장소 쿼리 재시도를 구성할 수 있습니다. (출처: https://docs.spring.io/spring-cloud-stream/reference/htmlsingle/#kafka-streams-binder-interactive-queries)"
"스프링 클라우드의 건강 표시기는 Kafka Streams 바인더에서 어떻게 사용되나요?","스프링 클라우드의 건강 표시기는 Kafka Streams 바인더에서 기본 스트림 스레드의 상태를 확인하는 데 사용됩니다. 관리.건강.바인더.enabled 속성을 활성화하여 건강 표시기를 사용할 수 있습니다. 건강 표시기는 각 스트림 스레드의 메타데이터에 대한 다음 세부 정보를 제공합니다: 스레드 이름, 스레드 상태, 활성 작업 및 대기 작업. 기본 상태는 전역 상태 (UP 또는 DOWN)만 표시됩니다. 세부 정보를 표시하려면 관리.엔드포인트.건강.show-details 속성을 ALWAYS 또는 WHEN_AUTHORIZED로 설정해야 합니다. 모든 Kafka 스레드가 RUNNING 상태인 경우 건강 표시기의 상태는 UP입니다. 여러 개의 Kafka Streams 프로세서가 동일한 애플리케이션에 있는 경우 건강 검사는 모두 보고되며 Kafka Streams의 애플리케이션 ID별로 분류됩니다. (출처: https://docs.spring.io/spring-cloud-stream/docs/current/reference/htmlsingle/#_health_indicator)"
"스프링 부트 액추에이터 건강 엔드포인트에 대해 자세히 알아보려면 어디로 가야 하나요?","스프링 부트 액추에이터 건강 엔드포인트에 대한 자세한 내용은 다음 URL에서 확인할 수 있습니다: https://docs.spring.io/spring-boot/docs/current/reference/html/production-ready-endpoints.html#production-ready-health"
"Kafka Streams 바인더의 건강 표시기는 어떤 스레드 상태를 보고하나요?","Kafka Streams 바인더의 건강 표시기는 CREATED, RUNNING, PARTITIONS_REVOKED, PARTITIONS_ASSIGNED, PENDING_SHUTDOWN 및 DEAD 스레드 상태를 보고합니다. (출처: https://docs.spring.io/spring-cloud-stream/docs/current/reference/htmlsingle/#_health_indicator)"
"Spring Cloud Stream Kafka Streams 바인더에서 Kafka Streams 메트릭에 어떻게 엑세스할 수 있나요?","Spring Cloud Stream Kafka Streams 바인더는 Micrometer MeterRegistry를 통해 내보낼 수 있는 Kafka Streams 메트릭을 제공합니다. Spring Boot 버전 2.2.x에서는 바인더에서 사용자 정의 Micrometer 메트릭 구현을 통해 메트릭 지원을 제공합니다. Spring Boot 버전 2.3.x에서는 Kafka Streams 메트릭 지원이 Micrometer를 통해 기본적으로 제공됩니다. Boot actuator 엔드포인트를 통해 메트릭에 액세스하려면 management.endpoints.web.exposure.include 속성에 메트릭을 추가해야 합니다. 그런 다음 /actuator/metrics를 사용하여 사용 가능한 모든 메트릭 목록을 가져올 수 있으며, 동일한 URI(/actuator/metrics/<metric-name>)를 통해 개별 메트릭에 액세스할 수 있습니다. (출처: https://docs.spring.io/spring-cloud-stream/reference/kafka/kafka-streams-binder/accessing-metrics.html)"
"Spring Cloud Stream Kafka Streams 바인더에서 Spring Boot 버전 2.2.x의 메트릭 지원은 어떻게 구현되나요?","Spring Cloud Stream Kafka Streams 바인더에서 Spring Boot 버전 2.2.x의 메트릭 지원은 바인더에서 사용자 정의 Micrometer 메트릭 구현을 통해 제공됩니다. Spring Boot 버전 2.3.x에서는 Kafka Streams 메트릭 지원이 Micrometer를 통해 기본적으로 제공됩니다. Boot actuator 엔드포인트를 통해 메트릭에 액세스하려면 management.endpoints.web.exposure.include 속성에 메트릭을 추가해야 합니다. 그런 다음 /actuator/metrics를 사용하여 사용 가능한 모든 메트릭 목록을 가져올 수 있으며, 동일한 URI(/actuator/metrics/<metric-name>)를 통해 개별 메트릭에 액세스할 수 있습니다. (출처: https://docs.spring.io/spring-cloud-stream/reference/kafka/kafka-streams-binder/accessing-metrics.html)"
"Spring Cloud Stream Kafka Streams 바인더에서 Spring Boot 버전 2.3.x의 메트릭 지원은 어떻게 구현되나요?","Spring Cloud Stream Kafka Streams 바인더에서 Spring Boot 버전 2.3.x의 메트릭 지원은 Micrometer를 통해 기본적으로 제공됩니다. Boot actuator 엔드포인트를 통해 메트릭에 액세스하려면 management.endpoints.web.exposure.include 속성에 메트릭을 추가해야 합니다. 그런 다음 /actuator/metrics를 사용하여 사용 가능한 모든 메트릭 목록을 가져올 수 있으며, 동일한 URI(/actuator/metrics/<metric-name>)를 통해 개별 메트릭에 액세스할 수 있습니다. (출처: https://docs.spring.io/spring-cloud-stream/reference/kafka/kafka-streams-binder/accessing-metrics.html)"
"스프링 클라우드 스트림에서 카프카 스트림을 사용할 때, 두 가지 API 변형을 혼합하는 것이 어떤 이점이 있나요?","스프링 클라우드 스트림에서 카프카 스트림 바인더를 사용하면, 고수준 DSL과 프로세서 API를 혼합하여 사용할 수 있습니다. 이 혼합은 애플리케이션에서 다양한 사용 사례를 제어할 수 있는 많은 옵션을 제공합니다. 고수준 DSL은 많은 기능적 프로그래머에게 익숙한 다양한 작업을 연결할 수 있는 반면, 프로세서 API는 훨씬 더 낮은 수준에서 제어할 수 있는 기능을 제공합니다. transform 또는 process 메서드 API 호출을 사용하여 프로세서 API에 액세스할 수 있습니다. (출처: https://docs.spring.io/spring-cloud-stream/reference/htmlsingle/#kafka-streams-binder-mixing-high-level-dsl-and-low-level-processor-api)"
"스프링 클라우드 스트림에서 카프카 스트림 바인더를 사용하여 고수준 DSL과 프로세서 API를 혼합하는 방법은 무엇인가요?","스프링 클라우드 스트림에서 카프카 스트림을 사용할 때, 고수준 DSL과 프로세서 API를 혼합하려면, transform 또는 process 메서드를 사용하여 프로세서 API에 액세스할 수 있습니다. process API 메서드 호출은 터미널 작업이며, transform API는 비터미널이며, DSL 또는 프로세서 API를 사용하여 추가 처리를 계속할 수 있는 잠재적으로 변환된 KStream을 제공합니다. 다음은 transform API를 사용하여 혼합하는 예입니다: @Bean public Consumer<KStream<Object, String>> process() { return (input, a) -> input.transform(() -> new Transformer<Object, String, KeyValue<Object, String>>() { @Override public void init(ProcessorContext context) { } @Override public void close() { } @Override public KeyValue<Object, String> transform(Object key, String value) { // business logic - return transformed KStream; } }); } (출처: https://docs.spring.io/spring-cloud-stream/reference/htmlsingle/#kafka-streams-binder-mixing-high-level-dsl-and-low-level-processor-api)"
"Kafka Streams 프로세서에서 출력 파티셔닝을 어떻게 지정할 수 있나요?","출력 파티셔닝을 지정하기 위해 애플리케이션에서 `StreamPartitioner` 타입의 빈을 제공해야 합니다. `StreamPartitioner` 클래스에 대한 자세한 내용은 다음 Javadoc(https://kafka.apache.org/23/javadoc/org/apache/kafka/streams/processor/StreamPartitioner.html)을 참조하십시오."
"Spring Cloud Stream에서 출력 토픽의 파티셔닝을 구성하는 방법은 무엇인가요?","각 출력 토픽은 애플리케이션의 구성에서 `spring.cloud.stream.kafka.streams.bindings.{OUTPUT_CHANNEL_NAME}.producer.streamPartitionerBeanName` 속성을 사용하여 별도로 구성해야 합니다. 이 예제에서는 `spring.cloud.stream.kafka.streams.bindings.process-out-0.producer.streamPartitionerBeanName: streamPartitioner`입니다."
"Spring Cloud Stream과 함께 Kafka Streams에서 사용자 정의 파티셔닝 전략을 구현하는 방법은 무엇인가요?","`StreamPartitioner` 인터페이스를 구현하고 `StreamPartitioner<String, WordCount> streamPartitioner()` 메서드에 사용자 정의 로직을 포함해야 합니다. 이 예제에서는 키가 'spring', 'cloud', 'stream'인지 확인하고 해당 파티션으로 출력을 라우팅합니다. 키가 해당 값 중 하나가 아닌 경우 출력이 파티션 3으로 전송됩니다."
"StreamsBuilderFactoryBeanConfigurer를 사용하여 KafkaStreams의 상태를 사용자 정의하는 방법은 무엇인가요?","StreamsBuilderFactoryBeanConfigurer를 사용하여 StreamsBuilderFactoryBean을 가져온 다음 KafkaStreamsCustomzier를 사용하여 해당 KafkaStreams를 사용자 정의할 수 있습니다. 이 사용자 정의자는 팩토리 빈이 시작되기 직전에 바인더에 의해 호출됩니다. 이 사용자 정의자를 사용하여 StreamsBuilderFactoryBean에 전역 상태 저장소를 등록하고 생산 예외 처리기를 등록할 수도 있습니다. 다만, 애플리케이션 전체에서 StreamsBuilderFactoryBeanConfigurer는 하나만 있을 수 있습니다."
"Spring Cloud Stream에서 전역 상태 저장소를 등록하는 방법은 무엇인가요?","StreamsBuilderFactoryBeanConfigurer를 사용하여 KafkaStreamsInfrastructureCustomizer를 사용하여 StreamsBuilderFactoryBean에 전역 상태 저장소를 등록할 수 있습니다. 이를 통해 애플리케이션의 모든 스트림에 영향을 미치는 전역 상태 저장소를 등록할 수 있습니다. 다만, 애플리케이션 ID를 기반으로 필터링하여 올바른 StreamsBuilder에 상태 저장소를 첨부해야 합니다."
"Spring Cloud Stream에서 생산 예외 처리기를 등록하는 방법은 무엇인가요?","StreamsBuilderFactoryBeanConfigurer를 사용하여 StreamsBuilderFactoryBean에 생산 예외 처리기를 등록할 수 있습니다. 이를 통해 생산 예외를 처리할 수 있습니다. 다만, 애플리케이션 ID를 기반으로 필터링하여 올바른 StreamsBuilderFactoryBean에 적절하게 설정해야 합니다. 또한, 구성 속성을 사용하여 이러한 생산 예외 처리기를 추가할 수도 있지만, 이는 프로그래밍 방식의 접근 방식을 선택한 경우의 옵션입니다."
"Kafka Streams에서 소비자 레코드의 처리를 제어하기 위해 사용되는 기본 타임스탬프 메타데이터를 추출하는 추출기는 무엇인가요?","Kafka Streams는 소비자 레코드에 내장된 타임스탬프 메타데이터를 추출하는 추출기를 사용합니다."
"각 입력 바인딩에 대해 다른 TimestampExtractor 구현을 제공하여 기본 동작을 어떻게 변경할 수 있나요?","각 입력 바인딩에 대해 다른 TimestampExtractor 구현을 제공하여 기본 동작을 변경할 수 있습니다. 이를 위해 Bean을 생성하고 적절한 속성 설정에서 해당 Bean 이름을 설정합니다."
"입력 소비자 바인딩에 사용자 정의 타임스탬프 추출기를 설정하지 않으면 어떤 동작이 발생하나요?","입력 소비자 바인딩에 사용자 정의 타임스탬프 추출기를 설정하지 않으면 해당 소비자는 기본 설정을 사용합니다."
"스프링 클라우드 스트림에서 Kafka Streams 기반 바인더와 일반 Kafka 바인더를 함께 사용할 때, 어떤 제약이 있나요?","하나의 함수나 소비자 내에서 Kafka Streams 기반 프로세서와 일반 Kafka 바인더 기반 함수/소비자/공급자를 혼합하여 사용할 수 없습니다. 그러나 동일한 애플리케이션 내에서 두 가지 바인더 기반 컴포넌트를 함께 사용할 수 있습니다."
"스프링 클라우드 스트림에서 동일한 애플리케이션이 서로 다른 Kafka 클러스터를 처리할 때, 어떻게 구성해야 하나요?","이 시나리오에서는 Spring Cloud Stream에서 제공하는 다중 바인더 시설을 사용해야 합니다. 여러 클러스터에 대해 다른 바인더를 구성해야 합니다. 첫 번째 프로세서는 kafka1에서 데이터를 수신하고 kafka2에 게시하며, 두 바인더 모두 일반 Kafka 바인더를 기반으로 하지만 다른 클러스터를 사용합니다. 두 번째 프로세서는 Kafka Streams 프로세서이며, kafka3에서 데이터를 소비하며, 이는 kafka2와 동일한 클러스터이지만 다른 바인더 유형입니다."
"스프링 클라우드 스트림에서 서로 다른 클러스터를 처리하는 여러 프로세서가 있는 경우, 설정에 어떤 영향을 미치나요?","이 시나리오에서는 바인더를 명시적으로 제공하고 바인딩을 제공하여 다른 프로세서의 바인더 유형 및 클러스터와 구분해야 합니다. 예를 들어, kstream, ktable 및 globalktable과 같은 Kafka Streams 바인더 패밀리에서 세 가지 다른 바인더 유형이 있는 경우, 애플리케이션에서 이러한 바인더를 기반으로 하는 여러 바인딩이 있는 경우, 바인더 유형을 명시적으로 제공해야 합니다."
"Spring Kafka에서 생성이 멈췄을 때 로컬 상태가 삭제되나요?","아니요, 기본적으로 Spring Kafka에서 생성이 멈췄을 때 로컬 상태는 삭제되지 않습니다. 이 동작은 Spring Kafka 버전 2.7부터 적용됩니다. 자세한 내용은 Spring Kafka 문서(https://docs.spring.io/spring-kafka/reference/html/#streams-config)를 참조하세요. 이 동작을 수정하려면 CleanupConfig @Bean을 애플리케이션 컨텍스트에 추가하면 됩니다. 이 빈은 시작, 중지 또는 둘 다에서 정리하도록 구성할 수 있으며, 이 빈은 감지되어 팩토리 빈에 연결됩니다. (출처: https://docs.spring.io/spring-cloud-stream/reference/html/#streams-config)"
"Spring Kafka에서 생성 중지를 감지하고 어떻게 반응하나요?","Spring Kafka에서 생성 중지를 감지하고 CleanupConfig @Bean을 사용하여 로컬 상태 정리 동작을 수정할 수 있습니다. 이 빈은 시작, 중지 또는 둘 다에서 정리하도록 구성할 수 있으며, 이 빈은 애플리케이션 컨텍스트에서 감지되어 팩토리 빈에 연결됩니다. 자세한 내용은 Spring Kafka 문서(https://docs.spring.io/spring-kafka/reference/html/#streams-config)를 참조하세요. (출처: https://docs.spring.io/spring-cloud-stream/reference/html/#streams-config)"
"Spring Kafka에서 생성이 시작될 때 로컬 상태가 삭제되나요?","기본적으로 Spring Kafka에서 생성이 시작될 때 로컬 상태는 삭제되지 않습니다. 이 동작을 수정하려면 CleanupConfig @Bean을 애플리케이션 컨텍스트에 추가하고 시작 시 정리를 구성하면 됩니다. 이 빈은 감지되어 팩토리 빈에 연결됩니다. 자세한 내용은 Spring Kafka 문서(https://docs.spring.io/spring-kafka/reference/html/#streams-config)를 참조하세요. (출처: https://docs.spring.io/spring-cloud-stream/reference/html/#streams-config)"
"Kafka Streams 토폴로지 시각화를 위해 어떤 액추에이터 엔드포인트를 사용할 수 있나요?","Kafka Streams 바인더는 /actuator/kafkastreamstopology 및 /actuator/kafkastreamstopology/<application-id of the processor> 액추에이터 엔드포인트를 제공하여 외부 도구를 사용하여 토폴로지를 시각화할 수 있습니다. (출처: https://docs.spring.io/spring-cloud-stream/reference/kafka/kafka-streams-binder/topology-visualization.html)"
"Kafka Streams 토폴로지 시각화를 위한 액추에이터 엔드포인트에 액세스하려면 어떤 종속성을 포함해야 하나요?","이러한 엔드포인트에 액세스하려면 Spring Boot에서 액추에이터 및 웹 종속성을 포함해야 합니다. 또한, management.endpoints.web.exposure.include 속성에 kafkastreamstopology를 추가해야 합니다. (출처: https://docs.spring.io/spring-cloud-stream/reference/kafka/kafka-streams-binder/topology-visualization.html)"
"Kafka Streams 토폴로지 시각화를 위한 액추에이터 엔드포인트는 기본적으로 활성화되어 있나요?","아니요, 기본적으로 kafkastreamstopology 엔드포인트는 비활성화되어 있습니다. (출처: https://docs.spring.io/spring-cloud-stream/reference/kafka/kafka-streams-binder/topology-visualization.html)"
"스프링 클라우드 스트림의 카프카 스트림 바인더에서 이벤트 타입 기반 라우팅이란 무엇인가요?","이벤트 타입 기반 라우팅은 카프카 스트림 애플리케이션에서 라우팅 기능을 제공하는 기능입니다. 이를 통해 애플리케이션은 들어오는 레코드의 event_type 헤더를 확인하고, 해당 값이 설정된 경우에만 비즈니스 로직을 실행할 수 있습니다. 이러한 동작은 개별 바인딩에 대해 구성할 수 있으며, 기본적으로 헤더 키는 'event_type'으로 설정되어 있지만, 이를 'my_event'와 같은 다른 값으로 변경할 수도 있습니다. event routing 기능을 사용할 때, 바인더는 모든 들어오는 레코드를 바이트 배열 Serde를 사용하여 역직렬화합니다. 그러나 예상치 못한 역직렬화 예외를 피하기 위해, 바인더는 라우팅 이벤트에 대해 구성된 또는 추론된 Serde를 사용하도록 강제할 수 있습니다."
"스프링 클라우드 스트림의 카프카 스트림 바인더에서 process() 함수의 비즈니스 로직이 foo 또는 bar 이벤트 타입을 가진 레코드에만 실행되도록 하려면 어떻게 해야 하나요?","바인딩의 eventTypes 속성을 사용하여 들어오는 레코드의 event_type 헤더를 확인하도록 바인더를 구성할 수 있습니다. 예를 들어, 'spring.cloud.stream.kafka.streams.bindings.process-in-0.consumer.eventTypes=foo,bar'와 같이 설정할 수 있습니다. 그러면 바인더는 들어오는 레코드마다 event_type 헤더를 확인하고, foo 또는 bar 값이 설정되어 있는지 확인합니다. 이러한 값이 발견되지 않으면 함수 실행이 건너뛰어집니다."
"스프링 클라우드 스트림의 카프카 스트림 바인더에서 이벤트 라우팅 기능을 사용할 때 역직렬화 예외 처리기를 설정하는 데 어떤 문제가 발생할 수 있나요?","이벤트 라우팅 기능을 사용할 때, 바인더는 모든 들어오는 레코드를 바이트 배열 Serde를 사용하여 역직렬화합니다. 그러나 레코드 헤더가 이벤트 타입과 일치하는 경우에만 구성된 또는 추론된 Serde를 사용하여 적절한 역직렬화를 수행합니다. 이는 예상치 못한 역직렬화 예외를 피하기 위해 바인딩에 역직렬화 예외 처리기를 설정한 경우 문제가 발생할 수 있습니다. 이 문제를 해결하기 위해, 바인더는 라우팅 이벤트에 대해 구성된 또는 추론된 Serde를 사용하도록 강제할 수 있는 속성을 설정할 수 있습니다. 예를 들어, 'spring.cloud.stream.kafka.streams.bindings.process-in-0.consumer.useConfiguredSerdeWhenRoutingEvents=true'와 같이 설정할 수 있습니다. 이렇게 하면 애플리케이션이 이벤트 라우팅 기능을 사용할 때 역직렬화 문제를 즉시 감지하고 적절한 처리 결정을 내릴 수 있습니다."
"카프카 스트림 바인더에서 바인딩 시각화와 제어가 지원되는 버전은 무엇인가요?","카프카 스트림 바인더에서 바인딩 시각화와 제어는 3.1.2 버전부터 지원됩니다."
"카프카 스트림 바인더에서 지원되는 라이프사이클 단계는 무엇인가요?","카프카 스트림 바인더에서는 STOPPED와 STARTED 두 가지 라이프사이클 단계만 지원됩니다. PAUSED와 RESUMED 단계는 사용할 수 없습니다."
"카프카 스트림 바인더에서 바인딩 시각화와 제어를 활성화하려면 어떤 의존성을 포함해야 하나요?","카프카 스트림 바인더에서 바인딩 시각화와 제어를 활성화하려면 'spring-boot-starter-actuator'와 'spring-boot-starter-web' 또는 'spring-boot-starter-webflux' 의존성을 포함해야 합니다."
"Spring Cloud Stream Kafka Streams binder에서 StreamsBuilderFactoryManager는 어떤 역할을 하나요?","Spring Cloud Stream Kafka Streams binder의 StreamsBuilderFactoryManager는 Spring for Apache Kafka의 StreamsBuilderFactoryBean를 추상화한 개념으로, binder 기반 애플리케이션에서 프로세서 당 여러 StreamsBuilderFactoryBean을 제어하는 데 사용됩니다. 이는 애플리케이션에서 다양한 StreamsBuilderFactoryBean 개체의 자동 시작을 수동으로 제어하는 데 사용됩니다. (출처: https://docs.spring.io/spring-cloud-stream/reference/htmlsingle/)"
"Spring Cloud Stream Kafka Streams binder에서 Kafka Streams 프로세서의 자동 시작을 비활성화하는 방법은 무엇인가요?","Spring Cloud Stream Kafka Streams binder에서 Kafka Streams 프로세서의 자동 시작을 비활성화하려면 spring.kafka.streams.auto-startup 속성을 false로 설정하면 됩니다. 그런 다음, 애플리케이션에서 StreamsBuilderFactoryManager를 사용하여 프로세서를 수동으로 시작할 수 있습니다. (출처: https://docs.spring.io/spring-cloud-stream/reference/htmlsingle/)"
"Spring Cloud Stream Kafka Streams binder에서 Kafka Streams 프로세서의 자동 시작을 비활성화하는 이유는 무엇인가요?","Spring Cloud Stream Kafka Streams binder에서 Kafka Streams 프로세서의 자동 시작을 비활성화하는 이유는 애플리케이션이 메인 스레드에서 시작되고 Kafka Streams 프로세서가 별도로 시작되도록 하기 위함입니다. 특히, 복원해야 할 큰 상태 저장소가 있는 경우, 기본 경우처럼 프로세서가 정상적으로 시작되면 애플리케이션 시작이 차단될 수 있습니다. (출처: https://docs.spring.io/spring-cloud-stream/reference/htmlsingle/)"
"스프링 클라우드 스트림에서 Kafka Streams 프로세서를 수동으로 선택적으로 시작하는 방법은 무엇인가요?","스프링 클라우드 스트림에서 Kafka Streams 프로세서를 수동으로 선택적으로 시작하려면, StreamsBuilderFactoryManager를 통해 auto-startup을 false로 설정하고, 해당 Kafka Streams 프로세서의 개별 바인딩에 대해 auto-startup을 설정해야 합니다. 그런 다음, REST 엔드포인트 또는 BindingsEndpoint API를 사용하여 Kafka Streams 프로세서를 수동으로 시작할 수 있습니다. 또한, Spring Boot actuator 종속성이 클래스패스에 있는지 확인해야 합니다."
"스프링 클라우드 스트림에서 바인딩을 제어하여 자동 시작을 비활성화하는 방법은 무엇인가요?","스프링 클라우드 스트림에서 바인딩을 제어하여 자동 시작을 비활성화하려면, spring.cloud.stream.bindings.[바인딩_이름].consumer.auto-startup: false 속성을 설정해야 합니다. 이를 통해 바인딩을 수동으로 시작하거나 중지할 수 있습니다. 이 메커니즘에 대한 자세한 내용은 참조 문서의 바인딩 시각화 및 제어 섹션을 참조하십시오."
"스프링 클라우드 스트림에서 Kafka Streams 프로세서를 수동으로 시작하는 데 영향을 주지 않는 바인딩 유형은 무엇인가요?","스프링 클라우드 스트림에서 Kafka Streams 프로세서를 수동으로 시작하는 데 영향을 주지 않는 바인딩 유형은 생산자 바인딩입니다. 생산자 바인딩은 소비자 바인딩과 동일한 StreamsBuilderFactoryBean을 사용하더라도 Kafka Streams 프로세서의 자동 시작을 비활성화하는 데 아무런 영향을 주지 않습니다."
"Spring Cloud Stream Kafka Streams 바인더 기반 애플리케이션에서 Spring Cloud Sleuth를 사용하여 트레이싱을 활성화하려면 어떻게 해야 하나요?","Spring Cloud Stream Kafka Streams 바인더 기반 애플리케이션에서 Spring Cloud Sleuth를 사용하여 트레이싱을 활성화하려면 Spring Cloud Sleuth를 클래스패스에 추가하면 됩니다. 이렇게 하면 소비자의 경우 입력 레코드를 처리하는 동안 트레이싱 정보가 자동으로 추가되고, 프로듀서의 경우 출력 레코드를 Kafka로 보내는 동안 트레이싱 정보가 자동으로 추가됩니다. 애플리케이션에서 Spring Cloud Sleuth의 KafkaStreamsTracing 빈을 주입한 다음 이 주입된 빈을 통해 Kafka Streams 작업을 호출하여 애플리케이션 특정 작업에 대한 트레이싱을 명시적으로 추가할 수도 있습니다. 예를 들어, transformValues 메서드를 사용하여 키/값 정보를 로그에 기록하고, map 메서드를 사용하여 맵 작업을 호출하는 대신 transform 메서드를 사용하여 맵 작업을 호출할 수 있습니다. 이렇게 하면 로그 메시지에 스팬 ID와 트레이스 ID가 포함됩니다."
"Kafka Streams 헤더에 액세스하기 위해 저수준 변환기 API를 사용하는 방법은 무엇인가요?","Kafka Streams 헤더에 액세스하기 위해 저수준 변환기 API를 사용하려면 transform 메서드를 사용하여 변환기를 정의하고, 프로세서 컨텍스트를 통해 헤더에 액세스하는 메서드를 추가합니다. 그런 다음 transform 메서드를 사용하여 변환기를 호출하면 됩니다. Spring Cloud Sleuth가 클래스패스에 있는 경우, 이 방법을 사용하여 트레이싱 헤더에 액세스할 수도 있습니다. 예를 들어, headers 메서드를 사용하여 헤더에 액세스하고, context를 통해 헤더에 액세스하는 메서드를 추가할 수 있습니다."
"Spring Cloud Stream Kafka Streams 바인더 기반 애플리케이션에서 트레이싱을 구성하려면 어떤 설정이 필요한가요?","Spring Cloud Stream Kafka Streams 바인더 기반 애플리케이션에서 트레이싱을 구성하려면 Spring Cloud Sleuth의 KafkaStreamsTracing 빈을 주입한 다음 이 주입된 빈을 통해 Kafka Streams 작업을 호출해야 합니다. 또한, 애플리케이션의 로그 레벨을 INFO 이상으로 설정해야 하며, 트레이싱을 모니터링하기 위해 적절한 모니터링 시스템을 구성해야 합니다. 예를 들어, Spring Cloud Sleuth의 KafkaStreamsTracing 빈을 사용하여 userClicksStream 및 userRegionsTable의 키/값 정보를 로그에 기록할 수 있습니다. 또한, transform 및 map 메서드를 사용하여 스팬 ID 및 트레이스 ID를 포함할 수 있습니다."
"Spring Cloud Stream에서 Kafka topic에서 레코드를 처리하는 소비자 애플리케이션을 작성하는 방법은 무엇인가요?","Spring Cloud Stream에서 Kafka topic에서 레코드를 처리하는 소비자 애플리케이션을 작성하려면, @Bean 어노테이션을 사용하여 processor 함수를 정의하고, spring.cloud.stream 속성을 사용하여 바인딩 및 Kafka 설정을 구성할 수 있습니다. 또한, 필요한 경우 retry 옵션 및 DLQ 설정을 구성할 수도 있습니다. (출처: https://docs.spring.io/spring-cloud-stream/reference/htmlsingle/)"
"Spring Cloud Stream에서 메시지 키를 레코드의 일부로 보내는 방법은 무엇인가요?","Spring Cloud Stream에서 메시지 키를 레코드의 일부로 보내려면, MessageBuilder를 사용하여 Message 객체를 생성하고, KafkaHeaders.MESSAGE_KEY 헤더를 사용하여 키를 설정하면 됩니다. 또한, 속성을 설정하여 메시지 키를 나타내는 표현식을 지정할 수도 있습니다. (출처: https://docs.spring.io/spring-cloud-stream/reference/htmlsingle/)"
"Spring Cloud Stream에서 Kafka Streams binder에서 offset resetting이 어떻게 작동하는지 설명해주세요.","Spring Cloud Stream에서 Kafka Streams binder를 사용할 때, 새로운 소비자에 대해 기본적으로 가장 초기 오프셋부터 시작합니다. 그러나, 특정 요구 사항에 따라 최신 오프셋부터 시작하려면, spring.cloud.stream.kafka.streams.bindings.<binding-name>.consumer.startOffset 속성을 latest로 설정하면 됩니다. 그러나, 커밋된 오프셋이 있는 경우, 이러한 설정은 존중되지 않으며 커밋된 오프셋이 우선합니다. (출처: https://docs.spring.io/spring-cloud-stream/reference/htmlsingle/)"
"스프링 클라우드 스트림에서 RabbitMQ 바인더를 사용하려면 어떻게 해야 하나요?","스프링 클라우드 스트림 애플리케이션에 RabbitMQ 바인더를 사용하려면 다음 Maven 코디네이트를 사용하여 바인더를 포함시킬 수 있습니다: <dependency> <groupId>org.springframework.cloud</groupId> <artifactId>spring-cloud-stream-binder-rabbit</artifactId> </dependency> 또는 다음과 같이 Spring Cloud Stream RabbitMQ Starter를 사용할 수도 있습니다: <dependency> <groupId>org.springframework.cloud</groupId> <artifactId>spring-cloud-starter-stream-rabbit</artifactId> </dependency> (출처: <https://docs.spring.io/spring-cloud-stream/reference/rabbit/rabbit_overview.html>)"
"RabbitMQ 바인더에서 dead-letter queue(DLQ)는 어떻게 작동하나요?","RabbitMQ 바인더에서 DLQ는 retry가 활성화되어 있고(maxAttempts > 1) retry가 소진된 후 실패한 메시지를 전달합니다. retry가 비활성화되어 있는 경우(maxAttempts = 1) requeueRejected를 false(기본값)로 설정하여 메시지가 다시 대기열에 대기하는 대신 DLQ로 라우팅되도록 해야 합니다. 또한 republishToDlq는 실패한 메시지를 DLQ로 게시(거부 대신)합니다. 이 옵션을 사용하면 메시지에 추가 정보(예: x-exception-stacktrace 헤더의 스택 추적)가 헤더로 추가됩니다. 자세한 내용은 dead-letter queue processing(rabbit_dlq.html)을 참조하십시오. (출처: <https://docs.spring.io/spring-cloud-stream/reference/rabbit/rabbit_overview.html>)"
"스프링 클라우드 스트림 애플리케이션에서 여러 개의 RabbitMQ 바인더를 사용하는 경우 어떤 주의사항이 있나요?","스프링 클라우드 스트림 애플리케이션에서 여러 개의 RabbitMQ 바인더를 사용할 때, 두 바인더에 대한 동일한 구성이 RabbitAutoConfiguration에서 적용되지 않도록 'RabbitAutoConfiguration'을 비활성화하는 것이 중요합니다. @SpringBootApplication 어노테이션을 사용하여 클래스를 제외할 수 있습니다. (출처: <https://docs.spring.io/spring-cloud-stream/reference/rabbit/rabbit_overview.html>)"
"RabbitMQ 바인더는 Spring Boot의 ConnectionFactory를 사용합니까?","네, RabbitMQ 바인더는 기본적으로 Spring Boot의 ConnectionFactory를 사용합니다. (출처: https://docs.spring.io/spring-cloud-stream/reference/rabbit/rabbit_overview/binder-properties.html)"
"RabbitMQ 바인더는 어떤 구성을 지원합니까?","RabbitMQ 바인더는 Spring Boot의 RabbitMQ에 대한 모든 구성 옵션을 지원합니다. RabbitMQ 구성 옵션은 spring.rabbitmq 접두사를 사용합니다. (출처: https://docs.spring.io/spring-cloud-stream/reference/rabbit/rabbit_overview/binder-properties.html)"
"spring.cloud.stream.rabbit.binder.adminAddresses 속성은 어떤 용도로 사용됩니까?","spring.cloud.stream.rabbit.binder.adminAddresses 속성은 RabbitMQ 관리 플러그인 URL의 쉼표로 구분된 목록입니다. 노드에는 하나 이상의 항목이 포함되어 있는 경우에만 사용됩니다. 이 목록의 각 항목은 spring.rabbitmq.addresses에 해당하는 항목이 있어야 합니다. RabbitMQ 클러스터를 사용하고 큐를 호스팅하는 노드에서 소비하려는 경우에만 필요합니다. 자세한 내용은 큐 어피니티 및 LocalizedQueueConnectionFactory(https://docs.spring.io/spring-amqp/reference/html/_reference.html#queue-affinity)를 참조하십시오. 기본값: 공백입니다. (출처: https://docs.spring.io/spring-cloud-stream/reference/rabbit/rabbit_overview/binder-properties.html)"
"RabbitMQ 소비자 속성에서 'default' 접두사를 사용하는 목적은 무엇인가요?","RabbitMQ 소비자 속성에서 'default' 접두사는 모든 바인딩에 적용할 값을 설정하는 데 사용됩니다. 바인딩별 속성은 해당 바인딩에 대한 기본값을 덮어쓰므로, 특정 바인딩에 대한 기본값을 재정의할 수 있습니다. 이 방식은 RabbitMQ 소비자 속성을 더 유연하게 구성할 수 있도록 도와줍니다."
"RabbitMQ 소비자 속성에서 'acknowledgeMode' 속성의 기본값은 무엇인가요?","RabbitMQ 소비자 속성에서 'acknowledgeMode' 속성의 기본값은 'AUTO'입니다. 이 모드에서는 소비자가 메시지를 처리한 후, 브로커에게 자동으로 메시지를 확인합니다. 소비자가 메시지를 처리하지 않은 경우 브로커에게 메시지를 다시 전송하여 처리할 수 있습니다."
"RabbitMQ 소비자 속성에서 'deadLetterQueueName' 속성은 어떤 용도로 사용되나요?","RabbitMQ 소비자 속성에서 'deadLetterQueueName' 속성은 데드 레터 큐의 이름을 설정하는 데 사용됩니다. 메시지가 최대 재시도 횟수를 초과하거나, 오류 처리에 실패한 경우, 해당 메시지는 데드 레터 큐로 전송되어 처리되지 않은 메시지를 모니터링할 수 있습니다. 이 속성은 기본적으로 'prefix+destination.dlq'로 설정됩니다."
"Spring Cloud Stream에서 RabbitMQ 프로듀서 속성에 대해 어떻게 설정할 수 있나요?","Spring Cloud Stream에서 RabbitMQ 프로듀서 속성을 설정하려면, spring.cloud.stream.rabbit.bindings.<channelName>.producer. 접두사를 사용하여 설정해야 합니다. 채널에 대한 기본값을 설정하려면, spring.cloud.stream.rabbit.default.<property>=<value> 형식을 사용할 수 있습니다. 또한, 바인딩별 속성은 디폴트의 동등한 속성을 덮어씁니다. 자세한 정보와 사용 가능한 속성 목록은 다음 링크를 참조하십시오: <https://docs.spring.io/spring-cloud-stream/reference/rabbit/rabbit_overview/prod-props.html>"
"Spring Cloud Stream에서 RabbitMQ를 사용하여 메시지 일괄 처리를 활성화하는 방법은 무엇인가요?","Spring Cloud Stream에서 RabbitMQ를 사용하여 메시지 일괄 처리를 활성화하려면, spring.cloud.stream.rabbit.bindings.<channelName>.producer.batchingEnabled 속성을 true로 설정해야 합니다. 또한, batchSize, batchBufferLimit, batchTimeout 속성을 조정하여 일괄 처리 동작을 사용자 정의할 수 있습니다. 자세한 정보와 속성 목록은 다음 링크를 참조하십시오: <https://docs.spring.io/spring-cloud-stream/reference/rabbit/rabbit_overview/prod-props.html>"
"Spring Cloud Stream에서 RabbitMQ의 데드 레터 큐(DLQ)를 구성하는 방법은 무엇인가요?","Spring Cloud Stream에서 RabbitMQ의 데드 레터 큐(DLQ)를 구성하려면, spring.cloud.stream.rabbit.bindings.<channelName>.producer.deadLetterQueueName, deadLetterExchange, deadLetterExchangeType, deadLetterRoutingKey 속성을 설정해야 합니다. 또한, autoBindDlq 속성을 true로 설정하여 DLQ를 자동으로 선언하고 바인딩할 수 있습니다. 자세한 정보와 속성 목록은 다음 링크를 참조하십시오: <https://docs.spring.io/spring-cloud-stream/reference/rabbit/rabbit_overview/prod-props.html>"
"Spring Cloud Stream에서 Listener Container Customizer를 추가하는 방법은 무엇인가요?","Spring Cloud Stream에서 Listener Container Customizer를 추가하려면, ListenerContainerCustomizer 유형의 단일 빈을 애플리케이션 컨텍스트에 추가해야 합니다. 바인더 및 바인딩 속성이 설정된 후 커스터마이저가 호출됩니다. 커스터마이저(configure() 메서드)는 큐 이름과 소비자 그룹을 인수로 받습니다. (출처: https://docs.spring.io/spring-cloud-stream/reference/rabbit/rabbit_overview/advanced-listener-container-configuration.html)"
"Spring Cloud Stream에서 Listener Container Customizer를 사용하는 목적은 무엇인가요?","Spring Cloud Stream에서 Listener Container Customizer를 사용하는 목적은 바인더 또는 바인딩 속성으로 노출되지 않는 리스너 컨테이너 속성을 설정하기 위함입니다. (출처: https://docs.spring.io/spring-cloud-stream/reference/rabbit/rabbit_overview/advanced-listener-container-configuration.html)"
"Spring Cloud Stream에서 Listener Container Customizer를 호출하기 전에 어떤 단계가 진행되나요?","Spring Cloud Stream에서 Listener Container Customizer를 호출하기 전에 바인더 및 바인딩 속성이 설정됩니다. (출처: https://docs.spring.io/spring-cloud-stream/reference/rabbit/rabbit_overview/advanced-listener-container-configuration.html)"
"버전 3.0.1부터 RabbitMQ의 새로운 기능을 어떻게 활성화할 수 있나요?","버전 3.0.1부터 RabbitMQ의 새로운 기능은 DeclarableCustomizer 빈을 애플리케이션 컨텍스트에 추가하여 Declarable (Queue, Exchange 또는 Binding)을 선언하기 직전에 수정하여 활성화할 수 있습니다. 이를 통해 바인더에서 직접 지원하지 않는 인수를 추가할 수 있습니다. 출처: <https://docs.spring.io/spring-cloud-stream/reference/rabbit/rabbit_overview/advanced-binding-configuration.html>"
"RabbitMQ의 새로운 기능을 활성화하는 방법은 무엇인가요?","일반적으로 RabbitMQ의 새로운 기능은 큐를 선언할 때 일부 인수를 설정하여 활성화됩니다. 그러나 바인더에서 즉시 사용할 수 없을 수도 있습니다. 버전 3.0.1부터 DeclarableCustomizer 빈을 사용하여 Declarable을 수정하여 바인더에서 직접 지원하지 않는 인수를 추가할 수 있습니다. 출처: <https://docs.spring.io/spring-cloud-stream/reference/rabbit/rabbit_overview/advanced-binding-configuration.html>"
"RabbitMQ의 새로운 기능을 직접 지원하지 않는 바인더에서 어떻게 사용할 수 있나요?","버전 3.0.1부터 DeclarableCustomizer 빈을 사용하여 Declarable을 수정하여 바인더에서 직접 지원하지 않는 인수를 추가할 수 있습니다. 이를 통해 RabbitMQ의 새로운 기능을 사용할 수 있습니다. 출처: <https://docs.spring.io/spring-cloud-stream/reference/rabbit/rabbit_overview/advanced-binding-configuration.html>"
"RabbitMQ 바인더에서 소비자 바인딩에서 처리되는 일괄 처리 유형은 무엇인가요?","생산자 바인딩에서 생성된 일괄 처리와 소비자 측에서 생성된 일괄 처리 두 가지 유형이 있습니다."
"RabbitMQ 바인더에서 소비자 측 일괄 처리를 구성하려면 어떤 속성을 설정해야 하나요?","spring.cloud.stream.bindings.<name>.consumer.batch-mode 속성을 true로 설정하고, spring.cloud.stream.rabbit.bindings.<name>.consumer.enable-batching 속성을 true로 설정해야 합니다."
"RabbitMQ 바인더에서 소비자 측 일괄 처리에서 일괄 처리 크기와 수신 시간 제한 속성은 어떻게 사용되나요?","일괄 처리 크기는 일괄 처리의 메시지 수를 지정하고, 수신 시간 제한은 새로운 메시지가 없는 경우 짧은 일괄 처리가 전달되는 시간 제한을 지정합니다."
"RabbitMQ에서 message publisher confirm을 지원하는 두 가지 메커니즘은 무엇인가요?","RabbitMQ에서 message publisher confirm을 지원하는 두 가지 메커니즘은 'legacy' 메커니즘과 3.1 버전에서 추가된 'preferred' 메커니즘입니다. 'legacy' 메커니즘은 confirmAckChannel을 설정하여 비동기적으로 확인을 검색할 수 있는 메시지 채널의 빈 이름으로 설정하는 것이고, 'preferred' 메커니즘은 correlation data 헤더를 사용하고 Future<Confirm> 속성을 통해 결과를 기다리는 것입니다."
"RabbitMQ에서 message publisher confirm을 위한 'preferred' 메커니즘을 사용하는 장점은 무엇인가요?","RabbitMQ에서 message publisher confirm을 위한 'preferred' 메커니즘을 사용하는 장점은 모든 메시지를 기다리고 결과를 받을 때까지 기다릴 필요 없이 일괄 처리 리스너와 함께 사용할 수 있으며, 여러 메시지를 보낸 후 결과를 기다릴 수 있다는 것입니다."
"Spring Cloud Stream에서 RabbitMQ 메시지 publisher confirm을 효과적으로 구현하려면 어떻게 해야 하나요?","Spring Cloud Stream에서 RabbitMQ 메시지 publisher confirm을 효과적으로 구현하려면 connection factory의 publisherConfirmType을 ConfirmType.CORRELATED로 설정하고, useConfirmHeader 속성을 true로 설정하며, correlation data에 고유한 ID를 제공하여 결과를 받을 때까지 기다려야 합니다."
"RabbitMQ Stream Plugin을 사용하기 위해 어떤 JAR 파일을 클래스 패스에 추가해야 하나요?","spring-rabbit-stream JAR 파일을 클래스 패스에 추가해야 합니다. 이 파일은 spring-amqp 및 spring-rabbit과 동일한 버전이어야 합니다. (출처: https://docs.spring.io/spring-cloud-stream/reference/htmlsingle/)"
"RabbitMQ Stream Plugin에서 concurrency는 어떤 유형에서만 지원되나요?","RabbitMQ Stream Plugin에서 concurrency는 super streams에서만 지원됩니다. (출처: https://docs.spring.io/spring-cloud-stream/reference/htmlsingle/)"
"Super Streams에서 인스턴스의 수를 어떻게 구성할 수 있나요?","Super Streams에서 인스턴스의 수는 spring.cloud.stream.bindings.input-in-0.consumer.instance-count 속성을 사용하여 구성할 수 있습니다. 예를 들어, 3개의 인스턴스를 구성하려면 이 속성을 3으로 설정하면 됩니다. (출처: https://docs.spring.io/spring-cloud-stream/reference/htmlsingle/)"
"Spring에서 RabbitMQ Stream Plugin을 사용하려면 어떤 jar를 class path에 추가해야 하나요?","spring-rabbit-stream jar를 class path에 추가해야 합니다."
"Stream ProducerType을 사용하도록 binder를 구성하려면 어떤 Spring Boot 설정을 사용해야 하나요?","Spring Boot는 application properties에서 Environment @Bean을 구성합니다."
"RabbitMQ Super Streams를 사용하면 어떤 장점이 있나요?","자동으로 scale-up/scale-down이 가능하며, 슈퍼 스트림의 각 파티션에서 단일 활성 소비자만 사용할 수 있습니다."
"Spring Cloud Stream에서 RabbitMQ를 사용하여 DLQ(Dead Letter Queue)를 설정하는 방법은 무엇인가요?","Spring Cloud Stream에서 RabbitMQ를 사용하여 DLQ를 설정하려면, 구성된 교환기에 `auto-bind-dlq`와 `dead-letter-exchange` 속성을 true로 설정해야 합니다. 그런 다음, `dead-letter-routing-key` 속성을 사용하여 DLQ로 메시지를 라우팅하는 라우팅 키를 지정할 수 있습니다. 이 예제에서는 `consumerGroup`이 라우팅 키로 사용됩니다. 또한, `dlq-ttl` 속성을 사용하여 메시지가 DLQ에 머무르는 시간을 설정할 수 있습니다. 이 예제에서는 5초입니다. 메시지가 DLQ에 5초 동안 머무르면, 교환기는 큐 이름을 라우팅 키로 사용하여 원래 큐로 메시지를 라우팅합니다. `x-dead-letter` 헤더의 `count` 속성은 Long으로, 메시지가 거부된 횟수를 나타냅니다."
"Spring Cloud Stream에서 RabbitMQ를 사용할 때, 메시지가 DLQ로 라우팅되는 경우는 어떤 경우인가요?","Spring Cloud Stream에서 RabbitMQ를 사용할 때, 메시지가 4번의 재시도 후에도 처리되지 않으면, 메시지는 DLQ로 라우팅됩니다. 이는 `max-attempts` 속성을 1로 설정하여 비동기 재시도를 비활성화하는 것으로 확인할 수 있습니다. `x-dead-letter` 헤더의 `count` 속성은 Long으로, 메시지가 거부된 횟수를 나타냅니다."
"Spring Cloud Stream에서 RabbitMQ를 사용하여 메시지와 함께 전송되는 `x-dead-letter` 헤더의 역할은 무엇인가요?","Spring Cloud Stream에서 RabbitMQ를 사용하여 메시지와 함께 전송되는 `x-dead-letter` 헤더는 메시지의 거부 횟수를 추적하는 데 사용됩니다. `x-dead-letter` 헤더의 `count` 속성은 Long으로, 메시지가 거부된 횟수를 나타냅니다. 이 예제에서는 `count` 속성이 3에 도달하면 메시지를 DLQ로 라우팅하지 않고 실행을 중단합니다."
"RabbitMQ 바인더가 예외를 오류 채널로 보내는 이유는 무엇인가요?","버전 1.3부터 RabbitMQ 바인더는 각 소비자 대상에 대해 예외를 무조건적으로 오류 채널로 보내고, 비동기 프로듀서 전송 실패를 오류 채널로 보내도록 구성할 수 있습니다. 자세한 내용은 'Error Handling(../../spring-cloud-stream/overview-error-handling.html)'을 참조하세요. (출처: https://docs.spring.io/spring-cloud-stream/reference/rabbit/rabbit_overview/error-channels.html)"
"RabbitMQ에서 반환된 메시지와 부정적으로 확인된 Publisher Confirms의 차이점은 무엇인가요?","RabbitMQ에는 반환된 메시지와 부정적으로 확인된 Publisher Confirms 두 가지 유형의 전송 실패가 있습니다. 후자는 드물게 발생합니다. RabbitMQ 문서에 따르면 '[A nack] will only be delivered if an internal error occurs in the Erlang process responsible for a queue.'. 반환된 메시지는 전송에 실패한 spring-messaging Message<?>를 페이로드로 갖는 ReturnedAmqpMessageException을 가지고 있습니다. 부정적으로 확인된 확인은 전송에 실패한 spring-messaging Message<?>를 페이로드로 갖는 NackedAmqpMessageException을 가지고 있습니다. (출처: https://docs.spring.io/spring-cloud-stream/reference/rabbit/rabbit_overview/error-channels.html)"
"RabbitMQ 바인더가 프로듀서 오류 채널로 메시지를 보내도록 구성하는 방법은 무엇인가요?","프로듀서 오류 채널을 활성화하고(‘Error Handling(../../spring-cloud-stream/overview-error-handling.html)’에 설명된 대로), RabbitMQ 바인더는 연결 팩토리가 다음과 같이 적절하게 구성된 경우에만 채널로 메시지를 보냅니다. ccf.setPublisherConfirms(true); ccf.setPublisherReturns(true); Spring Boot 구성을 사용하여 연결 팩토리를 구성할 때 다음 속성을 설정합니다. spring.rabbitmq.publisher-confirms spring.rabbitmq.publisher-returns. (출처: https://docs.spring.io/spring-cloud-stream/reference/rabbit/rabbit_overview/error-channels.html)"
"Spring Cloud Stream에서 RabbitMQ를 사용하여 파티셔닝을 구성하는 방법은 무엇인가요?","Spring Cloud Stream의 RabbitMessageChannelBinder를 사용하면 RabbitMQ에서 파티셔닝을 구성할 수 있습니다. 각 파티션에 대한 큐를 대상 교환에 바인딩하여 파티셔닝을 구현할 수 있습니다. 프로듀서는 partition-count 및 partition-key-expression 속성을 구성하여 파티셔닝을 활성화해야 합니다. 소비자 구성은 required-groups 속성을 설정하여 프로듀서 배포 시 소비자 큐가 프로비저닝되도록 해야 합니다. RabbitMessageChannelBinder는 동적 스케일링을 지원하지 않으며, 각 파티션에 대해 적어도 하나의 소비자가 있어야 합니다."
"RabbitMQ에서 파티셔닝을 구현할 때 key 해싱 알고리즘을 어떻게 사용자 정의할 수 있나요?","RabbitMQ에서 기본 키 해싱 알고리즘을 사용자 정의하려면 partitionSelectorExpression 또는 partitionSelectorClass 속성을 사용해야 합니다. 이러한 속성을 사용하면 기본 key.hashCode() % partitionCount 알고리즘을 재정의하고 사용자 정의 파티셔닝 전략을 구현할 수 있습니다."
"RabbitMQ에서 파티셔닝을 사용할 때 그룹 속성의 목적은 무엇인가요?","RabbitMQ에서 파티셔닝을 사용할 때 group 속성은 소비자 큐를 그룹화하여 사용하는 데 사용됩니다. group 속성을 사용하면 동일한 그룹에 속하는 소비자들이 동일한 파티션의 메시지를 처리할 수 있습니다. group 속성은 프로듀서 및 소비자 구성 모두에 설정해야 합니다."
"Rabbit Binder Health Indicator는 어떻게 작동하나요?","Rabbit Binder Health Indicator는 Spring Boot에서 제공하는 것을 사용합니다. 자세한 내용은 다음 링크를 참조하세요: https://docs.spring.io/spring-boot/docs/current/reference/htmlsingle/#actuator.endpoints.health.auto-configured-health-indicators"
"Rabbit Binder Health Indicator를 비활성화하는 방법은 무엇인가요?","Rabbit Binder Health Indicator를 비활성화하려면 management.health.binders.enabled 속성을 사용하여 false로 설정하면 됩니다. 이는 Rabbit Binder의 환경 속성에서 설정해야 합니다."
"Spring Boot 수준에서 Rabbit Health Indicator를 비활성화하는 방법은 무엇인가요?","Spring Boot 수준에서 Rabbit Health Indicator를 비활성화하려면 management.health.rabbit.enabled 속성을 사용하여 false로 설정하면 됩니다."
"Spring Cloud Stream의 Apache Pulsar 바인더는 어떤 기능을 제공하나요?","Spring Cloud Stream의 Apache Pulsar 바인더는 pub-sub 패러다임을 사용하여 이벤트 기반 마이크로서비스를 구축할 수 있는 기능을 제공합니다. 이 바인더를 사용하면 애플리케이션이 Pulsar의 세부 사항을 관리하는 대신 비즈니스 로직에 집중할 수 있습니다. Spring Cloud Stream은 Spring Cloud Function을 기반으로 한 강력한 프로그래밍 모델을 제공하여 개발자가 함수형 스타일을 사용하여 복잡한 이벤트 기반 애플리케이션을 작성할 수 있습니다."
"Maven에서 Spring Cloud Stream의 Apache Pulsar 바인더를 어떻게 포함시키나요?","Maven에서 Spring Cloud Stream의 Apache Pulsar 바인더를 포함시키기 위해 애플리케이션에 다음 의존성을 추가하면 됩니다: <dependency><groupId>org.springframework.pulsar</groupId><artifactId>spring-pulsar-spring-cloud-stream-binder</artifactId></dependency>"
"Spring Cloud Stream의 Apache Pulsar 바인더에서 네이티브 인코딩 및 디코딩을 사용하려면 어떻게 해야 하나요?","Spring Cloud Stream의 Apache Pulsar 바인더에서 네이티브 인코딩 및 디코딩을 사용하려면 바인딩 수준의 속성인 spring.cloud.stream.bindings.<binding-name>.producer.use-native-encoding 및 spring.cloud.stream.bindings.<binding-name>.consumer.use-native-decoding를 true로 설정해야 합니다. 또한, pulsar.bindings.<binding-name>.producer|consumer.schema-type 및 pulsar.bindings.<binding-name>.producer|consumer.message-type 속성을 사용하여 스키마 및 메시지 유형 정보를 제공해야 합니다."
"Solace Spring Cloud에서 Solace PubSub+에 대한 Spring Cloud Stream 바인더는 무엇인가요?","Solace Spring Cloud에서 Solace PubSub+에 대한 Spring Cloud Stream 바인더는 'solace-spring-cloud-stream-starter'입니다. (출처: https://github.com/SolaceProducts/solace-spring-cloud/tree/master/solace-spring-cloud-starters/solace-spring-cloud-stream-starter#spring-cloud-stream-binder-for-solace-pubsub)"
"Solace Spring Cloud에서 Spring Cloud Stream 바인더를 사용하려면 어떤 버전을 사용해야 하나요?","Solace Spring Cloud에서 Spring Cloud Stream 바인더를 사용하려면 3.1.0.RELEASE 이상의 버전을 사용해야 합니다. (출처: https://github.com/SolaceProducts/solace-spring-cloud/tree/master/solace-spring-cloud-starters/solace-spring-cloud-stream-starter#spring-cloud-stream-binder-for-solace-pubsub)"
"Solace Spring Cloud에서 Spring Cloud Stream 바인더를 사용하려면 어떤 의존성을 추가해야 하나요?","Solace Spring Cloud에서 Spring Cloud Stream 바인더를 사용하려면 'solace-spring-cloud-stream-binder-solace-starter' 의존성을 추가해야 합니다. (출처: https://github.com/SolaceProducts/solace-spring-cloud/tree/master/solace-spring-cloud-starters/solace-spring-cloud-stream-starter#spring-cloud-stream-binder-for-solace-pubsub)"
"Spring Cloud Stream AWS Kinesis Binder의 주요 기능은 무엇인가요?","Spring Cloud Stream AWS Kinesis Binder는 Spring Cloud Stream과 Amazon Kinesis를 통합하여 Kinesis 스트림 및 데이터 소비를 위한 생산 및 소비 기능을 제공합니다. 또한, 오류 처리, 재시도, 백오프 및 역직렬화와 같은 고급 기능을 지원합니다. (출처: <https://github.com/spring-cloud/spring-cloud-stream-binder-aws-kinesis/blob/main/spring-cloud-stream-binder-kinesis-docs/src/main/asciidoc/overview.adoc>)"
"Spring Cloud Stream AWS Kinesis Binder에서 기본적으로 활성화되는 고급 기능은 무엇인가요?","Spring Cloud Stream AWS Kinesis Binder에서는 오류 처리, 재시도, 백오프 및 역직렬화와 같은 고급 기능이 기본적으로 활성화됩니다. 이러한 기능은 개발자가 Kinesis 스트림과의 데이터 생산 및 소비를 쉽게 처리할 수 있도록 도와줍니다. (출처: <https://github.com/spring-cloud/spring-cloud-stream-binder-aws-kinesis/blob/main/spring-cloud-stream-binder-kinesis-docs/src/main/asciidoc/overview.adoc>)"
"Spring Cloud Stream AWS Kinesis Binder를 구성하기 위해 어떤 속성이 제공되나요?","Spring Cloud Stream AWS Kinesis Binder를 구성하기 위해 다양한 속성이 제공됩니다. 예를 들어, Kinesis 클라이언트 구성, 오류 처리 구성, 재시도 및 백오프 구성 등이 있습니다. 속성 목록과 사용 방법은 공식 문서를 참조하시기 바랍니다. (출처: <https://github.com/spring-cloud/spring-cloud-stream-binder-aws-kinesis/blob/main/spring-cloud-stream-binder-kinesis-docs/src/main/asciidoc/overview.adoc>)"
"스프링 클라우드 스트림에서 스키마 레지스트리를 사용하는 목적은 무엇인가요?","스프링 클라우드 스트림에서 스키마 레지스트리를 사용하는 목적은 조직 내에서 메시징 기반 pub/sub 아키텍처를 가지고 있을 때, 여러 프로듀서 및 소비자 마이크로서비스가 서로 통신할 때 필요한 스키마를 등록하고 사용할 수 있도록 지원하는 것입니다. 이를 통해 애플리케이션 간의 통신에서 스키마에 대한 합의를 이룰 수 있으며, 스키마가 새로운 비즈니스 요구사항을 수용하기 위해 진화해야 할 때도 기존 구성 요소들이 계속 작동할 수 있습니다."
"스프링 클라우드 스트림 스키마 레지스트리 클라이언트는 어떤 역할을 하나요?","스프링 클라우드 스트림 스키마 레지스트리 클라이언트는 스키마 레지스트리 서버와 통신하여 메시지 마샬링을 수행할 수 있는 역할을 합니다. 현재 클라이언트는 독립형 스키마 레지스트리 또는 Confluent Schema Registry와 통신할 수 있습니다. 클라이언트 측은 SchemaRegistryClient 인터페이스를 통해 스키마 레지스트리 서버와 상호 작용하며, 이는 스키마를 등록하고 검색하는 기능을 제공합니다."
"스프링 클라우드 스트림에서 Avro 스키마 레지스트리 클라이언트 메시지 컨버터는 어떤 역할을 하나요?","스프링 클라우드 스트림에서 Avro 스키마 레지스트리 클라이언트 메시지 컨버터는 Avro 기반의 스키마 레지스트리 클라이언트를 지원하며, 스키마 관리와 메시지 변환을 위한 컨버터를 제공합니다. 이를 통해 스키마 진화를 용이하게 하고, 메시지를 수신하는 애플리케이션이 자신의 리더 스키마와 조정할 수 있는 라이터 스키마에 쉽게 액세스할 수 있습니다. 컨버터는 메시지의 헤더에서 스키마 참조를 추론하고 검색하여 역직렬화 과정에서 작성자 스키마로 사용합니다."
