"스프링 인증 서버의 사용 사례 중 고급 커스터마이징 시나리오가 필요한 경우 어떤 이점이 있나요?","스프링 인증 서버는 고급 커스터마이징 시나리오가 필요한 경우 구성 및 커스터마이징에 대한 완전한 제어권을 제공합니다. (출처: https://docs.spring.io/spring-authorization-server/reference/1.3/overview.html)"
"스프링 인증 서버는 OAuth 2.1과 OpenID Connect 1.0 사양을 어떻게 구현하고 있나요?","스프링 인증 서버는 Spring Security 위에 구축되어 OAuth 2.1 및 OpenID Connect 1.0 사양 및 기타 관련 사양의 구현을 제공합니다. (출처: https://docs.spring.io/spring-authorization-server/reference/1.3/overview.html)"
"스프링 인증 서버가 지원하는 토큰 형식은 무엇인가요?","스프링 인증 서버는 Self-contained (JWT), Reference (Opaque), JSON Web Token (JWT)와 같은 토큰 형식을 지원합니다. (출처: https://docs.spring.io/spring-authorization-server/reference/1.3/overview.html)"
"스프링 어써션 서버에 도움이 필요한 경우 가장 좋은 방법 중 하나는 무엇인가요?","가장 좋은 방법 중 하나는 Stack Overflow에서 spring-authorization-server 태그를 사용하여 질문을 하는 것입니다. (출처: https://docs.spring.io/spring-authorization-server/reference/1.3/getting-help.html)"
"스프링 어써션 서버 문서를 개선하는 데 어떻게 기여할 수 있나요?","스프링 어써션 서버는 오픈 소스이며, 문서도 오픈 소스입니다. GitHub에서 프로젝트에 참여하고 문서 문제를 보고하거나 개선할 수 있습니다. (출처: https://docs.spring.io/spring-authorization-server/reference/1.3/getting-help.html)"
"스프링 어써션 서버를 처음 사용하는 경우 어떻게 시작할 수 있나요?","스프링 어써션 서버를 처음 사용하는 경우, Spring Security 기본 사항을 학습하고 참조 문서 또는 샘플 중 하나를 시도하는 것이 좋습니다. (출처: https://docs.spring.io/spring-authorization-server/reference/1.3/getting-help.html)"
"Spring Authorization Server를 사용하려면 어떤 Java 버전이 필요한가요?","Java 17 이상이 필요합니다. (출처: https://docs.spring.io/spring-authorization-server/reference/1.3/getting-started.html)"
"Spring Authorization Server를 사용하는 가장 쉬운 방법은 무엇인가요?","Spring Boot 기반의 애플리케이션을 생성하는 것입니다. (출처: https://docs.spring.io/spring-authorization-server/reference/1.3/getting-started.html)"
"Spring Boot 없이 Spring Authorization Server를 사용하려면 어떻게 해야 하나요?","Maven 또는 Gradle을 사용하여 적절한 의존성을 추가하면 됩니다. (출처: https://docs.spring.io/spring-authorization-server/reference/1.3/getting-started.html)"
"OAuth2AuthorizationServerConfiguration은 무엇인가요?","OAuth2AuthorizationServerConfiguration은 OAuth2 인증 서버의 최소한의 기본 구성을 제공하는 @Configuration입니다. Spring Security OAuth2 인증 서버를 구성하는 데 사용됩니다."
"OAuth2AuthorizationServerConfiguration은 어떤 프로토콜 엔드포인트를 등록하나요?","OAuth2AuthorizationServerConfiguration은 OAuth2 인증 엔드포인트, OAuth2 기기 인증 엔드포인트, OAuth2 기기 확인 엔드포인트, OAuth2 토큰 엔드포인트, OAuth2 토큰 정보 엔드포인트, OAuth2 토큰 취소 엔드포인트, OAuth2 인증 서버 메타데이터 엔드포인트, JWK Set 엔드포인트를 등록합니다."
"OAuth2AuthorizationServerConfigurer는 어떤 용도로 사용되나요?","OAuth2AuthorizationServerConfigurer는 OAuth2 인증 서버의 보안 구성을 완전히 사용자 정의할 수 있는 기능을 제공합니다. 핵심 구성 요소를 지정하고 프로토콜 엔드포인트에 대한 요청 처리 로직을 사용자 정의할 수 있습니다."
"등록된 클라이언트란 무엇이며, Spring Security의 OAuth2 클라이언트 지원에서 해당 모델은 무엇인가요?","등록된 클라이언트는 인증 서버에 등록된 클라이언트의 표현입니다. Spring Security의 OAuth2 클라이언트 지원에서 해당 모델은 ClientRegistration입니다."
"RegisteredClientRepository는 어떤 역할을 하며, 제공되는 구현체는 무엇인가요?","RegisteredClientRepository는 새로운 클라이언트를 등록하고 기존 클라이언트를 조회할 수 있는 중앙 구성 요소입니다. 제공되는 구현체는 InMemoryRegisteredClientRepository와 JdbcRegisteredClientRepository입니다."
"OAuth2Authorization은 무엇이며, 해당 속성은 무엇인가요?","OAuth2Authorization은 클라이언트에 대한 OAuth2 권한 부여를 나타내는 것으로, 클라이언트(등록된 클라이언트)와 관련된 상태를 보유합니다. 해당 속성은 ID, 등록된 클라이언트 ID, 권한 부여 유형, 활성화된 범위, 토큰, 속성 등이 있습니다."
"OAuth2AuthorizationEndpointConfigurer의 역할은 무엇인가요?","OAuth2AuthorizationEndpointConfigurer는 OAuth2 Authorization endpoint를 커스터마이징할 수 있는 기능을 제공합니다. 이는 OAuth2 authorization requests의 pre-processing, main processing, post-processing 로직을 커스터마이징할 수 있는 extension points를 정의합니다. 또한, 인증 컨버터, 인증 제공자, 성공 및 실패 핸들러 등을 설정할 수 있습니다. (출처: <https://docs.spring.io/spring-authorization-server/reference/1.3/protocol-endpoints.html>)"
"OAuth2AuthorizationEndpointConfigurer에서 사용되는 주요 구성 옵션은 무엇인가요?","OAuth2AuthorizationEndpointConfigurer에서 사용되는 주요 구성 옵션은 authorizationRequestConverter, authorizationRequestConverters, authenticationProvider, authenticationProviders, authorizationResponseHandler, errorResponseHandler, consentPage 등입니다. (출처: <https://docs.spring.io/spring-authorization-server/reference/1.3/protocol-endpoints.html>)"
"OAuth2DeviceAuthorizationEndpointConfigurer의 역할은 무엇인가요?","OAuth2DeviceAuthorizationEndpointConfigurer는 OAuth2 Device Authorization endpoint를 커스터마이징할 수 있는 기능을 제공합니다. 이는 OAuth2 device authorization requests의 pre-processing, main processing, post-processing 로직을 커스터마이징할 수 있는 extension points를 정의합니다. 또한, 인증 컨버터, 인증 제공자, 성공 및 실패 핸들러 등을 설정할 수 있습니다. (출처: <https://docs.spring.io/spring-authorization-server/reference/1.3/protocol-endpoints.html>)"
"Spring에서 Single Page Application에 PKCE를 사용하여 인증하는 방법은 무엇인가요?","https://docs.spring.io/spring-authorization-server/reference/1.3/how-to.html#how-to-pkce을(를) 참조하세요."
"Spring에서 Social Login을 사용하여 인증하는 방법은 무엇인가요?","https://docs.spring.io/spring-authorization-server/reference/1.3/how-to.html#how-to-social-login을(를) 참조하세요."
"Spring에서 Extension Authorization Grant Type을 구현하는 방법은 무엇인가요?","https://docs.spring.io/spring-authorization-server/reference/1.3/how-to.html#how-to-ext-grant-type을(를) 참조하세요."
"Spring Authorization Server에서 Single Page Application(SPA)을 Proof Key for Code Exchange(PKCE)와 함께 구성하는 방법은 무엇인가요?","Spring Authorization Server를 구성하여 Single Page Application(SPA)을 Proof Key for Code Exchange(PKCE)와 함께 지원하려면, 먼저 CORS를 활성화하고, 공공 클라이언트를 구성한 다음, 클라이언트와 인증해야 합니다. 공공 클라이언트를 구성하려면, 클라이언트 인증 방법을 'none'으로 설정하고, PKCE를 요구해야 합니다. 클라이언트와 인증하려면, 다른 클라이언트와 마찬가지로 동일한 리디렉션 기반 플로우를 사용하는 브라우저 기반 애플리케이션인 SPA를 사용해야 합니다."
"Spring Authorization Server에서 공공 클라이언트를 구성하는 방법은 무엇인가요?","Spring Authorization Server에서 공공 클라이언트를 구성하려면, 'none'으로 클라이언트 인증 방법을 설정하고, PKCE를 요구해야 합니다. YAML 또는 Java 설정 파일에서 클라이언트 설정을 구성하거나, 코드에서 등록된 클라이언트 저장소를 사용자 정의하여 구성할 수 있습니다."
"Single Page Application(SPA)에서 클라이언트와 인증하고 액세스 토큰을 얻는 방법은 무엇인가요?","Single Page Application(SPA)에서 클라이언트와 인증하고 액세스 토큰을 얻으려면, OAuth2 Authorization Endpoint로 리디렉션하여 Authorization Code 플로우를 시작해야 합니다. 클라이언트는 code_verifier를 생성하고 code_challenge를 계산한 다음, 이를 쿼리 매개변수로 전송합니다. 인증 및 동의 후, 인증 서버는 authorization_code를 생성하고, 클라이언트는 이를 사용하여 Token Endpoint로 요청을 보내 액세스 토큰을 얻을 수 있습니다."
"Spring Authorization Server를 소셜 로그인 공급자와 구성하여 인증을 수행하는 방법은 무엇인가요?","Spring Authorization Server를 소셜 로그인 공급자와 구성하려면, 먼저 선택한 소셜 로그인 공급자와 애플리케이션을 설정해야 합니다. 그런 다음, ClientRegistration을 구성하고, 사용자 정보를 매핑하고, 인증을 구성해야 합니다. 자세한 내용은 다음 링크를 참조하세요: https://docs.spring.io/spring-authorization-server/reference/1.3/guides/how-to-social-login.html"
"ClientRegistration을 구성하는 방법은 무엇인가요?","ClientRegistration을 구성하려면, 이전에 얻은 값으로 social_login 공급자와 등록해야 합니다. 제공업체의 문서를 참조하여 다음 값을 확인해야 합니다: Authorization URI, Token URI, JWK Set URI, User Info URI, User Name Attribute. YAML 파일에서 다음과 같이 이러한 속성을 구성할 수 있습니다: application.yml okta: base-url: https://${OKTA_DOMAIN}/oauth2/default 스프링: 보안: oauth2: 클라이언트: 등록: my-client: 제공자: okta 클라이언트-아이디: ${OKTA_CLIENT_ID} 클라이언트-시크릿: ${OKTA_CLIENT_SECRET} 스코프: - openid - 프로필 - 이메일 제공자: okta: 인증-uri: ${okta.base-url}/v1/authorize 토큰-uri: ${okta.base-url}/v1/token 사용자-정보-uri: ${okta.base-url}/v1/userinfo jwk-set-uri: ${okta.base-url}/v1/keys 사용자-이름-속성: sub"
"스프링 Authorization Server에서 extension authorization grant type을 구현하려면 어떻게 해야 하나요?","스프링 Authorization Server에서 extension authorization grant type을 구현하려면 OAuth2 Token endpoint에서 AuthenticationConverter와 AuthenticationProvider를 구현하고 구성해야 합니다. 또한, grant_type 매개변수와 함께 사용할 고유한 절대 URI를 할당해야 합니다."
"스프링 Authorization Server에서 AuthenticationConverter를 구현하려면 어떻게 해야 하나요?","스프링 Authorization Server에서 AuthenticationConverter를 구현하려면 grant_type 매개변수를 확인하고, 코드 매개변수를 추출한 다음, CustomCodeGrantAuthenticationToken의 인스턴스를 반환해야 합니다. 예시 구현은 제공된 문서에 나와 있습니다."
"스프링 Authorization Server에서 AuthenticationProvider를 구현하려면 어떻게 해야 하나요?","스프링 Authorization Server에서 AuthenticationProvider를 구현하려면 인증 그랜트를 유효성 검사하고, 유효하고 승인된 경우 액세스 토큰을 발급해야 합니다. 예시 구현은 제공된 문서에 나와 있습니다."
"Spring Authorization Server에서 멀티 테넌시를 구현하기 위해 여러 개의 발급자를 지원하는 방법은 무엇인가요?","Spring Authorization Server에서 멀티 테넌시를 구현하기 위해 여러 개의 발급자를 지원하는 방법은 여러 개의 발급자당 호스트를 지원하는 것입니다. 이를 구현하기 위해 먼저 커스텀 TenantPerIssuerComponentRegistry를 정의하고, 등록 프로세스를 사용하여 각 테넌트에 대한 구체적인 구성 요소를 등록해야 합니다. 그런 다음 등록 클라이언트 저장소, OAuth2AuthorizationService, OAuth2AuthorizationConsentService, JWKSource<SecurityContext>와 같은 구성 요소를 멀티 테넌트 가능하게 만들어야 합니다. 마지막으로, 런타임에 동적으로 테넌트를 추가할 수 있습니다."
"Spring Authorization Server에서 여러 개의 발급자당 호스트를 지원하는 방법을 활성화하는 방법은 무엇인가요?","Spring Authorization Server에서 여러 개의 발급자당 호스트를 지원하는 방법을 활성화하려면 AuthorizationServerSettingsConfig 클래스에 다음 구성을 추가해야 합니다: `.multipleIssuersAllowed(true)`. 이렇게 하면 여러 개의 발급자당 호스트를 사용할 수 있습니다."
"Spring Authorization Server에서 테넌트 식별자를 정의하는 방법은 무엇인가요?","Spring Authorization Server에서 테넌트 식별자를 정의하려면 OpenID Connect 1.0 Provider Configuration Endpoint 및 OAuth2 Authorization Server Metadata Endpoint를 사용하여 발급자 식별자 값에 경로 구성 요소를 허용해야 합니다. 이렇게 하면 여러 개의 발급자당 호스트를 지원하는 것이 가능해집니다. 예를 들어, 발급자 식별자가 `http://localhost:9000/issuer1`인 경우, 발급자 식별자에 경로가 있는 경우 '테넌트 식별자'를 나타냅니다. 테넌트 식별자는 프로토콜 엔드포인트의 기본 URL입니다."
"Spring Authorization Server에서 OpenID Connect 1.0 UserInfo 엔드포인트를 사용자 정의하는 방법은 무엇인가요?","Spring Authorization Server에서 OpenID Connect 1.0 UserInfo 엔드포인트를 사용자 정의하려면, 먼저 엔드포인트를 활성화하고, UserInfo 응답을 사용자 정의하고, ID 토큰을 사용자 정의하거나 User Info 매퍼를 사용자 정의해야 합니다. 이러한 단계를 수행하기 위해 제공된 예제 구성 및 사용자 정의 가능한 옵션을 사용할 수 있습니다. (출처: <https://docs.spring.io/spring-authorization-server/reference/1.3/guides/how-to-userinfo.html>)"
"Spring Authorization Server에서 UserInfo 엔드포인트를 활성화하는 방법은 무엇인가요?","Spring Authorization Server에서 UserInfo 엔드포인트를 활성화하려면, OAuth2 resource server 구성을 활성화하고, UserInfo 요청에 Bearer 토큰으로 액세스 토큰을 보내야 합니다. 이를 위해 예제 구성을 사용할 수 있습니다. (출처: <https://docs.spring.io/spring-authorization-server/reference/1.3/guides/how-to-userinfo.html>)"
"Spring Authorization Server에서 UserInfo 응답을 사용자 정의하는 방법은 무엇인가요?","Spring Authorization Server에서 UserInfo 응답을 사용자 정의하려면, ID 토큰을 사용자 정의하거나 User Info 매퍼를 사용자 정의할 수 있습니다. ID 토큰을 사용자 정의하면 표준 클레임을 사용자 정의하고, User Info 매퍼를 사용자 정의하면 응답을 생성하는 데 사용되는 객체를 생성할 수 있습니다. 이러한 단계를 수행하기 위해 제공된 예제 사용자 정의 구성 및 사용자 정의 가능한 옵션을 사용할 수 있습니다. (출처: <https://docs.spring.io/spring-authorization-server/reference/1.3/guides/how-to-userinfo.html>)"
"JPA를 사용하여 Spring Authorization Server에서 핵심 서비스를 구현하는 방법은 무엇인가요?","JPA를 사용하여 Spring Authorization Server에서 핵심 서비스를 구현하려면, 먼저 데이터 모델을 정의하고, 이를 기반으로 JPA 엔티티를 생성하고, JPA 리포지토리를 생성한 후, 핵심 서비스를 구현하면 됩니다. 이때, JPA 엔티티는 Spring Data JPA를 사용하여 동적으로 스키마를 생성할 수 있으며, 리포지토리는 각 핵심 서비스의 인터페이스를 참고하여 필요한 쿼리를 정의합니다. 이후, 엔티티와 리포지토리를 사용하여 핵심 서비스를 구현할 수 있습니다."
"Spring Authorization Server 문서에서 JPA를 사용하여 핵심 서비스를 구현하는 방법을 설명하는 가이드의 URL은 무엇인가요?","Spring Authorization Server 문서에서 JPA를 사용하여 핵심 서비스를 구현하는 방법을 설명하는 가이드는 https://docs.spring.io/spring-authorization-server/reference/1.3/guides/how-to-jpa.html에서 확인할 수 있습니다."
"Spring Authorization Server에서 JPA를 사용하여 구현할 수 있는 핵심 서비스의 종류는 무엇인가요?","Spring Authorization Server에서 JPA를 사용하여 구현할 수 있는 핵심 서비스에는 등록된 클라이언트 리포지토리, OAuth2 인증 서비스, OAuth2 인증 동의 서비스가 있습니다. 이 외에도 구현 방법에 따라 다른 핵심 서비스를 JPA를 사용하여 구현할 수 있습니다."
"스프링 어소리티 서버에서 OpenID Connect Dynamic Client Registration을 구성하는 방법은 무엇인가요?","스프링 어소리티 서버에서 OpenID Connect Dynamic Client Registration을 구성하려면, 먼저 OpenID Connect Dynamic Client Registration 기능을 활성화하고, client registrar를 구성해야 합니다. 그리고 초기 액세스 토큰을 획득하고, 클라이언트를 등록할 수 있습니다. 이를 위해 샘플 구현을 참고하여 커스텀 client metadata converter를 구현하고, 기존 클라이언트를 구성하여 새로운 클라이언트를 등록할 수 있습니다. (출처: https://docs.spring.io/spring-authorization-server/reference/1.3/guides/how-to-dynamic-client-registration.html)"
"Dynamic Client Registration을 활성화하려면 어떤 구성을 추가해야 하나요?","Dynamic Client Registration을 활성화하려면, 다음 구성을 Spring Bean으로 추가해야 합니다. import org.springframework.context.annotation.Bean; import org.springframework.context.annotation.Configuration; import org.springframework.security.config.Customizer; import org.springframework.security.config.annotation.web.builders.HttpSecurity; import org.springframework.security.config.annotation.web.configuration.EnableWebSecurity; import org.springframework.security.oauth2.server.authorization.config.annotation.web.configuration.OAuth2AuthorizationServerConfiguration; import org.springframework.security.oauth2.server.authorization.config.annotation.web.configurers.OAuth2AuthorizationServerConfigurer; import org.springframework.security.web.SecurityFilterChain; import static sample.registration.CustomClientMetadataConfig.configureCustomClientMetadataConverters; @Configuration @EnableWebSecurity public class SecurityConfig { @Bean public SecurityFilterChain authorizationServerSecurityFilterChain(HttpSecurity http) throws Exception { OAuth2AuthorizationServerConfiguration.applyDefaultSecurity(http); http.getConfigurer(OAuth2AuthorizationServerConfigurer.class) .oidc(oidc -> oidc.clientRegistrationEndpoint(clientRegistrationEndpoint -> { clientRegistrationEndpoint .authenticationProviders(configureCustomClientMetadataConverters()); })); http.oauth2ResourceServer(oauth2ResourceServer -> oauth2ResourceServer.jwt(Customizer.withDefaults())); return http.build(); } }"
"클라이언트 등록 요청 및 검색에 사용될 커스텀 client metadata 매개 변수를 구성하려면 어떻게 해야 하나요?","커스텀 client metadata 매개 변수를 구성하려면, DefaultAuthenticationProvider를 커스터마이징하여 커스텀 client metadata 매개 변수를 지원하는 Converter를 구성해야 합니다. 이를 위해 CustomClientMetadataConfig 클래스를 구현하고, configureCustomClientMetadataConverters() 메서드를 사용하여 OidcClientRegistrationAuthenticationProvider 및 OidcClientConfigurationAuthenticationProvider를 커스터마이징합니다. 커스텀 Converter를 사용하여 CustomRegisteredClientConverter 및 CustomClientRegistrationConverter 클래스에서 커스텀 client metadata 매개 변수를 처리할 수 있습니다. (출처: https://docs.spring.io/spring-authorization-server/reference/1.3/guides/how-to-dynamic-client-registration.html)"
