"Spring Vault는 무엇이며, 그 소개를 어디에서 확인할 수 있나요?","Spring Vault는 비밀 관리를 위한 도구입니다. 소개는 다음 링크에서 확인할 수 있습니다: https://docs.spring.io/spring-vault/reference/html/introduction.html"
"Spring Vault에서 지원하는 인증 방법은 무엇인가요?","Spring Vault는 기본 인증, 클라이언트 TLS 인증, 토큰 인자 인증 등의 인증 방법을 지원합니다. 자세한 내용은 다음 링크에서 확인할 수 있습니다: https://docs.spring.io/spring-vault/reference/html/vault.html#vault-authentication"
"Spring Vault에서 비밀 백엔드를 프로퍼티 소스로 마운트하는 방법은 무엇인가요?","Spring Vault에서 비밀 백엔드를 프로퍼티 소스로 마운트하려면, VaultPropertySource 클래스를 사용하면 됩니다. 자세한 내용은 다음 링크에서 확인할 수 있습니다: https://docs.spring.io/spring-vault/reference/html/vault.html#vault-propertysource"
"스프링 볼트에서 @Configuration 클래스를 사용하여 스프링 구성을 지원하는 기능은 무엇인가요?","Vault 지원은 Java 기반 @Configuration 클래스를 사용하여 스프링 구성을 포함한 다양한 기능을 제공합니다. (출처: <https://docs.spring.io/spring-vault/reference/introduction/introduction.html>)"
"스프링 볼트에서 일반적인 볼트 작업을 수행하는 데 사용되는 도우미 클래스는 무엇인가요?","VaultTemplate은 일반적인 볼트 작업을 수행하는 데 사용되는 도우미 클래스이며, 생산성을 높입니다. (출처: <https://docs.spring.io/spring-vault/reference/introduction/introduction.html>)"
"스프링 볼트에서 볼트 비밀 백엔드를 속성 소스로 마운트하는 방법은 무엇인가요?","@VaultPropertySource는 볼트 비밀 백엔드를 속성 소스로 마운트하는 기능을 지원합니다. (출처: <https://docs.spring.io/spring-vault/reference/introduction/introduction.html>)"
"Spring Vault 지원을 위해 필요한 Vault 버전은 무엇인가요?","Vault 0.6 이상 (출처: <https://docs.spring.io/spring-vault/reference/introduction/getting-started.html>)"
"Spring Vault를 사용하기 위해 필요한 최소 Java 버전은 무엇인가요?","Java SE 6 이상 (출처: <https://docs.spring.io/spring-vault/reference/introduction/getting-started.html>)"
"Spring Vault를 사용하여 Spring 프로젝트를 설정하는 방법은 무엇인가요?","STS에서 Spring 기반 프로젝트를 생성하고, Vault 엔드포인트와 TokenAuthentication을 사용하여 VaultTemplate을 인스턴스화합니다. (출처: <https://docs.spring.io/spring-vault/reference/introduction/getting-started.html>)"
"Spring Vault를 프로젝트에 사용하려면 어떻게 해야 하나요?","spring-vault-core 아티팩트에 대한 종속성을 선언하세요. 예시: <dependencies> <dependency> <groupId>org.springframework.vault</groupId> <artifactId>spring-vault-core</artifactId> <version>3.1.2</version> </dependency> </dependencies>. Spring Vault 종속성의 호환되는 버전을 찾는 가장 쉬운 방법은 spring-vault-parent(https://github.com/spring-projects/spring-vault/blob/main/pom.xml)의 properties 섹션을 검사하는 것입니다. 일반적으로 Jackson, HTTP 클라이언트 및 Cloud 공급자 SDK의 최신 종속성으로 업그레이드하는 것이 좋습니다. (출처: <https://docs.spring.io/spring-vault/reference/introduction/dependencies.html>)"
"Spring Vault를 사용하려면 어떤 버전의 Spring Framework가 필요한가요?","현재 Spring Vault 버전은 Spring Framework 6.1.12 이상을 필요로 합니다. 모듈은 해당 마이너 버전의 이전 버그 수정 버전과도 작동할 수 있습니다. 그러나 해당 세대 내에서 가장 최근 버전을 사용하는 것이 좋습니다. (출처: <https://docs.spring.io/spring-vault/reference/introduction/dependencies.html>)"
"Spring Vault 종속성을 최신 버전으로 업그레이드하는 것이 권장되는 이유는 무엇인가요?","일반적으로 Jackson, HTTP 클라이언트 및 Cloud 공급자 SDK의 최신 종속성으로 업그레이드하는 것이 권장됩니다. 이는 최신 버전의 안정성 향상, 보안 패치 및 기능을 활용하기 위함입니다. (출처: <https://docs.spring.io/spring-vault/reference/introduction/dependencies.html>)"
"Spring Vault 2.3에서 keystore 및 truststore 사용에 어떤 인증서 형식이 지원되나요?","Spring Vault 2.3에서는 keystore 및 truststore 사용에 PEM 인코딩된 인증서가 지원됩니다. (출처: https://docs.spring.io/spring-vault/reference/introduction/new-features.html)"
"Spring Vault 2.2에서 어떤 비밀 엔진에 대한 지원이 추가되었나요?","Spring Vault 2.2에서는 Key-Value v2 (버전 관리되는 비밀 엔진) 비밀에 대한 지원이 @VaultPropertySource를 통해 추가되었습니다. (출처: https://docs.spring.io/spring-vault/reference/introduction/new-features.html)"
"Spring Vault 2.1에서 어떤 인증 유형이 지원되나요?","Spring Vault 2.1에서는 GCP Compute, GCP IAM, Azure 인증이 지원됩니다. (출처: https://docs.spring.io/spring-vault/reference/introduction/new-features.html)"
"Spring Vault에서 VaultTemplate은 어떻게 사용되나요?","VaultTemplate은 Spring Vault에서 Vault의 비밀을 가져오는 데 사용됩니다. 이는 Vault의 비밀 엔진을 지원하며, reactive 인프라를 사용합니다. VaultTemplate을 사용하는 방법에 대한 자세한 내용은 https://docs.spring.io/spring-vault/reference/htmlsingle/#_imperative_template에서 확인할 수 있습니다."
"Spring Vault에서 Vault의 비밀 엔진을 지원하기 위해 어떤 기능을 제공하나요?","Spring Vault는 Replicated, Generic, AWS KMS, Azure Key Vault, Cloud HSM, Consul, Nomad ACL, Transit 등의 비밀 엔진을 지원합니다. 지원되는 비밀 엔진에 대한 자세한 내용은 https://docs.spring.io/spring-vault/reference/htmlsingle/#_supporting_vault의_secret_engines에서 확인할 수 있습니다."
"Spring Vault에서 Property Source와 Vault Repositories의 차이점은 무엇인가요?","Property Source는 Spring 애플리케이션에서 속성을 로드하는 데 사용되는 위치입니다. Vault Repositories는 Vault에서 속성을 가져오는 데 사용됩니다. Spring Vault는 VaultPropertySource와 VaultRepository를 제공하여 Vault에서 속성을 로드할 수 있습니다. 두 기능의 차이점에 대한 자세한 내용은 https://docs.spring.io/spring-vault/reference/htmlsingle/#_property_sources와 https://docs.spring.io/spring-vault/reference/htmlsingle/#_vault_repositories에서 확인할 수 있습니다."
"Spring의 Vault 지원에서 VaultTemplate의 역할은 무엇인가요?","VaultTemplate은 Spring의 Vault 지원에서 중요한 클래스로, Vault와 상호 작용하기 위한 풍부한 기능을 제공합니다. 이 클래스는 Vault에서 데이터를 읽고 쓰고 삭제하는 편의 메서드를 제공하며, 도메인 객체와 Vault 데이터 간의 매핑을 제공합니다. VaultTemplate은 스레드 안전하며, 여러 인스턴스에서 재사용할 수 있습니다."
"VaultTemplate과 VaultOperations 간의 관계는 무엇인가요?","VaultTemplate 클래스는 VaultOperations 인터페이스를 구현합니다. VaultTemplate 인스턴스의 메서드를 참조하는 권장 방법은 VaultOperations 인터페이스를 통해 이루어집니다. VaultOperations의 메서드는 API와 CLI에 익숙한 기존 Vault 개발자에게 익숙한 API를 만들기 위해 Vault API에서 사용 가능한 메서드와 동일한 이름으로 지정되었습니다."
"Spring의 EntityVaultConfiguration은 무엇인가요?","Spring Vault는 Spring의 Entity와 기존 속성 소스의 속성을 사용하여 Vault 클라이언트를 구성할 수 있는 EntityVaultConfiguration을 제공합니다. EntityVaultConfiguration은 자주 적용되는 구성을 지원하며, 사용자는 가장 적합한 구성 클래스에서 파생하여 다른 구성을 지원할 수 있습니다. EntityVaultConfiguration은 @Import(EntityVaultConfiguration.class)를 사용하여 기존 Java 기반 구성 클래스에 포함되며, 구성 속성은 Spring의 PropertySource를 통해 공급됩니다."
"Spring Vault에서 어떤 Vault의 비밀 엔진을 지원하나요?","Spring Vault는 Key-Value Version 1 (unversioned secrets), Key-Value Version 2 (versioned secrets), PKI (Public Key Infrastructure), Token Authentication Backend, Transit Backend, System Backend를 지원합니다."
"Spring Vault에서 Key-Value Version 1 (unversioned secrets)를 사용하는 방법은 무엇인가요?","Spring Vault는 Key-Value Version 1을 위해 VaultKeyValueOperations API를 제공하며, Vault CLI 디자인을 따릅니다. VaultOperations.opsForKeyValue() 메서드를 사용하여 KeyValueBackend.KV_1 버전을 지정하면 됩니다. 또한, VaultTemplate을 통해 직접 API를 사용할 수도 있습니다."
"Spring Vault에서 Key-Value Version 2 (versioned secrets)를 사용하는 방법은 무엇인가요?","Spring Vault는 Key-Value Version 2를 위해 VaultKeyValueOperations API를 제공하며, Vault CLI 디자인을 따릅니다. VaultOperations.opsForKeyValue() 메서드를 사용하여 KeyValueBackend.KV_2 버전을 지정하면 됩니다. 또한, 버전 관리된 Key-Value API의 특정 기능과 상호 작용할 수도 있습니다."
"리액티브 프로그래밍이란 무엇이며, 어떻게 동작하나요?","리액티브 프로그래밍은 비동기적이고 이벤트 주도적인, 블로킹되지 않는 애플리케이션에 관한 것으로, 클러스터링을 통한 수평 확장보다는 JVM 내에서 수직 확장을 위해 적은 수의 스레드를 필요로 합니다. 리액티브 애플리케이션의 핵심 측면은 백프레스처(backpressure)라는 개념입니다. 이는 생산자가 소비자를 압도하지 않도록 하는 메커니즘입니다. 예를 들어, 데이터베이스에서 HTTP 응답까지 이어지는 리액티브 컴포넌트의 파이프라인에서 HTTP 연결이 너무 느릴 때, 데이터 저장소는 네트워크 용량이 해제될 때까지 완전히 또는 완전히 속도를 늦출 수 있습니다."
"Spring Vault의 리액티브 클라이언트란 무엇이며, 어떻게 사용되나요?","Spring Vault의 리액티브 클라이언트 지원은 VaultTokenSupplier와 Spring의 기능적인 WebClient를 통해 구축되었으며, 완전히 비동기적이고 이벤트 주도적인 HTTP 클라이언트를 특징으로 합니다. 이는 HTTP 요청을 인증하기 위한 VaultToken의 공급자로 VaultTokenSupplier를 노출하고, 주요 진입점으로 ReactiveVaultOperations를 제공합니다. VaultEndpoint, ClientOptions 및 SSL의 핵심 구성은 다양한 클라이언트 구현에서 재사용됩니다. ReactiveVaultTemplate 클래스는 Spring의 리액티브 Vault 지원의 중심 클래스로, Vault와 상호 작용하기 위한 풍부한 기능 세트를 제공합니다."
"ReactiveVaultTemplate을 사용하면 어떤 이점이 있으며, 어떻게 사용되나요?","ReactiveVaultTemplate을 사용하면 Spring의 리액티브 Vault 지원에서 중앙 클래스로, Vault와 상호 작용하기 위한 풍부한 기능 세트를 제공합니다. 템플릿은 Vault에서 데이터를 읽고, 쓰고, 삭제하는 편리한 작업을 제공하며, 도메인 객체와 Vault 데이터 간의 매핑을 제공합니다. 구성되면 ReactiveVaultTemplate은 스레드 안전하며, 여러 인스턴스에서 재사용할 수 있습니다. Vault 문서와 도메인 클래스 간의 매핑은 WebClient 및 해당 코덱에 위임하여 수행됩니다. ReactiveVaultTemplate 클래스는 ReactiveVaultOperations 인터페이스를 구현합니다."
"VaultRepositories는 무엇을 하는 것인가요?","Vault repositories는 Spring Data의 repository 개념을 Vault 위에 적용합니다. 이를 통해 기본적인 CRUD 기능을 제공하고, 식별자 속성을 제약하는 predicates를 사용한 쿼리 유도, 페이지네이션, 정렬 등을 지원합니다. Vault repositories는 데이터를 지속하고 쿼리하기 위해 key/value secrets engine 기능을 사용합니다."
"Vault repositories에서 비밀을 삭제하는 방법은 무엇인가요?","Vault repositories에서 비밀을 삭제하는 방법은 CrudRepository.delete(...)를 통해 파괴하는 것이 아니라, DELETE 작업을 사용합니다."
"Vault repositories에서 객체 매핑에 사용되는 기본 매핑 규칙은 무엇인가요?","Vault repositories에서 객체 매핑에 사용되는 기본 매핑 규칙은 JSON과 entity 간의 매핑을 위해 VaultConverter를 사용합니다. Converter는 SecretDocument를 읽고 쓰는데, 이는 VaultResponse의 body를 포함합니다. VaultResponse는 Vault에서 읽혀지고, body는 Jackson에 의해 String과 Object의 Map으로 역직렬화됩니다. 기본 VaultConverter 구현은 중첩된 값, List 및 Map 객체를 가진 Map을 읽고 이를 entity로 변환합니다."
"Spring Vault에서 Vault의 HTTP API에 접근하기 위해 주로 사용되는 인터페이스는 무엇인가요?","Spring Vault는 Vault의 HTTP API에 접근하기 위해 RestTemplate(https://docs.spring.io/spring-framework/reference/6.1integration.html#rest-resttemplate)을 주로 사용합니다. (출처: https://docs.spring.io/spring-vault/reference/htmlsingle/#vault.client-support)"
"Spring Vault에서 전용 클라이언트 지원은 어떻게 구현되나요?","Spring Vault의 전용 클라이언트 지원은 Spring Vault의 클라이언트 컴포넌트에만 적용되는 사용자 지정 SSL 구성(#vault.client-ssl)에서 파생됩니다. (출처: https://docs.spring.io/spring-vault/reference/htmlsingle/#vault.client-support)"
"Java의 내장 HttpURLConnection은 어떤 제한이 있나요?","Java의 내장 HttpURLConnection은 SSL 구성에 대한 제한이 있습니다. Spring Vault는 사용자 지정 SSL 구성(#vault.client-ssl)을 적용하지 않습니다. 이는 JVM의 깊은 재구성을 필요로 하기 때문입니다. (출처: https://docs.spring.io/spring-vault/reference/htmlsingle/#vault.client-support)"
"Spring Vault에서 클라이언트 인증에 사용되는 다양한 인증 메커니즘은 무엇인가요?","Spring Vault는 토큰 인증, AppRole 인증, AppID 인증, AWS-EC2 인증, AWS-IAM 인증, Azure (MSI) 인증, GCP-GCE 인증, GCP-IAM 인증, PCF 인증, TLS 인증서 인증, Cubbyhole 인증, JWT 인증 등 다양한 클라이언트 인증 메커니즘을 지원합니다. (출처: https://docs.spring.io/spring-vault/reference/vault/authentication.html)"
"Spring Vault에서 로그인 자격 증명을 외부화하는 방법은 무엇인가요?","Spring Vault에서 로그인 자격 증명을 외부화하는 것은 안전한 소개 과정으로, vault.token을 properties 파일에 저장하거나 시스템 속성, 환경 변수 또는 properties 파일을 사용하여 자격 증명을 외부화할 수 있습니다. (출처: https://docs.spring.io/spring-vault/reference/vault/authentication.html)"
"Spring의 PropertySource 추상화가 자격 증명 외부화에 어떻게 적합한가요?","Spring의 PropertySource 추상화는 Spring 구성 파일을 통해 자격 증명을 외부화하는 데 적합하며, 시스템 속성, 환경 변수 또는 properties 파일을 사용하여 자격 증명을 저장하고 코드 유지 관리성을 높일 수 있습니다. (출처: https://docs.spring.io/spring-vault/reference/vault/authentication.html)"
"Spring Vault와 Spring Security의 통합에서 BytesKeyGenerator와 BytesEncryptor의 구현체는 무엇인가요?","Vault의 transit backend를 사용합니다. (출처: https://docs.spring.io/spring-vault/reference/htmlsingle/#_spring_security)"
"Vault의 integration은 애플리케이션 개발자와 운영자에게 어떤 부담을 줄여주나요?","적절한 암호화/복호화의 부담을 완화하고 Vault의 운영자에게 부담을 이전합니다. (출처: https://docs.spring.io/spring-vault/reference/htmlsingle/#_spring_security)"
"Vault의 transit backend는 어떤 키 관리를 지원하나요?","서버 측 키 관리를 위한 키 회전을 지원합니다. (출처: https://docs.spring.io/spring-vault/reference/htmlsingle/#_spring_security)"
